documento_id,titulo,campo,valor_original,candidatos,requiere_revision,decision,observacion,estado
https://hdl.handle.net/11362/3955,"Efectos del cambio climático en la costa de América Latina y el Caribe: dinámicas, tendencias y variabilidad climática",autoria,"Instituto de Hidráulica Ambiental de la Universidad de Cantabria (dirección: Iñigo Losada Rodríguez; coordinación: Fernando J. Méndez Incera; equipo de investigación encabezado por Borja González Reguero), en colaboración con la División de Desarrollo Sostenible y Asentamientos Humanos de la CEPAL (Carlos de Miguel, José Javier Gómez, Karina Martínez y Mauricio Pereira)",Instituto de Hidráulica Ambiental de la Universidad de Cantabria (dirección: Iñigo Losada Rodríguez | coordinación: Fernando J. Méndez Incera | equipo de investigación encabezado por Borja González Reguero) | en colaboración con la División de Desarrollo Sostenible | Asentamientos Humanos de la CEPAL (Carlos de Miguel | José Javier Gómez | Karina Martínez | Mauricio Pereira),True,,,pendiente
https://hdl.handle.net/11362/3955,"Efectos del cambio climático en la costa de América Latina y el Caribe: dinámicas, tendencias y variabilidad climática",tipo_documento,"Documento de proyecto o estudio técnico (informe técnico regional, primero de una serie de cuatro del proyecto C3A)",estudio_tecnico:Estudio técnico,False,,,pendiente
https://hdl.handle.net/11362/3955,"Efectos del cambio climático en la costa de América Latina y el Caribe: dinámicas, tendencias y variabilidad climática",ambito_aplicacion,"Costa de América Latina y el Caribe en su conjunto, de aproximadamente 72.182 km, subdividida en cuatro zonas geográficas: Norteamérica (México), Centroamérica, Sudamérica e Islas del Caribe (p.28), con resultados calculados en 1.132 puntos costeros en profundidades indefinidas y comparaciones puntuales en localizaciones específicas de casi todos los países ribereños (p.60, cuadro 1.10)",regional:Regional | subregional:Subregional,True,,,pendiente
https://hdl.handle.net/11362/3955,"Efectos del cambio climático en la costa de América Latina y el Caribe: dinámicas, tendencias y variabilidad climática",paises,"Costa de América Latina y el Caribe en su conjunto, de aproximadamente 72.182 km, subdividida en cuatro zonas geográficas: Norteamérica (México), Centroamérica, Sudamérica e Islas del Caribe (p.28), con resultados calculados en 1.132 puntos costeros en profundidades indefinidas y comparaciones puntuales en localizaciones específicas de casi todos los países ribereños (p.60, cuadro 1.10)",mexico:México,False,,,pendiente
https://hdl.handle.net/11362/3955,"Efectos del cambio climático en la costa de América Latina y el Caribe: dinámicas, tendencias y variabilidad climática",subregiones,"Costa de América Latina y el Caribe en su conjunto, de aproximadamente 72.182 km, subdividida en cuatro zonas geográficas: Norteamérica (México), Centroamérica, Sudamérica e Islas del Caribe (p.28), con resultados calculados en 1.132 puntos costeros en profundidades indefinidas y comparaciones puntuales en localizaciones específicas de casi todos los países ribereños (p.60, cuadro 1.10)",alc:América Latina y el Caribe | centroamerica:Centroamérica | caribe:Caribe,False,,,pendiente
https://hdl.handle.net/11362/3955,"Efectos del cambio climático en la costa de América Latina y el Caribe: dinámicas, tendencias y variabilidad climática",sectores,"Dinámica oceanográfica y costera (nivel del mar, oleaje, mareas, temperatura, salinidad, viento, huracanes) como insumo físico para la ingeniería de costas y puertos, la planificación de infraestructura portuaria y turística, y la gestión integral del riesgo climático costero (p.26-27); no aborda directamente sectores productivos, energéticos ni sociales",transporte:Transporte | ecosistemas:Ecosistemas y biodiversidad,False,,,pendiente
https://hdl.handle.net/11362/3955,"Efectos del cambio climático en la costa de América Latina y el Caribe: dinámicas, tendencias y variabilidad climática",organizaciones,"España, a través de la Oficina Española de Cambio Climático (Ministerio de Medio Ambiente y Medio Rural y Marino) y el Ministerio de Asuntos Exteriores y de Cooperación, como financiador y origen de la metodología UC/OECC de evaluación de impactos costeros que se aplica en el estudio (p.27); Estados Unidos, como origen de las bases de datos de reanálisis atmosférico NCEP/NCAR, la base de datos de huracanes HURDAT y la red de boyas NDBC de la NOAA (p.40, p.223); el IPCC (informes TAR y AR4) como fuente de los escenarios de emisión y proyecciones de nivel del mar contrastados en el documento (p.43-45)",ipcc:IPCC,False,,,pendiente
https://hdl.handle.net/11362/39840,Ocho tesis sobre el cambio climático y el desarrollo sostenible en América Latina,autoria,"Luis Miguel Galindo, Joseluis Samaniego, José Eduardo Alatorre, Jimy Ferrer Carbonell, Orlando Reyes, Luis Sánchez",Luis Miguel Galindo | Joseluis Samaniego | José Eduardo Alatorre | Jimy Ferrer Carbonell | Orlando Reyes | Luis Sánchez,False,,,pendiente
https://hdl.handle.net/11362/39840,Ocho tesis sobre el cambio climático y el desarrollo sostenible en América Latina,tipo_documento,Documento de Proyecto,estudio_tecnico:Estudio técnico,False,,,pendiente
https://hdl.handle.net/11362/39840,Ocho tesis sobre el cambio climático y el desarrollo sostenible en América Latina,ambito_aplicacion,"América Latina y el Caribe en conjunto, con desagregación por país en cuadros y gráficos: encuestas de gasto de los hogares de Argentina, Brasil, Chile, Colombia, Costa Rica, El Salvador, México, Nicaragua y Uruguay (Gráficos 8-12), y datos de emisiones/tasa de motorización de Argentina, Bolivia, Brasil, Chile, Colombia, Cuba, Ecuador, El Salvador, Guatemala, Haití, Honduras, Jamaica, México, Nicaragua, Panamá, Paraguay, Perú, República Dominicana, Trinidad y Tobago, Uruguay y Venezuela.",regional:Regional | subregional:Subregional | nacional:Nacional,True,,,pendiente
https://hdl.handle.net/11362/39840,Ocho tesis sobre el cambio climático y el desarrollo sostenible en América Latina,paises,"América Latina y el Caribe en conjunto, con desagregación por país en cuadros y gráficos: encuestas de gasto de los hogares de Argentina, Brasil, Chile, Colombia, Costa Rica, El Salvador, México, Nicaragua y Uruguay (Gráficos 8-12), y datos de emisiones/tasa de motorización de Argentina, Bolivia, Brasil, Chile, Colombia, Cuba, Ecuador, El Salvador, Guatemala, Haití, Honduras, Jamaica, México, Nicaragua, Panamá, Paraguay, Perú, República Dominicana, Trinidad y Tobago, Uruguay y Venezuela.",argentina:Argentina | bolivia:Bolivia (Estado Plurinacional de) | brasil:Brasil | chile:Chile | colombia:Colombia | costa_rica:Costa Rica | cuba:Cuba | ecuador:Ecuador | el_salvador:El Salvador | guatemala:Guatemala | haiti:Haití | honduras:Honduras | jamaica:Jamaica | mexico:México | nicaragua:Nicaragua | panama:Panamá | paraguay:Paraguay | peru:Perú | republica_dominicana:República Dominicana | uruguay:Uruguay | venezuela:Venezuela (República Bolivariana de),False,,,pendiente
https://hdl.handle.net/11362/39840,Ocho tesis sobre el cambio climático y el desarrollo sostenible en América Latina,subregiones,"América Latina y el Caribe en conjunto, con desagregación por país en cuadros y gráficos: encuestas de gasto de los hogares de Argentina, Brasil, Chile, Colombia, Costa Rica, El Salvador, México, Nicaragua y Uruguay (Gráficos 8-12), y datos de emisiones/tasa de motorización de Argentina, Bolivia, Brasil, Chile, Colombia, Cuba, Ecuador, El Salvador, Guatemala, Haití, Honduras, Jamaica, México, Nicaragua, Panamá, Paraguay, Perú, República Dominicana, Trinidad y Tobago, Uruguay y Venezuela.",alc:América Latina y el Caribe | caribe:Caribe,False,,,pendiente
https://hdl.handle.net/11362/39840,Ocho tesis sobre el cambio climático y el desarrollo sostenible en América Latina,sectores,"Clima físico (proyecciones IPCC-CMIP5), energía y transporte (consumo y elasticidad de la demanda de gasolina), consumo de los hogares por quintil de ingreso, sector agropecuario, salud (contaminación atmosférica urbana) y macroeconomía/pobreza (elasticidades crecimiento-pobreza-desigualdad).",agricultura:Agricultura | energia:Energía | transporte:Transporte | salud:Salud | proteccion_social:Protección social,False,,,pendiente
https://hdl.handle.net/11362/39840,Ocho tesis sobre el cambio climático y el desarrollo sostenible en América Latina,organizaciones,"Países de la OCDE (excluyendo Chile y México) como referente de comparación de elasticidades de la demanda de gasolina (Cuadro 3, p.26); Estados Unidos, Australia, España, Italia, Noruega, Países Bajos, Dinamarca y República de Corea como referentes de tasa de motorización de países desarrollados (Gráfico 15, p.25).",ipcc:IPCC | ocde:OCDE,False,,,pendiente
https://hdl.handle.net/11362/42230,The rise of green bonds: Financing for development in Latin America and the Caribbean,autoria,"Helvia Velloso (ECLAC Washington Office), bajo la supervisión de Inés Bustillo; con la colaboración de Thomas Játiva en la investigación",Helvia Velloso (ECLAC Washington Office) | bajo la supervisión de Inés Bustillo | con la colaboración de Thomas Játiva en la investigación,True,,,pendiente
https://hdl.handle.net/11362/42230,The rise of green bonds: Financing for development in Latin America and the Caribbean,tipo_documento,"Estudio técnico / informe de análisis de mercado (serie LC/WAS/TS, ECLAC Washington Office)",estudio_tecnico:Estudio técnico,False,,,pendiente
https://hdl.handle.net/11362/42230,The rise of green bonds: Financing for development in Latin America and the Caribbean,ambito_aplicacion,"América Latina y el Caribe en conjunto, con desagregación empírica a nivel de ocho jurisdicciones emisoras entre diciembre de 2014 y agosto de 2017: Argentina, Brasil, Chile, Colombia, Costa Rica, México, Perú y un emisor supranacional centroamericano (CABEI); incluye un caso subnacional (Ciudad de México) y un caso de banca multilateral con foco regional (B-Bond de la IIC/BID para un proyecto en Uruguay).",regional:Regional | subregional:Subregional | subnacional:Subnacional,True,,,pendiente
https://hdl.handle.net/11362/42230,The rise of green bonds: Financing for development in Latin America and the Caribbean,paises,"América Latina y el Caribe en conjunto, con desagregación empírica a nivel de ocho jurisdicciones emisoras entre diciembre de 2014 y agosto de 2017: Argentina, Brasil, Chile, Colombia, Costa Rica, México, Perú y un emisor supranacional centroamericano (CABEI); incluye un caso subnacional (Ciudad de México) y un caso de banca multilateral con foco regional (B-Bond de la IIC/BID para un proyecto en Uruguay).",argentina:Argentina | brasil:Brasil | chile:Chile | colombia:Colombia | costa_rica:Costa Rica | mexico:México | peru:Perú | uruguay:Uruguay,False,,,pendiente
https://hdl.handle.net/11362/42230,The rise of green bonds: Financing for development in Latin America and the Caribbean,subregiones,"América Latina y el Caribe en conjunto, con desagregación empírica a nivel de ocho jurisdicciones emisoras entre diciembre de 2014 y agosto de 2017: Argentina, Brasil, Chile, Colombia, Costa Rica, México, Perú y un emisor supranacional centroamericano (CABEI); incluye un caso subnacional (Ciudad de México) y un caso de banca multilateral con foco regional (B-Bond de la IIC/BID para un proyecto en Uruguay).",alc:América Latina y el Caribe | caribe:Caribe,False,,,pendiente
https://hdl.handle.net/11362/42230,The rise of green bonds: Financing for development in Latin America and the Caribbean,sectores,"Mercado de capitales y financiamiento para el desarrollo, con foco en bonos etiquetados como ""verdes"" o alineados con criterios climáticos (""climate-aligned"") que financian proyectos de energía renovable, eficiencia energética, transporte sostenible, gestión de agua y saneamiento, silvicultura sostenible y conservación de biodiversidad, control de contaminación, e infraestructura multisectorial.",agua:Agua y recursos hídricos | energia:Energía | transporte:Transporte | finanzas:Finanzas y financiamiento | ecosistemas:Ecosistemas y biodiversidad,False,,,pendiente
https://hdl.handle.net/11362/42230,The rise of green bonds: Financing for development in Latin America and the Caribbean,organizaciones,"China, Estados Unidos, Francia, el Reino Unido y Polonia como referentes del tamaño y evolución del mercado global de bonos verdes (p.19-21); el Banco Europeo de Inversiones y el Banco Mundial como emisores fundacionales del mercado en 2007 (p.11); organismos normativos internacionales citados como fuente de estándares voluntarios (Green Bond Principles de ICMA, Climate Bonds Initiative) y la OCDE como fuente de proyecciones globales de inversión climática — todos citados como marco o comparación externa, no como sujeto de análisis regional.",ocde:OCDE | banco_mundial:Banco Mundial,False,,,pendiente
https://hdl.handle.net/11362/42355,Economía del Cambio Climático en Honduras: documento técnico 2017,autoria,"Karina Caballero (autora principal), en el marco de la iniciativa Economía del Cambio Climático en Centroamérica (ECC CA) de la CEPAL, con el apoyo de la Secretaría de Energía, Recursos Naturales, Ambiente y Minas de Honduras (MiAmbiente+), el Banco Interamericano de Desarrollo (BID) y el Nordic Development Fund (NDF)",Karina Caballero (autora principal) | en el marco de la iniciativa Economía del Cambio Climático en Centroamérica (ECC CA) de la CEPAL | con el apoyo de la Secretaría de Energía | Recursos Naturales | Ambiente | Minas de Honduras (MiAmbiente+) | el Banco Interamericano de Desarrollo (BID) | el Nordic Development Fund (NDF),False,,,pendiente
https://hdl.handle.net/11362/42355,Economía del Cambio Climático en Honduras: documento técnico 2017,tipo_documento,"Documento técnico institucional de la serie ""La Economía del Cambio Climático en Centroamérica"" (ECC CA) — estudio cuantitativo de impactos y costos económicos del cambio climático a escala nacional (Honduras), con proyecciones a 2100 bajo los escenarios climáticos B2 y A2 en ocho ámbitos sectoriales (macroeconomía/demografía, clima, recursos hídricos/hidroelectricidad, agricultura, ecosistemas, salud, emisiones de GEI y costos económicos agregados)",estudio_tecnico:Estudio técnico,False,,,pendiente
https://hdl.handle.net/11362/42355,Economía del Cambio Climático en Honduras: documento técnico 2017,ambito_aplicacion,"Honduras a nivel nacional, con desagregación departamental en los capítulos de clima, agua, agricultura y salud (18 departamentos); el documento aplica al caso hondureño la metodología de la serie regional ""La Economía del Cambio Climático en Centroamérica"" (ECC CA) de la CEPAL.",subregional:Subregional | nacional:Nacional | subnacional:Subnacional | multinivel:Multinivel,True,,,pendiente
https://hdl.handle.net/11362/42355,Economía del Cambio Climático en Honduras: documento técnico 2017,paises,"Honduras a nivel nacional, con desagregación departamental en los capítulos de clima, agua, agricultura y salud (18 departamentos); el documento aplica al caso hondureño la metodología de la serie regional ""La Economía del Cambio Climático en Centroamérica"" (ECC CA) de la CEPAL.",honduras:Honduras,False,,,pendiente
https://hdl.handle.net/11362/42355,Economía del Cambio Climático en Honduras: documento técnico 2017,subregiones,"Honduras a nivel nacional, con desagregación departamental en los capítulos de clima, agua, agricultura y salud (18 departamentos); el documento aplica al caso hondureño la metodología de la serie regional ""La Economía del Cambio Climático en Centroamérica"" (ECC CA) de la CEPAL.",centroamerica:Centroamérica,False,,,pendiente
https://hdl.handle.net/11362/42355,Economía del Cambio Climático en Honduras: documento técnico 2017,sectores,"Multisectorial: macroeconomía y demografía, cambio de uso de tierra, energía, clima (temperatura, precipitación, aridez, eventos extremos), recursos hídricos, hidroelectricidad, agricultura (granos básicos y café), seguridad alimentaria y nutricional, aseguramiento agropecuario, biodiversidad y ecosistemas, salud (enfermedades sensibles al clima), emisiones de gases de efecto invernadero y costos económicos agregados.",agricultura:Agricultura | agua:Agua y recursos hídricos | energia:Energía | salud:Salud | ecosistemas:Ecosistemas y biodiversidad,False,,,pendiente
https://hdl.handle.net/11362/42355,Economía del Cambio Climático en Honduras: documento técnico 2017,organizaciones,"Centroamérica (los otros seis países del SICA) como marco de comparación regional en emisiones, salud y proyectos MDL; la sede subregional de la CEPAL en México como coordinadora técnica de la iniciativa ECC CA; el Banco Interamericano de Desarrollo (BID) como agencia ejecutora de componentes de salud y financiamiento (NDF); COMISCA, la OPS, el Instituto de Meteorología de Cuba (INSMET) y el Instituto Nacional de Salud Pública de México (INSP) como cooperantes técnicos del componente salud; el Mecanismo de Desarrollo Limpio (MDL) y sus contrapartes internacionales (Finlandia, Japón, Suiza, Reino Unido, entre otros) como financiadores de los 32 proyectos de reducción de emisiones registrados hasta 2016 (p.199-201).",cepal:CEPAL | bid:BID,False,,,pendiente
https://hdl.handle.net/11362/46101,La tragedia ambiental de América Latina y el Caribe,autoria,"Nicolo Gligo (coordinador), Gisela Alonso, David Barkin, Antonio Brailovsky, Francisco Brzovic, Julio Carrizosa, Hernán Durán, Patricio Fernández, Gilberto Gallopín, José Leal, Margarita Marino de Botero, César Morales, Fernando Ortiz Monasterio, Daniel Panario, Walter Pengue, Manuel Rodríguez Becerra, Alejandro Rofman, René Saa, Héctor Sejenovich, Osvaldo Sunkel y José Villamil (los ""pensadores fundacionales del desarrollo sostenible"" convocados por la División de Desarrollo Sostenible y Asentamientos Humanos de la CEPAL)","Nicolo Gligo (coordinador) | Gisela Alonso | David Barkin | Antonio Brailovsky | Francisco Brzovic | Julio Carrizosa | Hernán Durán | Patricio Fernández | Gilberto Gallopín | José Leal | Margarita Marino de Botero | César Morales | Fernando Ortiz Monasterio | Daniel Panario | Walter Pengue | Manuel Rodríguez Becerra | Alejandro Rofman | René Saa | Héctor Sejenovich | Osvaldo Sunkel | José Villamil (los ""pensadores fundacionales del desarrollo sostenible"" convocados por la División de Desarrollo Sostenible | Asentamientos Humanos de la CEPAL)",False,,,pendiente
https://hdl.handle.net/11362/46101,La tragedia ambiental de América Latina y el Caribe,tipo_documento,"Libro institucional (Libros de la CEPAL N° 161) — compilación de ensayos independientes de veinte autores, insumo para el trigésimo octavo período de sesiones de la CEPAL",compilacion:Compilación,False,,,pendiente
https://hdl.handle.net/11362/46101,La tragedia ambiental de América Latina y el Caribe,ambito_aplicacion,"América Latina y el Caribe en su conjunto, con desagregaciones frecuentes por subregión (Mesoamérica y el Caribe, América del Sur, Cono Sur, países andinos, Centroamérica) y por país (México, Chile, Brasil, Argentina, Bolivia (Estado Plurinacional de), Ecuador, entre otros, en cuadros y gráficos).",regional:Regional | subregional:Subregional | nacional:Nacional,True,,,pendiente
https://hdl.handle.net/11362/46101,La tragedia ambiental de América Latina y el Caribe,paises,"América Latina y el Caribe en su conjunto, con desagregaciones frecuentes por subregión (Mesoamérica y el Caribe, América del Sur, Cono Sur, países andinos, Centroamérica) y por país (México, Chile, Brasil, Argentina, Bolivia (Estado Plurinacional de), Ecuador, entre otros, en cuadros y gráficos).",argentina:Argentina | bolivia:Bolivia (Estado Plurinacional de) | brasil:Brasil | chile:Chile | ecuador:Ecuador | mexico:México,False,,,pendiente
https://hdl.handle.net/11362/46101,La tragedia ambiental de América Latina y el Caribe,subregiones,"América Latina y el Caribe en su conjunto, con desagregaciones frecuentes por subregión (Mesoamérica y el Caribe, América del Sur, Cono Sur, países andinos, Centroamérica) y por país (México, Chile, Brasil, Argentina, Bolivia (Estado Plurinacional de), Ecuador, entre otros, en cuadros y gráficos).",alc:América Latina y el Caribe | centroamerica:Centroamérica | caribe:Caribe | cono_sur:Cono Sur,False,,,pendiente
https://hdl.handle.net/11362/46101,La tragedia ambiental de América Latina y el Caribe,sectores,"Transversal a política ambiental (explícita e implícita), ordenamiento territorial, teoría económica y cuentas nacionales, ciencia y tecnología, energía, agricultura y agricultura familiar, pueblos indígenas y campesinos, y cambio climático (mitigación y adaptación).",agricultura:Agricultura | energia:Energía,False,,,pendiente
https://hdl.handle.net/11362/46101,La tragedia ambiental de América Latina y el Caribe,organizaciones,"Se citan como referentes o contraparte externa: China (como socio comercial extractivo de la región), la Unión Europea y el G-20 (comparación de indicadores de crecimiento y medio ambiente), Estados Unidos, el Vaticano (Carta Encíclica Laudato si'), y marcos e informes globales de origen extrarregional (IPBES, IPCC, Acuerdo de París, Informe Brundtland) usados como fuente de datos o de encuadre teórico, no como sujeto de análisis del documento.",ipcc:IPCC,False,,,pendiente
https://hdl.handle.net/11362/46792,Reflexiones sobre la gestión del agua en América Latina y el Caribe. Textos seleccionados 2002-2020,autoria,"Andrei Jouravlev, Silvia Saravia Matus y Marina Gil Sevilla (compiladores). Autores de los textos originales compilados: M. Ballestero Vargas, J. Bautista Justo, G. Chávez, A. Dourojeanni, A. Embid, M. Hantke-Domas, A. Jouravlev, M. Liber-Justo, T. López Lee, L. Martín, L. Naranjo, H. Peña, F. Saulino, M. Solanes, B. Willaarts y E. Zegarra.",Andrei Jouravlev | Silvia Saravia Matus | Marina Gil Sevilla (compiladores). Autores de los textos originales compilados: M. Ballestero Vargas | J. Bautista Justo | G. Chávez | A. Dourojeanni | A. Embid | M. Hantke-Domas | A. Jouravlev | M. Liber-Justo | T. López Lee | L. Martín | L. Naranjo | H. Peña | F. Saulino | M. Solanes | B. Willaarts | E. Zegarra,True,,,pendiente
https://hdl.handle.net/11362/46792,Reflexiones sobre la gestión del agua en América Latina y el Caribe. Textos seleccionados 2002-2020,tipo_documento,"Compilación institucional de la colección ""Páginas Selectas de la CEPAL"", que reúne extractos de estudios elaborados entre 2002 y 2020 por la División de Recursos Naturales de la CEPAL, organizados en tres capítulos con múltiples obras fuente. El Capítulo I (gobernanza hídrica, gestión de cuencas, seguridad hídrica y conflictos por el agua) compila cuatro documentos de proyecto/serie distintos (Solanes y Jouravlev, 2005; Dourojeanni, Jouravlev y Chávez, 2002; Peña, 2016; Martín y Bautista Justo, 2015). El Capítulo II (derecho humano al agua potable y saneamiento, y regulación de sus servicios) compila dos (Bautista Justo, 2013; Hantke-Domas y Jouravlev, 2011). El Capítulo III (el Nexo entre el agua, la energía y la alimentación) compila seis estudios conceptuales y de caso (Embid y Martín, 2017; Ballestero y López, 2017; Naranjo y Willaarts, 2020; Peña, 2018; Saulino, 2011; Zegarra, 2018). El cambio climático no es el tema central de ninguna de las tres partes: aparece de forma dispersa como uno de varios factores de riesgo y estrés sobre la gestión hídrica, la generación hidroeléctrica y la seguridad alimentaria.",compilacion:Compilación,False,,,pendiente
https://hdl.handle.net/11362/46792,Reflexiones sobre la gestión del agua en América Latina y el Caribe. Textos seleccionados 2002-2020,ambito_aplicacion,"América Latina y el Caribe en su conjunto, con estudios de caso nacionales y subnacionales específicos: Chile (gobernanza hídrica y reforma del Código de Aguas de 2005; Nexo agua-energía-alimentación 1995-2017), Perú (valle de Ica: sobreexplotación de acuíferos, agroexportación y trasvase Choclococha; Ley de Recursos Hídricos de 2009), Costa Rica (cuenca alta del río Reventazón: interdependencia ICE-AyA-JASEC-SENARA), Argentina (conflictos interjurisdiccionales por el río Atuel, Laguna del Maule transfronteriza en la práctica, caso Tucumán/biocombustibles), Brasil (Agencia Nacional de Aguas, biocombustibles de caña de azúcar), México (Comisión Nacional de Agua, trasvases urbanos, precios de energía para bombeo agrícola), Bolivia (Cochabamba, Ley de la Década del Riego), y numerosos otros casos de país dispersos por capítulo.",regional:Regional | subregional:Subregional | nacional:Nacional | subnacional:Subnacional | multinivel:Multinivel,True,,,pendiente
https://hdl.handle.net/11362/46792,Reflexiones sobre la gestión del agua en América Latina y el Caribe. Textos seleccionados 2002-2020,paises,"América Latina y el Caribe en su conjunto, con estudios de caso nacionales y subnacionales específicos: Chile (gobernanza hídrica y reforma del Código de Aguas de 2005; Nexo agua-energía-alimentación 1995-2017), Perú (valle de Ica: sobreexplotación de acuíferos, agroexportación y trasvase Choclococha; Ley de Recursos Hídricos de 2009), Costa Rica (cuenca alta del río Reventazón: interdependencia ICE-AyA-JASEC-SENARA), Argentina (conflictos interjurisdiccionales por el río Atuel, Laguna del Maule transfronteriza en la práctica, caso Tucumán/biocombustibles), Brasil (Agencia Nacional de Aguas, biocombustibles de caña de azúcar), México (Comisión Nacional de Agua, trasvases urbanos, precios de energía para bombeo agrícola), Bolivia (Cochabamba, Ley de la Década del Riego), y numerosos otros casos de país dispersos por capítulo.",argentina:Argentina | bolivia:Bolivia (Estado Plurinacional de) | brasil:Brasil | chile:Chile | costa_rica:Costa Rica | mexico:México | peru:Perú,False,,,pendiente
https://hdl.handle.net/11362/46792,Reflexiones sobre la gestión del agua en América Latina y el Caribe. Textos seleccionados 2002-2020,subregiones,"América Latina y el Caribe en su conjunto, con estudios de caso nacionales y subnacionales específicos: Chile (gobernanza hídrica y reforma del Código de Aguas de 2005; Nexo agua-energía-alimentación 1995-2017), Perú (valle de Ica: sobreexplotación de acuíferos, agroexportación y trasvase Choclococha; Ley de Recursos Hídricos de 2009), Costa Rica (cuenca alta del río Reventazón: interdependencia ICE-AyA-JASEC-SENARA), Argentina (conflictos interjurisdiccionales por el río Atuel, Laguna del Maule transfronteriza en la práctica, caso Tucumán/biocombustibles), Brasil (Agencia Nacional de Aguas, biocombustibles de caña de azúcar), México (Comisión Nacional de Agua, trasvases urbanos, precios de energía para bombeo agrícola), Bolivia (Cochabamba, Ley de la Década del Riego), y numerosos otros casos de país dispersos por capítulo.",alc:América Latina y el Caribe | caribe:Caribe,False,,,pendiente
https://hdl.handle.net/11362/46792,Reflexiones sobre la gestión del agua en América Latina y el Caribe. Textos seleccionados 2002-2020,sectores,"Cobertura multisectorial: gobernanza y legislación de aguas, gestión de cuencas, seguridad hídrica, conflictos por el agua, derecho humano al agua potable y saneamiento, regulación económica y tarifaria de servicios públicos de agua, y el nexo intersectorial entre agua, energía (hidroelectricidad, biocombustibles, minería) y alimentación (riego, agroexportación).",agua:Agua y recursos hídricos | energia:Energía,False,,,pendiente
https://hdl.handle.net/11362/46792,Reflexiones sobre la gestión del agua en América Latina y el Caribe. Textos seleccionados 2002-2020,organizaciones,"Estados Unidos (jurisprudencia de derechos de agua, Tennessee Valley Authority, principios regulatorios de servicios públicos), España (Ley de Aguas de 1879, planificación por cuenca desde 1926), Francia (organismos de cuenca, contratos de ""délégation de service public""), la Unión Europea (Directiva Marco del Agua 2000/60/CE), y organismos internacionales (Banco Mundial, Global Water Partnership, OCDE, IPCC, ONU-Agua, Foro Económico Mundial) como referentes conceptuales y normativos incorporados al análisis regional, sin ser objeto de la propuesta de política del documento.",ipcc:IPCC | naciones_unidas:Naciones Unidas | ocde:OCDE | banco_mundial:Banco Mundial,False,,,pendiente
https://hdl.handle.net/11362/48603,Building a climate resilient power sector in the context of the Caribbean small island developing States' energy transition. Policy Brief,autoria,,,False,,,pendiente
https://hdl.handle.net/11362/48603,Building a climate resilient power sector in the context of the Caribbean small island developing States' energy transition. Policy Brief,tipo_documento,Policy Brief,policy_brief:Policy brief,False,,,pendiente
https://hdl.handle.net/11362/48603,Building a climate resilient power sector in the context of the Caribbean small island developing States' energy transition. Policy Brief,ambito_aplicacion,"Pequeños Estados insulares en desarrollo (SIDS) del Caribe, con CARICOM como marco institucional; no cubre América Latina continental",subregional:Subregional,True,,,pendiente
https://hdl.handle.net/11362/48603,Building a climate resilient power sector in the context of the Caribbean small island developing States' energy transition. Policy Brief,paises,"Pequeños Estados insulares en desarrollo (SIDS) del Caribe, con CARICOM como marco institucional; no cubre América Latina continental",,True,,,pendiente
https://hdl.handle.net/11362/48603,Building a climate resilient power sector in the context of the Caribbean small island developing States' energy transition. Policy Brief,subregiones,"Pequeños Estados insulares en desarrollo (SIDS) del Caribe, con CARICOM como marco institucional; no cubre América Latina continental",caribe:Caribe,False,,,pendiente
https://hdl.handle.net/11362/48603,Building a climate resilient power sector in the context of the Caribbean small island developing States' energy transition. Policy Brief,sectores,"Sector eléctrico (generación, transmisión y distribución, demanda) exclusivamente",,True,,,pendiente
https://hdl.handle.net/11362/48603,Building a climate resilient power sector in the context of the Caribbean small island developing States' energy transition. Policy Brief,organizaciones,"Estados Unidos (comparación de tarifas eléctricas; NREL y Rocky Mountain Institute como fuentes de marcos técnicos); Puerto Rico como caso ilustrativo de colapso de red; IEA, IRENA y Banco Mundial como fuentes de datos y metodologías",banco_mundial:Banco Mundial,False,,,pendiente
https://hdl.handle.net/11362/47745,Una década de acción para un cambio de época. Quinto informe sobre el progreso y los desafíos regionales de la Agenda 2030 para el Desarrollo Sostenible en América Latina y el Caribe,autoria,,,False,,,pendiente
https://hdl.handle.net/11362/47745,Una década de acción para un cambio de época. Quinto informe sobre el progreso y los desafíos regionales de la Agenda 2030 para el Desarrollo Sostenible en América Latina y el Caribe,tipo_documento,Informe de seguimiento intergubernamental (informe insignia de la CEPAL para el Foro de los Países de América Latina y el Caribe sobre el Desarrollo Sostenible),informe_insignia_panorama:Informe insignia o Panorama,False,,,pendiente
https://hdl.handle.net/11362/47745,Una década de acción para un cambio de época. Quinto informe sobre el progreso y los desafíos regionales de la Agenda 2030 para el Desarrollo Sostenible en América Latina y el Caribe,ambito_aplicacion,"Los 33 países de América Latina y el Caribe en su conjunto, con análisis diferenciado por subregiones: Centroamérica, México y República Dominicana; el Caribe (incluidos los pequeños Estados insulares en desarrollo); y América del Sur.",regional:Regional | subregional:Subregional,True,,,pendiente
https://hdl.handle.net/11362/47745,Una década de acción para un cambio de época. Quinto informe sobre el progreso y los desafíos regionales de la Agenda 2030 para el Desarrollo Sostenible en América Latina y el Caribe,paises,"Los 33 países de América Latina y el Caribe en su conjunto, con análisis diferenciado por subregiones: Centroamérica, México y República Dominicana; el Caribe (incluidos los pequeños Estados insulares en desarrollo); y América del Sur.",mexico:México | republica_dominicana:República Dominicana,False,,,pendiente
https://hdl.handle.net/11362/47745,Una década de acción para un cambio de época. Quinto informe sobre el progreso y los desafíos regionales de la Agenda 2030 para el Desarrollo Sostenible en América Latina y el Caribe,subregiones,"Los 33 países de América Latina y el Caribe en su conjunto, con análisis diferenciado por subregiones: Centroamérica, México y República Dominicana; el Caribe (incluidos los pequeños Estados insulares en desarrollo); y América del Sur.",alc:América Latina y el Caribe | centroamerica:Centroamérica | caribe:Caribe,False,,,pendiente
https://hdl.handle.net/11362/47745,Una década de acción para un cambio de época. Quinto informe sobre el progreso y los desafíos regionales de la Agenda 2030 para el Desarrollo Sostenible en América Latina y el Caribe,sectores,"Multisectorial: macroeconomía y deuda soberana, mercado de trabajo y protección social, salud pública y vacunación, igualdad de género, educación, biodiversidad marina y terrestre, cambio climático, institucionalidad pública y participación de la sociedad civil y el sector privado, integración regional y arquitectura financiera internacional.",salud:Salud | ecosistemas:Ecosistemas y biodiversidad | empleo:Empleo | proteccion_social:Protección social,False,,,pendiente
https://hdl.handle.net/11362/47745,Una década de acción para un cambio de época. Quinto informe sobre el progreso y los desafíos regionales de la Agenda 2030 para el Desarrollo Sostenible en América Latina y el Caribe,organizaciones,"Estados Unidos y China, cuya rivalidad geopolítica y ciclo económico condicionan la recuperación regional (p.152); la Unión Europea y el G20, citados como referentes de estímulos fiscales y mecanismos financieros (Next Generation EU, Glasgow Financial Alliance for Net Zero, First Movers Coalition) que la región busca emular o ante los cuales negocia cooperación, sin ser estos el sujeto de análisis del documento.",,True,,,pendiente
https://hdl.handle.net/11362/82426,El impacto del cambio climático en la pobreza infantil y juvenil de América Latina,autoria,"Rafael Van der Borght; elaborado por la Sección de Cambio Climático, Ambiente, Energía y Reducción del Riesgo de Desastres de UNICEF LACRO y la Unidad de Cambio Climático de la División de Desarrollo Sostenible y Asentamientos Humanos de la CEPAL",Rafael Van der Borght | elaborado por la Sección de Cambio Climático | Ambiente | Energía | Reducción del Riesgo de Desastres de UNICEF LACRO | la Unidad de Cambio Climático de la División de Desarrollo Sostenible | Asentamientos Humanos de la CEPAL,False,,,pendiente
https://hdl.handle.net/11362/82426,El impacto del cambio climático en la pobreza infantil y juvenil de América Latina,tipo_documento,Documento de proyecto o estudio técnico (modelización econométrica interinstitucional UNICEF-CEPAL),estudio_tecnico:Estudio técnico,False,,,pendiente
https://hdl.handle.net/11362/82426,El impacto del cambio climático en la pobreza infantil y juvenil de América Latina,ambito_aplicacion,"18 países de América Latina con datos de pobreza armonizados por la CEPAL vía CEPALSTAT (aprox. 95% de la población de ALC), con resultados regionales agregados y proyecciones por país",regional:Regional | nacional:Nacional,True,,,pendiente
https://hdl.handle.net/11362/82426,El impacto del cambio climático en la pobreza infantil y juvenil de América Latina,paises,"18 países de América Latina con datos de pobreza armonizados por la CEPAL vía CEPALSTAT (aprox. 95% de la población de ALC), con resultados regionales agregados y proyecciones por país",,True,,,pendiente
https://hdl.handle.net/11362/82426,El impacto del cambio climático en la pobreza infantil y juvenil de América Latina,subregiones,"18 países de América Latina con datos de pobreza armonizados por la CEPAL vía CEPALSTAT (aprox. 95% de la población de ALC), con resultados regionales agregados y proyecciones por país",alc:América Latina y el Caribe,False,,,pendiente
https://hdl.handle.net/11362/82426,El impacto del cambio climático en la pobreza infantil y juvenil de América Latina,sectores,"Protección social y pobreza monetaria infantil y juvenil; el cambio climático entra como canal macroeconómico (escenarios de GEI → PIB per cápita → pobreza), no como objeto de política productiva o energética",energia:Energía | proteccion_social:Protección social,False,,,pendiente
https://hdl.handle.net/11362/82426,El impacto del cambio climático en la pobreza infantil y juvenil de América Latina,organizaciones,"Marcos globales usados como insumo metodológico, no como sujeto de análisis: escenarios climáticos de la fase IV del NGFS, modelización de riesgos de Climate Analytics (modelo macroeconómico NiGEM, CLIMADA), trayectorias SSP, líneas internacionales de pobreza del Banco Mundial ($2.15/$3.65/$6.85) contrastadas en el anexo, y literatura econométrica de funciones de daño (Kalkuhl y Wenz 2020; Burke, Hsiang y Miguel 2015)",banco_mundial:Banco Mundial,False,,,pendiente
https://hdl.handle.net/11362/48724,Acción climática en la agricultura: la experiencia de países miembros de la Plataforma de Acción Climática en Agricultura de Latinoamérica y el Caribe,autoria,Walter Oyhantçabal y Adrián G. Rodríguez,Walter Oyhantçabal | Adrián G. Rodríguez,False,,,pendiente
https://hdl.handle.net/11362/48724,Acción climática en la agricultura: la experiencia de países miembros de la Plataforma de Acción Climática en Agricultura de Latinoamérica y el Caribe,tipo_documento,Documento de trabajo — serie Recursos Naturales y Desarrollo N° 215 (CEPAL),documento_trabajo:Documento de trabajo,False,,,pendiente
https://hdl.handle.net/11362/48724,Acción climática en la agricultura: la experiencia de países miembros de la Plataforma de Acción Climática en Agricultura de Latinoamérica y el Caribe,ambito_aplicacion,"12 países miembros de PLACA: Argentina, Bahamas, Brasil, Colombia, Costa Rica, Chile, Guatemala, Haití, México, Perú, República Dominicana y Uruguay (p.9)",regional:Regional,True,,,pendiente
https://hdl.handle.net/11362/48724,Acción climática en la agricultura: la experiencia de países miembros de la Plataforma de Acción Climática en Agricultura de Latinoamérica y el Caribe,paises,"12 países miembros de PLACA: Argentina, Bahamas, Brasil, Colombia, Costa Rica, Chile, Guatemala, Haití, México, Perú, República Dominicana y Uruguay (p.9)",argentina:Argentina | bahamas:Bahamas | brasil:Brasil | chile:Chile | colombia:Colombia | costa_rica:Costa Rica | guatemala:Guatemala | haiti:Haití | mexico:México | peru:Perú | republica_dominicana:República Dominicana | uruguay:Uruguay,False,,,pendiente
https://hdl.handle.net/11362/48724,Acción climática en la agricultura: la experiencia de países miembros de la Plataforma de Acción Climática en Agricultura de Latinoamérica y el Caribe,subregiones,"12 países miembros de PLACA: Argentina, Bahamas, Brasil, Colombia, Costa Rica, Chile, Guatemala, Haití, México, Perú, República Dominicana y Uruguay (p.9)",,True,,,pendiente
https://hdl.handle.net/11362/48724,Acción climática en la agricultura: la experiencia de países miembros de la Plataforma de Acción Climática en Agricultura de Latinoamérica y el Caribe,sectores,"Sector agropecuario (agricultura, ganadería, silvicultura y otros usos de la tierra — AFOLU) en su articulación con la política climática nacional de mitigación y adaptación",agricultura:Agricultura,False,,,pendiente
https://hdl.handle.net/11362/48724,Acción climática en la agricultura: la experiencia de países miembros de la Plataforma de Acción Climática en Agricultura de Latinoamérica y el Caribe,organizaciones,"CMNUCC, Acuerdo de París, IPCC, y las organizaciones que apoyan técnica o financieramente a PLACA y a los casos de éxito (FAO, CEPAL, CGIAR-CCAFS, GIZ, BID-FOMIN, GEF, Banco Mundial, Fondo de Adaptación) — citadas como cooperantes, no como sujeto de análisis (p.9-10, 80-97)",cepal:CEPAL | bid:BID | fao:FAO | ipcc:IPCC | banco_mundial:Banco Mundial,False,,,pendiente
https://hdl.handle.net/11362/68639,"Comercio, cambio climático y el impuesto fronterizo al carbono",autoria,"So Jeong Lee (Unidad de Comercio Internacional e Industria, sede subregional de la CEPAL en México)",So Jeong Lee (Unidad de Comercio Internacional | Industria | sede subregional de la CEPAL en México),False,,,pendiente
https://hdl.handle.net/11362/68639,"Comercio, cambio climático y el impuesto fronterizo al carbono",tipo_documento,Documento de proyecto / estudio técnico,estudio_tecnico:Estudio técnico,False,,,pendiente
https://hdl.handle.net/11362/68639,"Comercio, cambio climático y el impuesto fronterizo al carbono",ambito_aplicacion,"Subregión de la sede subregional de la CEPAL en México: Costa Rica, Cuba, El Salvador, Guatemala, Haití, Honduras, México, Nicaragua, Panamá y República Dominicana (p.13, nota 1); con referencias al conjunto de América Latina y el Caribe en las secciones de política fiscal y cooperación",regional:Regional | subregional:Subregional,True,,,pendiente
https://hdl.handle.net/11362/68639,"Comercio, cambio climático y el impuesto fronterizo al carbono",paises,"Subregión de la sede subregional de la CEPAL en México: Costa Rica, Cuba, El Salvador, Guatemala, Haití, Honduras, México, Nicaragua, Panamá y República Dominicana (p.13, nota 1); con referencias al conjunto de América Latina y el Caribe en las secciones de política fiscal y cooperación",costa_rica:Costa Rica | cuba:Cuba | el_salvador:El Salvador | guatemala:Guatemala | haiti:Haití | honduras:Honduras | mexico:México | nicaragua:Nicaragua | panama:Panamá | republica_dominicana:República Dominicana,False,,,pendiente
https://hdl.handle.net/11362/68639,"Comercio, cambio climático y el impuesto fronterizo al carbono",subregiones,"Subregión de la sede subregional de la CEPAL en México: Costa Rica, Cuba, El Salvador, Guatemala, Haití, Honduras, México, Nicaragua, Panamá y República Dominicana (p.13, nota 1); con referencias al conjunto de América Latina y el Caribe en las secciones de política fiscal y cooperación",alc:América Latina y el Caribe | caribe:Caribe,False,,,pendiente
https://hdl.handle.net/11362/68639,"Comercio, cambio climático y el impuesto fronterizo al carbono",sectores,"Comercio internacional, política fiscal/ambiental, mercado laboral; sectores del CBAM: hierro/acero, cemento, fertilizantes, aluminio, electricidad/hidrógeno (versión actual) y metales, cal, vidrio, cerámica, pulpa/papel, químicos (versión expandida hipotética)",energia:Energía | comercio:Comercio | empleo:Empleo,False,,,pendiente
https://hdl.handle.net/11362/68639,"Comercio, cambio climático y el impuesto fronterizo al carbono",organizaciones,"Unión Europea (sujeto regulador del EU-ETS y del CBAM); República de Corea, Canadá y Japón (diálogos bilaterales con la UE citados como referente, Cuadro 8); Estados Unidos y China (socios comerciales dominantes de la subregión); Chile (primer impuesto al carbono de ALC, Recuadro 10); G7 (club climático, Recuadro 4); BRICS y Australia (críticas al CBAM)",,True,,,pendiente
https://hdl.handle.net/11362/80727,América Latina y el Caribe ante las trampas del desarrollo: transformaciones indispensables y cómo gestionarlas,autoria,,,False,,,pendiente
https://hdl.handle.net/11362/80727,América Latina y el Caribe ante las trampas del desarrollo: transformaciones indispensables y cómo gestionarlas,tipo_documento,"Documento institucional de posición estratégica presentado en el cuadragésimo período de sesiones de la CEPAL (2024): propone tres ""grandes transformaciones indispensables"" para superar las trampas del desarrollo de la región (transformación productiva, reducción de la desigualdad, y sostenibilidad ambiental/cambio climático), más dos ejes transversales (capacidades institucionales y financiamiento). El cambio climático es el objeto exclusivo de solo uno de los siete capítulos (Capítulo VI); en el resto del documento aparece de forma dispersa y secundaria.",informe_estrategico:Informe estratégico,False,,,pendiente
https://hdl.handle.net/11362/80727,América Latina y el Caribe ante las trampas del desarrollo: transformaciones indispensables y cómo gestionarlas,ambito_aplicacion,"América Latina y el Caribe en su conjunto (33 países), con desagregaciones frecuentes por subregión (América del Sur, Centroamérica y México, el Caribe) y casos nacionales ilustrativos (Chile y Colombia en electromovilidad, Bolivia en litio, Brasil y Colombia en bioeconomía, entre muchos otros) a lo largo de los siete capítulos.",regional:Regional | subregional:Subregional,True,,,pendiente
https://hdl.handle.net/11362/80727,América Latina y el Caribe ante las trampas del desarrollo: transformaciones indispensables y cómo gestionarlas,paises,"América Latina y el Caribe en su conjunto (33 países), con desagregaciones frecuentes por subregión (América del Sur, Centroamérica y México, el Caribe) y casos nacionales ilustrativos (Chile y Colombia en electromovilidad, Bolivia en litio, Brasil y Colombia en bioeconomía, entre muchos otros) a lo largo de los siete capítulos.",bolivia:Bolivia (Estado Plurinacional de) | brasil:Brasil | chile:Chile | colombia:Colombia | mexico:México,False,,,pendiente
https://hdl.handle.net/11362/80727,América Latina y el Caribe ante las trampas del desarrollo: transformaciones indispensables y cómo gestionarlas,subregiones,"América Latina y el Caribe en su conjunto (33 países), con desagregaciones frecuentes por subregión (América del Sur, Centroamérica y México, el Caribe) y casos nacionales ilustrativos (Chile y Colombia en electromovilidad, Bolivia en litio, Brasil y Colombia en bioeconomía, entre muchos otros) a lo largo de los siete capítulos.",alc:América Latina y el Caribe | centroamerica:Centroamérica | caribe:Caribe,False,,,pendiente
https://hdl.handle.net/11362/80727,América Latina y el Caribe ante las trampas del desarrollo: transformaciones indispensables y cómo gestionarlas,sectores,"Cobertura multisectorial completa: política de desarrollo productivo, tributación, protección social, educación, sociedad del cuidado, planificación urbana (transformaciones productiva y de desigualdad, capítulos II a V); y, específicamente para la transformación de sostenibilidad (Capítulo VI), transición energética, hidrógeno verde, electromovilidad, minerales críticos, gestión hídrica, turismo sostenible, bioeconomía y economía circular. El Capítulo VII cubre movilización de financiamiento (fiscal, privado, internacional) para el desarrollo en general, incluida la inversión climática.",agua:Agua y recursos hídricos | energia:Energía | finanzas:Finanzas y financiamiento | proteccion_social:Protección social,False,,,pendiente
https://hdl.handle.net/11362/80727,América Latina y el Caribe ante las trampas del desarrollo: transformaciones indispensables y cómo gestionarlas,organizaciones,"Estados Unidos, la Unión Europea y China como referentes de política industrial y climática (Ley de Reducción de la Inflación, Pacto Verde Europeo, XIV Plan Quinquenal chino, cuadro I.1 y cuadro VI.1); la OCDE como comparador de presión tributaria, inversión pública y gasto en desarrollo productivo; el G20 y las Naciones Unidas como foros de reforma de la arquitectura financiera internacional (Cumbre del Futuro, Cuarta Conferencia Internacional sobre la Financiación para el Desarrollo de 2025); Alemania y la Unión Europea (BIO2REG) como referentes de clústeres de bioeconomía.",naciones_unidas:Naciones Unidas | ocde:OCDE,False,,,pendiente
https://hdl.handle.net/11362/37310,La economía del cambio climático en América Latina y el Caribe: paradojas y desafíos del desarrollo sostenible,autoria,"Luis Miguel Galindo y Joseluis Samaniego (coordinación y redacción general), con la participación de un equipo técnico de la CEPAL",Luis Miguel Galindo | Joseluis Samaniego (coordinación | redacción general) | con la participación de un equipo técnico de la CEPAL,True,,,pendiente
https://hdl.handle.net/11362/37310,La economía del cambio climático en América Latina y el Caribe: paradojas y desafíos del desarrollo sostenible,tipo_documento,Informe institucional de síntesis regional,informe:Informe,False,,,pendiente
https://hdl.handle.net/11362/37310,La economía del cambio climático en América Latina y el Caribe: paradojas y desafíos del desarrollo sostenible,ambito_aplicacion,"América Latina y el Caribe en su conjunto, con estudios de caso subregionales y nacionales específicos desarrollados en el capítulo III: Centroamérica, el Caribe, la Argentina, Chile y el Uruguay.",regional:Regional | subregional:Subregional,True,,,pendiente
https://hdl.handle.net/11362/37310,La economía del cambio climático en América Latina y el Caribe: paradojas y desafíos del desarrollo sostenible,paises,"América Latina y el Caribe en su conjunto, con estudios de caso subregionales y nacionales específicos desarrollados en el capítulo III: Centroamérica, el Caribe, la Argentina, Chile y el Uruguay.",argentina:Argentina | chile:Chile | uruguay:Uruguay,False,,,pendiente
https://hdl.handle.net/11362/37310,La economía del cambio climático en América Latina y el Caribe: paradojas y desafíos del desarrollo sostenible,subregiones,"América Latina y el Caribe en su conjunto, con estudios de caso subregionales y nacionales específicos desarrollados en el capítulo III: Centroamérica, el Caribe, la Argentina, Chile y el Uruguay.",alc:América Latina y el Caribe | centroamerica:Centroamérica | caribe:Caribe,False,,,pendiente
https://hdl.handle.net/11362/37310,La economía del cambio climático en América Latina y el Caribe: paradojas y desafíos del desarrollo sostenible,sectores,"Multisectorial: agricultura y ganadería, recursos hídricos, salud urbana y calidad del aire, zonas costeras y turismo, biodiversidad y bosques, gestión del riesgo de desastres, energía y transporte, y finanzas públicas.",agricultura:Agricultura | agua:Agua y recursos hídricos | energia:Energía | transporte:Transporte | salud:Salud | finanzas:Finanzas y financiamiento | ecosistemas:Ecosistemas y biodiversidad,False,,,pendiente
https://hdl.handle.net/11362/37310,La economía del cambio climático en América Latina y el Caribe: paradojas y desafíos del desarrollo sostenible,organizaciones,"Escenarios y modelos climáticos globales del IPCC (RCP2.6/4.5/6.0/8.5, Quinto Informe de Evaluación); estimaciones de organismos internacionales (Banco Mundial, PNUD, PNUMA, BID, Stern Review); y una comparación puntual con países de la OCDE para las elasticidades de la demanda de gasolina (cuadro VI.1) -citados como referencia comparativa metodológica, no como sujeto de análisis del documento.",bid:BID | ipcc:IPCC | ocde:OCDE | banco_mundial:Banco Mundial,False,,,pendiente
https://hdl.handle.net/11362/43301,"Acceso a la información, la participación y la justicia en asuntos ambientales en América Latina y el Caribe: hacia el logro de la Agenda 2030 para el Desarrollo Sostenible",autoria,"Valeria Torres (redacción), con la participación de Carlos de Miguel y David Barrio; colaboraron Francisca Aguilar, Brayden Koslowsky, Sebastián Donoso, Lina Arestizabal y Birgit Altmann; el análisis de los conflictos socioambientales del capítulo VI fue realizado por Francisca Reyes, con la colaboración de Emilia Ríos (funcionarios y consultores de la División de Desarrollo Sostenible y Asentamientos Humanos de la CEPAL)",Valeria Torres (redacción) | con la participación de Carlos de Miguel | David Barrio | colaboraron Francisca Aguilar | Brayden Koslowsky | Sebastián Donoso | Lina Arestizabal | Birgit Altmann | el análisis de los conflictos socioambientales del capítulo VI fue realizado por Francisca Reyes | con la colaboración de Emilia Ríos (funcionarios | consultores de la División de Desarrollo Sostenible | Asentamientos Humanos de la CEPAL),True,,,pendiente
https://hdl.handle.net/11362/43301,"Acceso a la información, la participación y la justicia en asuntos ambientales en América Latina y el Caribe: hacia el logro de la Agenda 2030 para el Desarrollo Sostenible",tipo_documento,"Documento técnico institucional — informe temático de actualización (versión anterior de 2013) sobre el Principio 10 de la Declaración de Río, revisión comparada de marcos legales e institucionales de gobernanza ambiental en los 33 países de América Latina y el Caribe",informe:Informe,False,,,pendiente
https://hdl.handle.net/11362/43301,"Acceso a la información, la participación y la justicia en asuntos ambientales en América Latina y el Caribe: hacia el logro de la Agenda 2030 para el Desarrollo Sostenible",ambito_aplicacion,"América Latina y el Caribe (33 países), con revisión país por país de marcos constitucionales, legales, institucionales y jurisprudenciales en materia de acceso a la información, participación y justicia ambiental",regional:Regional | subregional:Subregional | nacional:Nacional,True,,,pendiente
https://hdl.handle.net/11362/43301,"Acceso a la información, la participación y la justicia en asuntos ambientales en América Latina y el Caribe: hacia el logro de la Agenda 2030 para el Desarrollo Sostenible",paises,"América Latina y el Caribe (33 países), con revisión país por país de marcos constitucionales, legales, institucionales y jurisprudenciales en materia de acceso a la información, participación y justicia ambiental",,True,,,pendiente
https://hdl.handle.net/11362/43301,"Acceso a la información, la participación y la justicia en asuntos ambientales en América Latina y el Caribe: hacia el logro de la Agenda 2030 para el Desarrollo Sostenible",subregiones,"América Latina y el Caribe (33 países), con revisión país por país de marcos constitucionales, legales, institucionales y jurisprudenciales en materia de acceso a la información, participación y justicia ambiental",alc:América Latina y el Caribe | caribe:Caribe,False,,,pendiente
https://hdl.handle.net/11362/43301,"Acceso a la información, la participación y la justicia en asuntos ambientales en América Latina y el Caribe: hacia el logro de la Agenda 2030 para el Desarrollo Sostenible",sectores,"Gobernanza ambiental transversal: acceso a la información pública y ambiental, registros de emisiones y contaminantes, evaluación de impacto ambiental y evaluación ambiental estratégica, participación pública y consulta a pueblos indígenas y afrodescendientes, acceso a la justicia ambiental (tribunales, fiscalías, defensorías) y prevención de conflictos socioambientales",,True,,,pendiente
https://hdl.handle.net/11362/43301,"Acceso a la información, la participación y la justicia en asuntos ambientales en América Latina y el Caribe: hacia el logro de la Agenda 2030 para el Desarrollo Sostenible",organizaciones,"Convención de Aarhus / Comisión Económica para Europa (CEPE) como instrumento vinculante de referencia (p.24-25); Estados Unidos, el Canadá y México a través del TLCAN/ACAAN, y la Unión Europea a través de acuerdos de asociación y del CARIFORUM, como antecedentes de incorporación de derechos de acceso en tratados de libre comercio (p.35); la OCDE como organismo evaluador externo (evaluaciones de desempeño ambiental conjuntas con la CEPAL, p.36-37) — citados como marco comparado o evaluador externo, no como sujeto de análisis del documento",cepal:CEPAL | ocde:OCDE,False,,,pendiente
https://hdl.handle.net/11362/67989,Estudio Económico de América Latina y el Caribe 2023. El financiamiento de una transición sostenible: inversión para crecer y enfrentar el cambio climático,autoria,"Documento institucional coordinado por Daniel Titelman, Director de la División de Desarrollo Económico de la CEPAL (Parte I, junto con Ramón Pineda Salazar; Parte II, junto con Noel Pérez Benítez para los capítulos II y III, y con Christine Carton como autora del capítulo IV), con la colaboración de un amplio equipo de la División de Desarrollo Económico, la División de Estadísticas, la División de Comercio Internacional e Integración y las sedes subregionales y oficinas nacionales de la CEPAL (créditos completos en p.4).",Documento institucional coordinado por Daniel Titelman | Director de la División de Desarrollo Económico de la CEPAL (Parte I | junto con Ramón Pineda Salazar | Parte II | junto con Noel Pérez Benítez para los capítulos II | III | y con Christine Carton como autora del capítulo IV) | con la colaboración de un amplio equipo de la División de Desarrollo Económico | la División de Estadísticas | la División de Comercio Internacional | Integración | las sedes subregionales | oficinas nacionales de la CEPAL (créditos completos en p.4),True,,,pendiente
https://hdl.handle.net/11362/67989,Estudio Económico de América Latina y el Caribe 2023. El financiamiento de una transición sostenible: inversión para crecer y enfrentar el cambio climático,tipo_documento,"Informe insignia anual de la CEPAL (Estudio Económico de América Latina y el Caribe, 75ª edición), con una monografía especial de tres capítulos sobre financiamiento climático en su segunda parte — es un híbrido entre el panorama macroeconómico regional estándar de la serie y un análisis climático-fiscal especializado.",informe_insignia_panorama:Informe insignia o Panorama,False,,,pendiente
https://hdl.handle.net/11362/67989,Estudio Económico de América Latina y el Caribe 2023. El financiamiento de una transición sostenible: inversión para crecer y enfrentar el cambio climático,ambito_aplicacion,"América Latina y el Caribe en su conjunto (33 países) para el panorama macroeconómico general de la Parte I y para los capítulos III y IV de la Parte II (financiamiento y banca central); un grupo de seis países de Centroamérica y el Caribe especialmente vulnerables —Barbados, El Salvador, Guatemala, Honduras, República Dominicana y Santa Lucía— para el modelo de crecimiento y sostenibilidad de la deuda del capítulo II (p.153).",regional:Regional | subregional:Subregional,True,,,pendiente
https://hdl.handle.net/11362/67989,Estudio Económico de América Latina y el Caribe 2023. El financiamiento de una transición sostenible: inversión para crecer y enfrentar el cambio climático,paises,"América Latina y el Caribe en su conjunto (33 países) para el panorama macroeconómico general de la Parte I y para los capítulos III y IV de la Parte II (financiamiento y banca central); un grupo de seis países de Centroamérica y el Caribe especialmente vulnerables —Barbados, El Salvador, Guatemala, Honduras, República Dominicana y Santa Lucía— para el modelo de crecimiento y sostenibilidad de la deuda del capítulo II (p.153).",barbados:Barbados | el_salvador:El Salvador | guatemala:Guatemala | honduras:Honduras | republica_dominicana:República Dominicana | santa_lucia:Santa Lucía,False,,,pendiente
https://hdl.handle.net/11362/67989,Estudio Económico de América Latina y el Caribe 2023. El financiamiento de una transición sostenible: inversión para crecer y enfrentar el cambio climático,subregiones,"América Latina y el Caribe en su conjunto (33 países) para el panorama macroeconómico general de la Parte I y para los capítulos III y IV de la Parte II (financiamiento y banca central); un grupo de seis países de Centroamérica y el Caribe especialmente vulnerables —Barbados, El Salvador, Guatemala, Honduras, República Dominicana y Santa Lucía— para el modelo de crecimiento y sostenibilidad de la deuda del capítulo II (p.153).",alc:América Latina y el Caribe | centroamerica:Centroamérica | caribe:Caribe,False,,,pendiente
https://hdl.handle.net/11362/67989,Estudio Económico de América Latina y el Caribe 2023. El financiamiento de una transición sostenible: inversión para crecer y enfrentar el cambio climático,sectores,"Panorama macroeconómico regional completo (contexto internacional, liquidez global, sector externo, desempeño interno, política fiscal y monetaria) en la Parte I; en la Parte II: estructuras económicas vulnerables al clima (agricultura, turismo), inversión pública y privada, sostenibilidad de la deuda pública, tributación ambiental, mercados de capitales y bonos temáticos, cooperación internacional para el desarrollo, mecanismos de alivio de deuda climática, y el papel de los bancos centrales y supervisores financieros en la gestión de riesgos climáticos y el escalamiento de finanzas sostenibles.",agricultura:Agricultura | finanzas:Finanzas y financiamiento,False,,,pendiente
https://hdl.handle.net/11362/67989,Estudio Económico de América Latina y el Caribe 2023. El financiamiento de una transición sostenible: inversión para crecer y enfrentar el cambio climático,organizaciones,"Estados Unidos, la Unión Europea y China como socios comerciales y como origen de shocks financieros externos (política monetaria de la Reserva Federal, crisis bancaria de marzo de 2023); las economías emergentes y en desarrollo de Asia y las economías avanzadas de la OCDE como puntos de comparación en inversión pública (11,7% y 3,5% del PIB frente al 2,8% de la región, p.196-197), presión tributaria (34,1% del PIB en la OCDE frente al 21,7% regional, p.204) y tasas de interés efectivas de la deuda (2,8% en Asia emergente y 1,4% en economías avanzadas frente a promedios regionales muy superiores, p.201); la Unión Europea (Banco Central Europeo, taxonomía verde de la UE) como referente metodológico para las taxonomías verdes e iniciativas de banca central de la región.",ocde:OCDE,False,,,pendiente
https://hdl.handle.net/11362/69031,"La economía del cambio climático en América Latina y el Caribe, 2023: necesidades de financiamiento y herramientas de política para la transición hacia economías con bajas emisiones de carbono y resilientes al cambio climático",autoria,"Carlos de Miguel, Santiago Lorenzo, José Javier Gómez, José Eduardo Alatorre y Jimy Ferrer (funcionarios de la Unidad de Cambio Climático, División de Desarrollo Sostenible y Asentamientos Humanos de la CEPAL), y Lucía Rezza e Ignacio Fernández (consultores de la misma División)",Carlos de Miguel | Santiago Lorenzo | José Javier Gómez | José Eduardo Alatorre | Jimy Ferrer (funcionarios de la Unidad de Cambio Climático | División de Desarrollo Sostenible | Asentamientos Humanos de la CEPAL) | y Lucía Rezza | Ignacio Fernández (consultores de la misma División),True,,,pendiente
https://hdl.handle.net/11362/69031,"La economía del cambio climático en América Latina y el Caribe, 2023: necesidades de financiamiento y herramientas de política para la transición hacia economías con bajas emisiones de carbono y resilientes al cambio climático",tipo_documento,"Documento técnico institucional — serie La economía del cambio climático en América Latina y el Caribe (CEPAL), elaborado en el marco del programa EUROCLIMA+ con apoyo de la Unión Europea",estudio_tecnico:Estudio técnico,False,,,pendiente
https://hdl.handle.net/11362/69031,"La economía del cambio climático en América Latina y el Caribe, 2023: necesidades de financiamiento y herramientas de política para la transición hacia economías con bajas emisiones de carbono y resilientes al cambio climático",ambito_aplicacion,"América Latina y el Caribe (33 países), con desagregación por país en cuadros y gráficos de emisiones, CDN, autobuses eléctricos e impuestos al carbono (p.20-25, 35-38, 54-58)",regional:Regional | subregional:Subregional | nacional:Nacional,True,,,pendiente
https://hdl.handle.net/11362/69031,"La economía del cambio climático en América Latina y el Caribe, 2023: necesidades de financiamiento y herramientas de política para la transición hacia economías con bajas emisiones de carbono y resilientes al cambio climático",paises,"América Latina y el Caribe (33 países), con desagregación por país en cuadros y gráficos de emisiones, CDN, autobuses eléctricos e impuestos al carbono (p.20-25, 35-38, 54-58)",,True,,,pendiente
https://hdl.handle.net/11362/69031,"La economía del cambio climático en América Latina y el Caribe, 2023: necesidades de financiamiento y herramientas de política para la transición hacia economías con bajas emisiones de carbono y resilientes al cambio climático",subregiones,"América Latina y el Caribe (33 países), con desagregación por país en cuadros y gráficos de emisiones, CDN, autobuses eléctricos e impuestos al carbono (p.20-25, 35-38, 54-58)",alc:América Latina y el Caribe | caribe:Caribe,False,,,pendiente
https://hdl.handle.net/11362/69031,"La economía del cambio climático en América Latina y el Caribe, 2023: necesidades de financiamiento y herramientas de política para la transición hacia economías con bajas emisiones de carbono y resilientes al cambio climático",sectores,"Economía del cambio climático en su conjunto: sistema energético, transporte, agricultura y deforestación, biodiversidad, agua y saneamiento, infraestructura de adaptación, sistema y regulación financiera",agricultura:Agricultura | agua:Agua y recursos hídricos | energia:Energía | transporte:Transporte | ecosistemas:Ecosistemas y biodiversidad,False,,,pendiente
https://hdl.handle.net/11362/69031,"La economía del cambio climático en América Latina y el Caribe, 2023: necesidades de financiamiento y herramientas de política para la transición hacia economías con bajas emisiones de carbono y resilientes al cambio climático",organizaciones,"Estados Unidos, China, India y la República de Corea (comparación de tasas de inversión sobre PIB, p.28); Países Bajos (estándar de protección frente a inundaciones costeras adoptado como referencia de diseño, p.41); y un grupo de países de la OCDE (Reino Unido, Francia, Alemania, Noruega, Finlandia, Dinamarca, Canadá, Australia, Japón, Suecia, Países Bajos) citados como comparación de estimaciones nacionales del precio social del carbono (p.58) — citados como referentes de metodología o de escala, no como sujeto de análisis del documento",ocde:OCDE,False,,,pendiente
https://hdl.handle.net/11362/69075,"Panorama de la Gestión Pública en América Latina y el Caribe, 2023: un Estado preparado para la acción climática",autoria,"Dante Arenas, Alejandra Naser, Verona Fideleff y Paulina Pizarro (ILPES/CEPAL); Marianela Armijo, Juan Pablo Mottola y María José Beck (consultores del ILPES); bajo la supervisión de Cielo Morales (ILPES/CEPAL) y la coordinación de Valeria Torres y Annie Dufey (ILPES/CEPAL)",Dante Arenas | Alejandra Naser | Verona Fideleff | Paulina Pizarro (ILPES/CEPAL) | Marianela Armijo | Juan Pablo Mottola | María José Beck (consultores del ILPES) | bajo la supervisión de Cielo Morales (ILPES/CEPAL) | la coordinación de Valeria Torres | Annie Dufey (ILPES/CEPAL),True,,,pendiente
https://hdl.handle.net/11362/69075,"Panorama de la Gestión Pública en América Latina y el Caribe, 2023: un Estado preparado para la acción climática",tipo_documento,Informe institucional periódico de la serie Panorama de la Gestión Pública en América Latina y el Caribe (CEPAL/ILPES),informe_insignia_panorama:Informe insignia o Panorama,False,,,pendiente
https://hdl.handle.net/11362/69075,"Panorama de la Gestión Pública en América Latina y el Caribe, 2023: un Estado preparado para la acción climática",ambito_aplicacion,"Los 33 países de América Latina y el Caribe, con análisis comparado de instrumentos, marcos legales e institucionalidad de sus administraciones públicas nacionales (planificación, hacienda/presupuesto, inversión pública, monitoreo y evaluación, servicio civil, compras públicas) y, en menor medida, ejemplos subnacionales (por ejemplo, gobiernos locales miembros de la Alianza para el Gobierno Abierto o el estado de Guanajuato en México).",regional:Regional | subregional:Subregional,True,,,pendiente
https://hdl.handle.net/11362/69075,"Panorama de la Gestión Pública en América Latina y el Caribe, 2023: un Estado preparado para la acción climática",paises,"Los 33 países de América Latina y el Caribe, con análisis comparado de instrumentos, marcos legales e institucionalidad de sus administraciones públicas nacionales (planificación, hacienda/presupuesto, inversión pública, monitoreo y evaluación, servicio civil, compras públicas) y, en menor medida, ejemplos subnacionales (por ejemplo, gobiernos locales miembros de la Alianza para el Gobierno Abierto o el estado de Guanajuato en México).",mexico:México,False,,,pendiente
https://hdl.handle.net/11362/69075,"Panorama de la Gestión Pública en América Latina y el Caribe, 2023: un Estado preparado para la acción climática",subregiones,"Los 33 países de América Latina y el Caribe, con análisis comparado de instrumentos, marcos legales e institucionalidad de sus administraciones públicas nacionales (planificación, hacienda/presupuesto, inversión pública, monitoreo y evaluación, servicio civil, compras públicas) y, en menor medida, ejemplos subnacionales (por ejemplo, gobiernos locales miembros de la Alianza para el Gobierno Abierto o el estado de Guanajuato en México).",alc:América Latina y el Caribe | caribe:Caribe,False,,,pendiente
https://hdl.handle.net/11362/69075,"Panorama de la Gestión Pública en América Latina y el Caribe, 2023: un Estado preparado para la acción climática",sectores,"Gestión pública transversal a todos los sectores de gobierno: planificación para el desarrollo, presupuestación pública, gestión de la inversión pública, sistemas de monitoreo y evaluación de políticas, y modernización del Estado (gobierno abierto, gobierno digital, servicio civil, compras públicas sostenibles), analizados en cada caso bajo el lente de la mitigación y adaptación al cambio climático y la gestión del riesgo de desastres.",finanzas:Finanzas y financiamiento,False,,,pendiente
https://hdl.handle.net/11362/69075,"Panorama de la Gestión Pública en América Latina y el Caribe, 2023: un Estado preparado para la acción climática",organizaciones,"Se usan como referentes comparativos la OCDE (presupuesto verde, panorama de administraciones públicas, índice de gobierno electrónico), la Unión Europea, y experiencias puntuales extrarregionales citadas como modelo (Nueva Zelandia —Presupuesto del Bienestar—, Reino Unido —costo de mitigación para el precio social del carbono—, Estados Unidos —costo social del carbono del IWG—, República de Corea —sistema e-Saram de gestión de recursos humanos adoptado por Uruguay—).",ocde:OCDE,False,,,pendiente
https://hdl.handle.net/11362/37791,El desafío de la sostenibilidad ambiental en América Latina y el Caribe. Textos seleccionados 2012-2014,autoria,Carlos de Miguel • Marcia Tavares (compiladores),Carlos de Miguel | Marcia Tavares (compiladores),True,,,pendiente
https://hdl.handle.net/11362/37791,El desafío de la sostenibilidad ambiental en América Latina y el Caribe. Textos seleccionados 2012-2014,tipo_documento,Compilación de textos seleccionados,compilacion:Compilación,False,,,pendiente
https://hdl.handle.net/11362/37791,El desafío de la sostenibilidad ambiental en América Latina y el Caribe. Textos seleccionados 2012-2014,ambito_aplicacion,América Latina y el Caribe,regional:Regional | subregional:Subregional,True,,,pendiente
https://hdl.handle.net/11362/37791,El desafío de la sostenibilidad ambiental en América Latina y el Caribe. Textos seleccionados 2012-2014,paises,América Latina y el Caribe,,True,,,pendiente
https://hdl.handle.net/11362/37791,El desafío de la sostenibilidad ambiental en América Latina y el Caribe. Textos seleccionados 2012-2014,subregiones,América Latina y el Caribe,alc:América Latina y el Caribe | caribe:Caribe,False,,,pendiente
https://hdl.handle.net/11362/37791,El desafío de la sostenibilidad ambiental en América Latina y el Caribe. Textos seleccionados 2012-2014,sectores,"Multisectorial: energía, transporte, tributación, comercio, gobernanza ambiental, urbanismo",energia:Energía | transporte:Transporte | ciudades_vivienda:Ciudades y vivienda | comercio:Comercio,False,,,pendiente
https://hdl.handle.net/11362/37791,El desafío de la sostenibilidad ambiental en América Latina y el Caribe. Textos seleccionados 2012-2014,organizaciones,"Naciones Unidas (como origen de la agenda post-2015 y Rio+20); PNUMA (p.43, por su estudio sobre desarrollo sostenible y igualdad); OMS (p.66, por su estimado de muertes por contaminación atmosférica); IPCC (p.122, por los escenarios de ascenso del nivel del mar AR4); IEA/IRENA (como marcos técnicos para el brief de energía limpia); Banco Mundial (como fuente de datos sobre finanzas públicas)",ipcc:IPCC | naciones_unidas:Naciones Unidas | banco_mundial:Banco Mundial,False,,,pendiente
https://hdl.handle.net/11362/37879,Impactos económicos del cambio climático en Colombia. Síntesis,autoria,,,False,,,pendiente
https://hdl.handle.net/11362/37879,Impactos económicos del cambio climático en Colombia. Síntesis,tipo_documento,Monografía / Síntesis de estudio de impactos económicos,estudio_tecnico:Estudio técnico,False,,,pendiente
https://hdl.handle.net/11362/37879,Impactos económicos del cambio climático en Colombia. Síntesis,ambito_aplicacion,"Colombia, con análisis a nivel nacional, sectorial y regional (cuencas del río Guavio, río Fraile y laguna de Fúquene)",nacional:Nacional | multinivel:Multinivel | regional:Regional,True,,,pendiente
https://hdl.handle.net/11362/37879,Impactos económicos del cambio climático en Colombia. Síntesis,paises,"Colombia, con análisis a nivel nacional, sectorial y regional (cuencas del río Guavio, río Fraile y laguna de Fúquene)",colombia:Colombia,False,,,pendiente
https://hdl.handle.net/11362/37879,Impactos económicos del cambio climático en Colombia. Síntesis,subregiones,"Colombia, con análisis a nivel nacional, sectorial y regional (cuencas del río Guavio, río Fraile y laguna de Fúquene)",,True,,,pendiente
https://hdl.handle.net/11362/37879,Impactos económicos del cambio climático en Colombia. Síntesis,sectores,"Multisectorial: ganadería, agricultura, sector forestal, pesca, transporte, recurso hídrico, especies nativas de biocomercio",agricultura:Agricultura | transporte:Transporte | ecosistemas:Ecosistemas y biodiversidad,False,,,pendiente
https://hdl.handle.net/11362/37879,Impactos económicos del cambio climático en Colombia. Síntesis,organizaciones,"BID (coautor y financiador), CEPAL (coautora técnica), IPCC (escenarios de emisiones), IDEAM (datos climáticos), WorldClim y MCG (modelos climáticos), FAO (datos pesqueros y forestales)",cepal:CEPAL | bid:BID | fao:FAO | ipcc:IPCC,False,,,pendiente
https://hdl.handle.net/11362/37910,Financiamiento para el cambio climático en América Latina en 2013,autoria,Joseluis Samaniego y Heloísa Schneider,Joseluis Samaniego | Heloísa Schneider,False,,,pendiente
https://hdl.handle.net/11362/37910,Financiamiento para el cambio climático en América Latina en 2013,tipo_documento,Documento de proyecto o estudio técnico,estudio_tecnico:Estudio técnico,False,,,pendiente
https://hdl.handle.net/11362/37910,Financiamiento para el cambio climático en América Latina en 2013,ambito_aplicacion,América Latina y el Caribe,regional:Regional | subregional:Subregional,True,,,pendiente
https://hdl.handle.net/11362/37910,Financiamiento para el cambio climático en América Latina en 2013,paises,América Latina y el Caribe,,True,,,pendiente
https://hdl.handle.net/11362/37910,Financiamiento para el cambio climático en América Latina en 2013,subregiones,América Latina y el Caribe,alc:América Latina y el Caribe | caribe:Caribe,False,,,pendiente
https://hdl.handle.net/11362/37910,Financiamiento para el cambio climático en América Latina en 2013,sectores,"financiamiento climático, fondos climáticos específicos, bancos multilaterales de desarrollo, bancos públicos de desarrollo, banca privada, fondos de pensiones, energías renovables, eficiencia energética, mitigación y adaptación",energia:Energía | finanzas:Finanzas y financiamiento,False,,,pendiente
https://hdl.handle.net/11362/37910,Financiamiento para el cambio climático en América Latina en 2013,organizaciones,"Convención Marco de las Naciones Unidas sobre el Cambio Climático, Panel Intergubernamental de Expertos sobre el Cambio Climático, Organización para la Cooperación y el Desarrollo Económicos, Club Internacional de Financiamiento para el Desarrollo (IDFC), Heinrich-Böll Stiftung, Climate Funds Update, Bloomberg New Energy Finance y Foro Económico Mundial",naciones_unidas:Naciones Unidas,False,,,pendiente
https://hdl.handle.net/11362/37911,Agricultura y cambio climático: economía y modelación. Memoria del cuarto seminario regional de agricultura y cambio climático,autoria,"Comité editorial: Adrián Rodríguez (CEPAL), Laura Meza y Meliza González (FAO), y autores de las ponencias",Comité editorial: Adrián Rodríguez (CEPAL) | Laura Meza | Meliza González (FAO) | y autores de las ponencias,True,,,pendiente
https://hdl.handle.net/11362/37911,Agricultura y cambio climático: economía y modelación. Memoria del cuarto seminario regional de agricultura y cambio climático,tipo_documento,Memoria de seminario (Serie Seminarios y Conferencias N° 81),memoria_seminario:Memoria de seminario,False,,,pendiente
https://hdl.handle.net/11362/37911,Agricultura y cambio climático: economía y modelación. Memoria del cuarto seminario regional de agricultura y cambio climático,ambito_aplicacion,"América Latina y el Caribe, con estudios de caso de Argentina, Brasil, Bolivia, Colombia, Costa Rica, Cuba, Chile, Ecuador, México, Panamá, Paraguay, Perú, República Dominicana y Uruguay, y diálogo del Consejo Agropecuario del Sur (CAS).",regional:Regional | subregional:Subregional,True,,,pendiente
https://hdl.handle.net/11362/37911,Agricultura y cambio climático: economía y modelación. Memoria del cuarto seminario regional de agricultura y cambio climático,paises,"América Latina y el Caribe, con estudios de caso de Argentina, Brasil, Bolivia, Colombia, Costa Rica, Cuba, Chile, Ecuador, México, Panamá, Paraguay, Perú, República Dominicana y Uruguay, y diálogo del Consejo Agropecuario del Sur (CAS).",argentina:Argentina | bolivia:Bolivia (Estado Plurinacional de) | brasil:Brasil | chile:Chile | colombia:Colombia | costa_rica:Costa Rica | cuba:Cuba | ecuador:Ecuador | mexico:México | panama:Panamá | paraguay:Paraguay | peru:Perú | republica_dominicana:República Dominicana | uruguay:Uruguay,False,,,pendiente
https://hdl.handle.net/11362/37911,Agricultura y cambio climático: economía y modelación. Memoria del cuarto seminario regional de agricultura y cambio climático,subregiones,"América Latina y el Caribe, con estudios de caso de Argentina, Brasil, Bolivia, Colombia, Costa Rica, Cuba, Chile, Ecuador, México, Panamá, Paraguay, Perú, República Dominicana y Uruguay, y diálogo del Consejo Agropecuario del Sur (CAS).",alc:América Latina y el Caribe | caribe:Caribe,False,,,pendiente
https://hdl.handle.net/11362/37911,Agricultura y cambio climático: economía y modelación. Memoria del cuarto seminario regional de agricultura y cambio climático,sectores,"agricultura y cambio climático: modelación biofísica y de cultivos, economía de la adaptación, enfoques macro y microeconómicos, agricultura familiar, extensión agropecuaria, investigación científica y bibliometría, políticas, instrumentos y colaboración regional.",agricultura:Agricultura,False,,,pendiente
https://hdl.handle.net/11362/37911,Agricultura y cambio climático: economía y modelación. Memoria del cuarto seminario regional de agricultura y cambio climático,organizaciones,"CEPAL (Unidad de Desarrollo Agrícola, DDPE), FAO/RLC, Cooperación Francesa, CGIAR a través de CCAFS, CIAT, CATIE, IICA, universidades y ministerios de agricultura de la región.",cepal:CEPAL | fao:FAO,False,,,pendiente
https://hdl.handle.net/11362/37955,The effects of climate change in the coastal areas of Latin America and the Caribbean: impacts,autoria,"Environmental Hydraulics Institute (Instituto de Hidráulica Ambiental), Universidad de Cantabria; estudio dirigido por Iñigo Losada Rodríguez",Environmental Hydraulics Institute (Instituto de Hidráulica Ambiental) | Universidad de Cantabria | estudio dirigido por Iñigo Losada Rodríguez,False,,,pendiente
https://hdl.handle.net/11362/37955,The effects of climate change in the coastal areas of Latin America and the Caribbean: impacts,tipo_documento,Documento de proyecto o estudio técnico,estudio_tecnico:Estudio técnico,False,,,pendiente
https://hdl.handle.net/11362/37955,The effects of climate change in the coastal areas of Latin America and the Caribbean: impacts,ambito_aplicacion,"Zonas costeras de América Latina y el Caribe, analizadas a resolución espacial de 50 km y nivel de país (43 países con códigos ISO 3166/2; se excluyen deliberadamente las islas Bermudas y otras más alejadas)",regional:Regional | subregional:Subregional | nacional:Nacional,True,,,pendiente
https://hdl.handle.net/11362/37955,The effects of climate change in the coastal areas of Latin America and the Caribbean: impacts,paises,"Zonas costeras de América Latina y el Caribe, analizadas a resolución espacial de 50 km y nivel de país (43 países con códigos ISO 3166/2; se excluyen deliberadamente las islas Bermudas y otras más alejadas)",,True,,,pendiente
https://hdl.handle.net/11362/37955,The effects of climate change in the coastal areas of Latin America and the Caribbean: impacts,subregiones,"Zonas costeras de América Latina y el Caribe, analizadas a resolución espacial de 50 km y nivel de país (43 países con códigos ISO 3166/2; se excluyen deliberadamente las islas Bermudas y otras más alejadas)",alc:América Latina y el Caribe | caribe:Caribe,False,,,pendiente
https://hdl.handle.net/11362/37955,The effects of climate change in the coastal areas of Latin America and the Caribbean: impacts,sectores,"ecosistemas costeros (arrecifes de coral, playas y dunas, manglares, humedales); sectores socioeconómicos (puertos, industria, turismo, infraestructura de transporte, agricultura y pesca); gestión de riesgo en la zona costera",agricultura:Agricultura | transporte:Transporte | industria:Industria | ecosistemas:Ecosistemas y biodiversidad,False,,,pendiente
https://hdl.handle.net/11362/37955,The effects of climate change in the coastal areas of Latin America and the Caribbean: impacts,organizaciones,"Instituto de Hidráulica Ambiental de la Universidad de Cantabria; Ministerio de Agricultura, Alimentación y Medio Ambiente del Gobierno de España; Programa Iberoamericano de Adaptación al Cambio Climático (PIACC); red iberoamericana de oficinas de cambio climático (RIOCC); Comisión Económica para América Latina y el Caribe (CEPAL)",cepal:CEPAL,False,,,pendiente
https://hdl.handle.net/11362/38120,Investigación científica en agricultura y cambio climático en América Latina y el Caribe,autoria,Adrián G. Rodríguez; Laura E. Meza; Francisco Cerecera,Adrián G. Rodríguez | Laura E. Meza | Francisco Cerecera,False,,,pendiente
https://hdl.handle.net/11362/38120,Investigación científica en agricultura y cambio climático en América Latina y el Caribe,tipo_documento,Documento de proyecto o estudio técnico,estudio_tecnico:Estudio técnico,False,,,pendiente
https://hdl.handle.net/11362/38120,Investigación científica en agricultura y cambio climático en América Latina y el Caribe,ambito_aplicacion,"América Latina y el Caribe, agregada y desagregada en tres subregiones —Región Sur (Argentina, Brasil, Chile, Paraguay y Uruguay), Región Andina (Colombia, Bolivia, Ecuador, Perú y Venezuela) y Mesoamérica (países centroamericanos, México, Cuba y la República Dominicana)—, con análisis por países.",regional:Regional | subregional:Subregional | subnacional:Subnacional,True,,,pendiente
https://hdl.handle.net/11362/38120,Investigación científica en agricultura y cambio climático en América Latina y el Caribe,paises,"América Latina y el Caribe, agregada y desagregada en tres subregiones —Región Sur (Argentina, Brasil, Chile, Paraguay y Uruguay), Región Andina (Colombia, Bolivia, Ecuador, Perú y Venezuela) y Mesoamérica (países centroamericanos, México, Cuba y la República Dominicana)—, con análisis por países.",argentina:Argentina | bolivia:Bolivia (Estado Plurinacional de) | brasil:Brasil | chile:Chile | colombia:Colombia | cuba:Cuba | ecuador:Ecuador | mexico:México | paraguay:Paraguay | peru:Perú | republica_dominicana:República Dominicana | uruguay:Uruguay | venezuela:Venezuela (República Bolivariana de),False,,,pendiente
https://hdl.handle.net/11362/38120,Investigación científica en agricultura y cambio climático en América Latina y el Caribe,subregiones,"América Latina y el Caribe, agregada y desagregada en tres subregiones —Región Sur (Argentina, Brasil, Chile, Paraguay y Uruguay), Región Andina (Colombia, Bolivia, Ecuador, Perú y Venezuela) y Mesoamérica (países centroamericanos, México, Cuba y la República Dominicana)—, con análisis por países.",alc:América Latina y el Caribe | caribe:Caribe | region_andina:Región Andina,False,,,pendiente
https://hdl.handle.net/11362/38120,Investigación científica en agricultura y cambio climático en América Latina y el Caribe,sectores,"Agricultura y ciencias biológicas y veterinaria; temas catalogados de agricultura, de cambio climático y temas mixtos; investigación y desarrollo e innovación en agricultura y cambio climático.",agricultura:Agricultura,False,,,pendiente
https://hdl.handle.net/11362/38120,Investigación científica en agricultura y cambio climático en América Latina y el Caribe,organizaciones,"Base de datos bibliométrica Scopus (SciVerse Scopus de Elsevier Science); la producción científica global y de países de la OCDE (Australia y Nueva Zelanda, Canadá, Francia, Alemania, Japón, Holanda, Reino Unido y Estados Unidos), China y Corea del Sur, citados como referentes comparativos de tasas de crecimiento y multidisciplinariedad.",ocde:OCDE,False,,,pendiente
https://hdl.handle.net/11362/38274,La incertidumbre de los recursos hídricos y sus riesgos frente al cambio climático: herramientas para los tomadores de decisiones de los sectores público y privado,autoria,Luis Miguel Galindo (compilación); Fernando Santibáñez; Roberto Ponce Oliva; Felipe Vásquez Lavín; Sergio Alonso Orrego; Sebastián Vicuña; Marina Gil; Oscar Melo; Guillermo Donoso,Luis Miguel Galindo (compilación) | Fernando Santibáñez | Roberto Ponce Oliva | Felipe Vásquez Lavín | Sergio Alonso Orrego | Sebastián Vicuña | Marina Gil | Oscar Melo | Guillermo Donoso,True,,,pendiente
https://hdl.handle.net/11362/38274,La incertidumbre de los recursos hídricos y sus riesgos frente al cambio climático: herramientas para los tomadores de decisiones de los sectores público y privado,tipo_documento,Serie Seminarios y Conferencias,memoria_seminario:Memoria de seminario,False,,,pendiente
https://hdl.handle.net/11362/38274,La incertidumbre de los recursos hídricos y sus riesgos frente al cambio climático: herramientas para los tomadores de decisiones de los sectores público y privado,ambito_aplicacion,"Chile, con dos estudios de caso territoriales —la cuenca del río Vergara, en las regiones del Biobío y La Araucanía, y el sistema de suministro de agua potable de la ciudad de Santiago, en la cuenca del río Maipo—, junto con un trabajo de alcance hemisférico sobre los recursos hídricos de las Américas (proyecto VACEA) y lineamientos regionales para América Latina.",subnacional:Subnacional,True,,,pendiente
https://hdl.handle.net/11362/38274,La incertidumbre de los recursos hídricos y sus riesgos frente al cambio climático: herramientas para los tomadores de decisiones de los sectores público y privado,paises,"Chile, con dos estudios de caso territoriales —la cuenca del río Vergara, en las regiones del Biobío y La Araucanía, y el sistema de suministro de agua potable de la ciudad de Santiago, en la cuenca del río Maipo—, junto con un trabajo de alcance hemisférico sobre los recursos hídricos de las Américas (proyecto VACEA) y lineamientos regionales para América Latina.",chile:Chile,False,,,pendiente
https://hdl.handle.net/11362/38274,La incertidumbre de los recursos hídricos y sus riesgos frente al cambio climático: herramientas para los tomadores de decisiones de los sectores público y privado,subregiones,"Chile, con dos estudios de caso territoriales —la cuenca del río Vergara, en las regiones del Biobío y La Araucanía, y el sistema de suministro de agua potable de la ciudad de Santiago, en la cuenca del río Maipo—, junto con un trabajo de alcance hemisférico sobre los recursos hídricos de las Américas (proyecto VACEA) y lineamientos regionales para América Latina.",,True,,,pendiente
https://hdl.handle.net/11362/38274,La incertidumbre de los recursos hídricos y sus riesgos frente al cambio climático: herramientas para los tomadores de decisiones de los sectores público y privado,sectores,Recursos hídricos y seguridad hídrica; agricultura y riego; servicios sanitarios y agua potable urbana; energía hidroeléctrica; políticas públicas y administración de riesgos; decisiones de negocios del sector privado.,agricultura:Agricultura | agua:Agua y recursos hídricos | energia:Energía,False,,,pendiente
https://hdl.handle.net/11362/38274,La incertidumbre de los recursos hídricos y sus riesgos frente al cambio climático: herramientas para los tomadores de decisiones de los sectores público y privado,organizaciones,"Cuerpo científico internacional citado como base: IPCC (cuarto y quinto informes de evaluación), Stern (2007), Hepburn y Stern (2008), UNEP (2012), UNDP y UNISDR para la gestión del riesgo, y literatura internacional de mercados de agua y contratos de opción (Michelsen y Young, 1993; Gómez Ramos y Garrido, 2004; Hansen, 2008; Garrido, 2007), con las experiencias de Estados Unidos como referente de mercados de opción ante sequías.",ipcc:IPCC,False,,,pendiente
https://hdl.handle.net/11362/38985,Sostenibilidad ambiental y competitividad internacional: la huella de carbono de las exportaciones de alimentos,autoria,Alicia Frohmann; Sebastián Herreros; Nanno Mulder; Ximena Olmos,Alicia Frohmann | Sebastián Herreros | Nanno Mulder | Ximena Olmos,False,,,pendiente
https://hdl.handle.net/11362/38985,Sostenibilidad ambiental y competitividad internacional: la huella de carbono de las exportaciones de alimentos,tipo_documento,Documento de proyecto o estudio técnico,estudio_tecnico:Estudio técnico,False,,,pendiente
https://hdl.handle.net/11362/38985,Sostenibilidad ambiental y competitividad internacional: la huella de carbono de las exportaciones de alimentos,ambito_aplicacion,"América Latina y el Caribe, con énfasis en los cinco países donde se implementó el proyecto de la CEPAL sobre huella de carbono y exportaciones de alimentos: Colombia, Ecuador, Honduras, Nicaragua y República Dominicana; los estudios piloto de medición de huella de carbono cubrieron 44 empresas exportadoras y 7 productos de alimentos (aceite de palma, banano, cacao, café, camarón, stevia y uchuva).",regional:Regional | subregional:Subregional,True,,,pendiente
https://hdl.handle.net/11362/38985,Sostenibilidad ambiental y competitividad internacional: la huella de carbono de las exportaciones de alimentos,paises,"América Latina y el Caribe, con énfasis en los cinco países donde se implementó el proyecto de la CEPAL sobre huella de carbono y exportaciones de alimentos: Colombia, Ecuador, Honduras, Nicaragua y República Dominicana; los estudios piloto de medición de huella de carbono cubrieron 44 empresas exportadoras y 7 productos de alimentos (aceite de palma, banano, cacao, café, camarón, stevia y uchuva).",colombia:Colombia | ecuador:Ecuador | honduras:Honduras | nicaragua:Nicaragua | republica_dominicana:República Dominicana,False,,,pendiente
https://hdl.handle.net/11362/38985,Sostenibilidad ambiental y competitividad internacional: la huella de carbono de las exportaciones de alimentos,subregiones,"América Latina y el Caribe, con énfasis en los cinco países donde se implementó el proyecto de la CEPAL sobre huella de carbono y exportaciones de alimentos: Colombia, Ecuador, Honduras, Nicaragua y República Dominicana; los estudios piloto de medición de huella de carbono cubrieron 44 empresas exportadoras y 7 productos de alimentos (aceite de palma, banano, cacao, café, camarón, stevia y uchuva).",alc:América Latina y el Caribe | caribe:Caribe,False,,,pendiente
https://hdl.handle.net/11362/38985,Sostenibilidad ambiental y competitividad internacional: la huella de carbono de las exportaciones de alimentos,sectores,"Sector exportador de alimentos (aceite de palma, banano, cacao, café, camarón, stevia y uchuva); comercio internacional, cambio climático, sostenibilidad ambiental, competitividad de las exportaciones y organismos de promoción de exportaciones.",comercio:Comercio,False,,,pendiente
https://hdl.handle.net/11362/38985,Sostenibilidad ambiental y competitividad internacional: la huella de carbono de las exportaciones de alimentos,organizaciones,"Países industrializados como mercados de destino de las exportaciones —en particular la Unión Europea y los Estados Unidos, hacia donde se dirigía un 54% de las exportaciones de la región en 2014—, citados como origen de requisitos ambientales, estándares y etiquetado de huella de carbono (incluido el Programa Piloto PEFCR de la Comisión Europea); la OCDE como referente de encuestas sobre motivaciones y prácticas empresariales de reducción de emisiones.",ocde:OCDE,False,,,pendiente
https://hdl.handle.net/11362/39009,Evaluación de los impactos del cambio climático sobre la salud: economía del cambio climático en la Argentina,autoria,Aníbal E. Carbajo,Aníbal E. Carbajo,False,,,pendiente
https://hdl.handle.net/11362/39009,Evaluación de los impactos del cambio climático sobre la salud: economía del cambio climático en la Argentina,tipo_documento,Documento de proyecto o estudio técnico (modelización de vectores de enfermedades),estudio_tecnico:Estudio técnico,False,,,pendiente
https://hdl.handle.net/11362/39009,Evaluación de los impactos del cambio climático sobre la salud: economía del cambio climático en la Argentina,ambito_aplicacion,"Argentina, con énfasis en provincias del noreste (Misiones, Corrientes, Formosa), noroeste (Salta, Jujuy, Tucumán) y centro (Santa Fe, Córdoba, Buenos Aires)",,False,,,pendiente
https://hdl.handle.net/11362/39009,Evaluación de los impactos del cambio climático sobre la salud: economía del cambio climático en la Argentina,paises,"Argentina, con énfasis en provincias del noreste (Misiones, Corrientes, Formosa), noroeste (Salta, Jujuy, Tucumán) y centro (Santa Fe, Córdoba, Buenos Aires)",argentina:Argentina,False,,,pendiente
https://hdl.handle.net/11362/39009,Evaluación de los impactos del cambio climático sobre la salud: economía del cambio climático en la Argentina,subregiones,"Argentina, con énfasis en provincias del noreste (Misiones, Corrientes, Formosa), noroeste (Salta, Jujuy, Tucumán) y centro (Santa Fe, Córdoba, Buenos Aires)",,True,,,pendiente
https://hdl.handle.net/11362/39009,Evaluación de los impactos del cambio climático sobre la salud: economía del cambio climático en la Argentina,sectores,"Salud pública y enfermedades transmitidas por vectores; el cambio climático entra como variable ambiental que modifica la distribución y transmisión de vectores, no como objeto de política productiva o energética",energia:Energía | salud:Salud,False,,,pendiente
https://hdl.handle.net/11362/39009,Evaluación de los impactos del cambio climático sobre la salud: economía del cambio climático en la Argentina,organizaciones,"Modelos globales de transmisión de dengue y malaria (Focks 1993; Martens, Jetten et al. 1997; Kiszewski, Mellinger et al. 2004); datos climáticos del Instituto de Pesquisas Espaciais (INPE) de Brasil; información demográfica de CELADE/CEPAL",cepal:CEPAL,False,,,pendiente
https://hdl.handle.net/11362/39089,The Economics of Climate Change in Central America: Summary 2012,autoria,,,False,,,pendiente
https://hdl.handle.net/11362/39089,The Economics of Climate Change in Central America: Summary 2012,tipo_documento,Resumen,,True,,,pendiente
https://hdl.handle.net/11362/39089,The Economics of Climate Change in Central America: Summary 2012,ambito_aplicacion,Centroamérica,subregional:Subregional,True,,,pendiente
https://hdl.handle.net/11362/39089,The Economics of Climate Change in Central America: Summary 2012,paises,Centroamérica,,True,,,pendiente
https://hdl.handle.net/11362/39089,The Economics of Climate Change in Central America: Summary 2012,subregiones,Centroamérica,centroamerica:Centroamérica,False,,,pendiente
https://hdl.handle.net/11362/39089,The Economics of Climate Change in Central America: Summary 2012,sectores,"Multisectorial (Agua, Energía, Agricultura, Salud, Ecosistemas)",agricultura:Agricultura | agua:Agua y recursos hídricos | energia:Energía | salud:Salud | ecosistemas:Ecosistemas y biodiversidad,False,,,pendiente
https://hdl.handle.net/11362/39089,The Economics of Climate Change in Central America: Summary 2012,organizaciones,,,True,,,pendiente
https://hdl.handle.net/11362/39135,"Emisiones de gases de efecto invernadero y mitigación en el sector de uso del suelo, cambio en el uso del suelo y silvicultura. Economía del cambio climático en la Argentina",autoria,Héctor Daniel Ginzo,Héctor Daniel Ginzo,False,,,pendiente
https://hdl.handle.net/11362/39135,"Emisiones de gases de efecto invernadero y mitigación en el sector de uso del suelo, cambio en el uso del suelo y silvicultura. Economía del cambio climático en la Argentina",tipo_documento,Estudio sectorial técnico,,True,,,pendiente
https://hdl.handle.net/11362/39135,"Emisiones de gases de efecto invernadero y mitigación en el sector de uso del suelo, cambio en el uso del suelo y silvicultura. Economía del cambio climático en la Argentina",ambito_aplicacion,"Argentina, con análisis de sus regiones forestales y proyecciones sectoriales nacionales.",,False,,,pendiente
https://hdl.handle.net/11362/39135,"Emisiones de gases de efecto invernadero y mitigación en el sector de uso del suelo, cambio en el uso del suelo y silvicultura. Economía del cambio climático en la Argentina",paises,"Argentina, con análisis de sus regiones forestales y proyecciones sectoriales nacionales.",argentina:Argentina,False,,,pendiente
https://hdl.handle.net/11362/39135,"Emisiones de gases de efecto invernadero y mitigación en el sector de uso del suelo, cambio en el uso del suelo y silvicultura. Economía del cambio climático en la Argentina",subregiones,"Argentina, con análisis de sus regiones forestales y proyecciones sectoriales nacionales.",,True,,,pendiente
https://hdl.handle.net/11362/39135,"Emisiones de gases de efecto invernadero y mitigación en el sector de uso del suelo, cambio en el uso del suelo y silvicultura. Economía del cambio climático en la Argentina",sectores,"Uso del suelo, cambio en el uso del suelo y silvicultura: plantaciones, montes nativos, rollizos y emisiones/absorciones de GEI.",,True,,,pendiente
https://hdl.handle.net/11362/39135,"Emisiones de gases de efecto invernadero y mitigación en el sector de uso del suelo, cambio en el uso del suelo y silvicultura. Economía del cambio climático en la Argentina",organizaciones,"Segunda Comunicación Nacional, inventarios nacionales, FAO, IPCC, Fundación Bariloche y propuesta REDD.",fao:FAO | ipcc:IPCC,False,,,pendiente
https://hdl.handle.net/11362/39140,Impactos y vulnerabilidad al cambio climático de los principales ríos de Mendoza y San Juan a partir de la evolución de los glaciares cordilleranos. La economía del cambio climático en la Argentina,autoria,José Boninsegna y Armando Llop,José Boninsegna | Armando Llop,False,,,pendiente
https://hdl.handle.net/11362/39140,Impactos y vulnerabilidad al cambio climático de los principales ríos de Mendoza y San Juan a partir de la evolución de los glaciares cordilleranos. La economía del cambio climático en la Argentina,tipo_documento,Estudio técnico sectorial,estudio_tecnico:Estudio técnico,False,,,pendiente
https://hdl.handle.net/11362/39140,Impactos y vulnerabilidad al cambio climático de los principales ríos de Mendoza y San Juan a partir de la evolución de los glaciares cordilleranos. La economía del cambio climático en la Argentina,ambito_aplicacion,"Provincias de Mendoza y San Juan, región de Cuyo, Argentina; cuencas de los ríos Jachal, San Juan, Mendoza, Tunuyán, Diamante y Atuel",subnacional:Subnacional,True,,,pendiente
https://hdl.handle.net/11362/39140,Impactos y vulnerabilidad al cambio climático de los principales ríos de Mendoza y San Juan a partir de la evolución de los glaciares cordilleranos. La economía del cambio climático en la Argentina,paises,"Provincias de Mendoza y San Juan, región de Cuyo, Argentina; cuencas de los ríos Jachal, San Juan, Mendoza, Tunuyán, Diamante y Atuel",argentina:Argentina,False,,,pendiente
https://hdl.handle.net/11362/39140,Impactos y vulnerabilidad al cambio climático de los principales ríos de Mendoza y San Juan a partir de la evolución de los glaciares cordilleranos. La economía del cambio climático en la Argentina,subregiones,"Provincias de Mendoza y San Juan, región de Cuyo, Argentina; cuencas de los ríos Jachal, San Juan, Mendoza, Tunuyán, Diamante y Atuel",,True,,,pendiente
https://hdl.handle.net/11362/39140,Impactos y vulnerabilidad al cambio climático de los principales ríos de Mendoza y San Juan a partir de la evolución de los glaciares cordilleranos. La economía del cambio climático en la Argentina,sectores,"Recursos hídricos cordilleranos, glaciares, agua potable, riego, generación hidroeléctrica, usos industriales y ambientales",agua:Agua y recursos hídricos | energia:Energía,False,,,pendiente
https://hdl.handle.net/11362/39140,Impactos y vulnerabilidad al cambio climático de los principales ríos de Mendoza y San Juan a partir de la evolución de los glaciares cordilleranos. La economía del cambio climático en la Argentina,organizaciones,"Chile, Brasil, Estados Unidos y modelos climáticos del IPCC/INPE usados como fuentes o referencias metodológicas",ipcc:IPCC,False,,,pendiente
https://hdl.handle.net/11362/39149,Cambio climático en Centroamérica: Impactos potenciales y opciones de política pública,autoria,"Julie Lennox, Diana Ramírez y Jaime Olivares",Julie Lennox | Diana Ramírez | Jaime Olivares,False,,,pendiente
https://hdl.handle.net/11362/39149,Cambio climático en Centroamérica: Impactos potenciales y opciones de política pública,tipo_documento,Informe técnico regional / estudio de políticas públicas,estudio_tecnico:Estudio técnico,False,,,pendiente
https://hdl.handle.net/11362/39149,Cambio climático en Centroamérica: Impactos potenciales y opciones de política pública,ambito_aplicacion,"Centroamérica y, en algunos indicadores, República Dominicana; el análisis cubre agua, agricultura y seguridad alimentaria, biodiversidad, energía, salud, política fiscal y política comercial.",subregional:Subregional,True,,,pendiente
https://hdl.handle.net/11362/39149,Cambio climático en Centroamérica: Impactos potenciales y opciones de política pública,paises,"Centroamérica y, en algunos indicadores, República Dominicana; el análisis cubre agua, agricultura y seguridad alimentaria, biodiversidad, energía, salud, política fiscal y política comercial.",republica_dominicana:República Dominicana,False,,,pendiente
https://hdl.handle.net/11362/39149,Cambio climático en Centroamérica: Impactos potenciales y opciones de política pública,subregiones,"Centroamérica y, en algunos indicadores, República Dominicana; el análisis cubre agua, agricultura y seguridad alimentaria, biodiversidad, energía, salud, política fiscal y política comercial.",centroamerica:Centroamérica,False,,,pendiente
https://hdl.handle.net/11362/39149,Cambio climático en Centroamérica: Impactos potenciales y opciones de política pública,sectores,"Adaptación, mitigación, gestión de riesgos, transición energética, ecosistemas, producción agropecuaria, salud, finanzas públicas y comercio.",energia:Energía | salud:Salud | comercio:Comercio | finanzas:Finanzas y financiamiento | ecosistemas:Ecosistemas y biodiversidad,False,,,pendiente
https://hdl.handle.net/11362/39149,Cambio climático en Centroamérica: Impactos potenciales y opciones de política pública,organizaciones,"Escenarios climáticos B2 y A2, estudios de CEPAL y socios regionales, IPCC, SICA, CCAD, COSEFIN, CAC, COMISCA y SIECA.",cepal:CEPAL | ipcc:IPCC,False,,,pendiente
https://hdl.handle.net/11362/39286,The Caribbean and the post-2015 development agenda,autoria,Ransford Smith,Ransford Smith,False,,,pendiente
https://hdl.handle.net/11362/39286,The Caribbean and the post-2015 development agenda,tipo_documento,Estudios y Perspectivas / estudio técnico regional,estudio_tecnico:Estudio técnico,False,,,pendiente
https://hdl.handle.net/11362/39286,The Caribbean and the post-2015 development agenda,ambito_aplicacion,"Caribe: los 14 miembros de la Comunidad del Caribe que son miembros de las Naciones Unidas, con énfasis regional y referencias a SIDS.",subregional:Subregional | regional:Regional,True,,,pendiente
https://hdl.handle.net/11362/39286,The Caribbean and the post-2015 development agenda,paises,"Caribe: los 14 miembros de la Comunidad del Caribe que son miembros de las Naciones Unidas, con énfasis regional y referencias a SIDS.",,True,,,pendiente
https://hdl.handle.net/11362/39286,The Caribbean and the post-2015 development agenda,subregiones,"Caribe: los 14 miembros de la Comunidad del Caribe que son miembros de las Naciones Unidas, con énfasis regional y referencias a SIDS.",caribe:Caribe,False,,,pendiente
https://hdl.handle.net/11362/39286,The Caribbean and the post-2015 development agenda,sectores,"Crecimiento, infraestructura, energía, agricultura, desarrollo humano, resiliencia climática, ambiente, instituciones, financiamiento y datos.",agricultura:Agricultura | energia:Energía | finanzas:Finanzas y financiamiento,False,,,pendiente
https://hdl.handle.net/11362/39286,The Caribbean and the post-2015 development agenda,organizaciones,"Sistema de Naciones Unidas, IPCC, Banco Mundial, UNCTAD, OWG de los ODS, CARICOM y documentos internacionales de Rio+20 y SIDS.",ipcc:IPCC | naciones_unidas:Naciones Unidas | banco_mundial:Banco Mundial,False,,,pendiente
https://hdl.handle.net/11362/39360,Emisiones de gases de efecto invernadero y mitigación en el sector residuos. La economía del cambio climático en la Argentina,autoria,Ricardo Vicari,Ricardo Vicari,False,,,pendiente
https://hdl.handle.net/11362/39360,Emisiones de gases de efecto invernadero y mitigación en el sector residuos. La economía del cambio climático en la Argentina,tipo_documento,Estudio sectorial técnico de modelización y evaluación de mitigación,,True,,,pendiente
https://hdl.handle.net/11362/39360,Emisiones de gases de efecto invernadero y mitigación en el sector residuos. La economía del cambio climático en la Argentina,ambito_aplicacion,"Argentina, con desagregación nacional y de ciudades con rellenos sanitarios",multinivel:Multinivel,True,,,pendiente
https://hdl.handle.net/11362/39360,Emisiones de gases de efecto invernadero y mitigación en el sector residuos. La economía del cambio climático en la Argentina,paises,"Argentina, con desagregación nacional y de ciudades con rellenos sanitarios",argentina:Argentina,False,,,pendiente
https://hdl.handle.net/11362/39360,Emisiones de gases de efecto invernadero y mitigación en el sector residuos. La economía del cambio climático en la Argentina,subregiones,"Argentina, con desagregación nacional y de ciudades con rellenos sanitarios",,True,,,pendiente
https://hdl.handle.net/11362/39360,Emisiones de gases de efecto invernadero y mitigación en el sector residuos. La economía del cambio climático en la Argentina,sectores,"Residuos sólidos urbanos, aguas residuales domésticas e industriales; emisiones de CH4 y N2O",,True,,,pendiente
https://hdl.handle.net/11362/39360,Emisiones de gases de efecto invernadero y mitigación en el sector residuos. La economía del cambio climático en la Argentina,organizaciones,"IPCC, USEPA, LandGEM, CABA, CEAMSE y experiencias de Japón y Minas Gerais (Brasil)",ipcc:IPCC,False,,,pendiente
https://hdl.handle.net/11362/39367,Financiamiento para el cambio climático en América Latina y el Caribe en 2014,autoria,Joseluis Samaniego; Heloísa Schneider,Joseluis Samaniego | Heloísa Schneider,False,,,pendiente
https://hdl.handle.net/11362/39367,Financiamiento para el cambio climático en América Latina y el Caribe en 2014,tipo_documento,Documento de Proyecto,estudio_tecnico:Estudio técnico,False,,,pendiente
https://hdl.handle.net/11362/39367,Financiamiento para el cambio climático en América Latina y el Caribe en 2014,ambito_aplicacion,"América Latina y el Caribe, con desagregación regional, subregional y nacional cuando las fuentes lo permiten",regional:Regional | subregional:Subregional,True,,,pendiente
https://hdl.handle.net/11362/39367,Financiamiento para el cambio climático en América Latina y el Caribe en 2014,paises,"América Latina y el Caribe, con desagregación regional, subregional y nacional cuando las fuentes lo permiten",,True,,,pendiente
https://hdl.handle.net/11362/39367,Financiamiento para el cambio climático en América Latina y el Caribe en 2014,subregiones,"América Latina y el Caribe, con desagregación regional, subregional y nacional cuando las fuentes lo permiten",alc:América Latina y el Caribe | caribe:Caribe,False,,,pendiente
https://hdl.handle.net/11362/39367,Financiamiento para el cambio climático en América Latina y el Caribe en 2014,sectores,"Mitigación, adaptación, energía, transporte, infraestructura, agricultura, bosques, agua, residuos y mercados financieros",agricultura:Agricultura | agua:Agua y recursos hídricos | energia:Energía | transporte:Transporte | ecosistemas:Ecosistemas y biodiversidad,False,,,pendiente
https://hdl.handle.net/11362/39367,Financiamiento para el cambio climático en América Latina y el Caribe en 2014,organizaciones,"IPCC, CMNUCC, Unión Europea, Banco Mundial, bancos multilaterales y metodologías internacionales de seguimiento",ipcc:IPCC | banco_mundial:Banco Mundial,False,,,pendiente
https://hdl.handle.net/11362/39407,"Producto interno bruto, pobreza y cambio climático en Centroamérica: una exploración metodológica inicial",autoria,Karina Caballero y Jaime Olivares,Karina Caballero | Jaime Olivares,False,,,pendiente
https://hdl.handle.net/11362/39407,"Producto interno bruto, pobreza y cambio climático en Centroamérica: una exploración metodológica inicial",tipo_documento,Documento de proyecto / exploración metodológica,estudio_tecnico:Estudio técnico,False,,,pendiente
https://hdl.handle.net/11362/39407,"Producto interno bruto, pobreza y cambio climático en Centroamérica: una exploración metodológica inicial",ambito_aplicacion,"Centroamérica: Costa Rica, El Salvador, Guatemala, Honduras, Nicaragua y Panamá, con desagregación urbana y rural.",subregional:Subregional | subnacional:Subnacional,True,,,pendiente
https://hdl.handle.net/11362/39407,"Producto interno bruto, pobreza y cambio climático en Centroamérica: una exploración metodológica inicial",paises,"Centroamérica: Costa Rica, El Salvador, Guatemala, Honduras, Nicaragua y Panamá, con desagregación urbana y rural.",costa_rica:Costa Rica | el_salvador:El Salvador | guatemala:Guatemala | honduras:Honduras | nicaragua:Nicaragua | panama:Panamá,False,,,pendiente
https://hdl.handle.net/11362/39407,"Producto interno bruto, pobreza y cambio climático en Centroamérica: una exploración metodológica inicial",subregiones,"Centroamérica: Costa Rica, El Salvador, Guatemala, Honduras, Nicaragua y Panamá, con desagregación urbana y rural.",centroamerica:Centroamérica,False,,,pendiente
https://hdl.handle.net/11362/39407,"Producto interno bruto, pobreza y cambio climático en Centroamérica: una exploración metodológica inicial",sectores,"PIB total, PIB agropecuario, ingresos de los hogares, pobreza e indigencia; impactos climáticos en agricultura, recursos hídricos, eventos extremos hidrometeorológicos y biodiversidad.",agricultura:Agricultura | agua:Agua y recursos hídricos | ecosistemas:Ecosistemas y biodiversidad | proteccion_social:Protección social,False,,,pendiente
https://hdl.handle.net/11362/39407,"Producto interno bruto, pobreza y cambio climático en Centroamérica: una exploración metodológica inicial",organizaciones,"Escenarios de emisiones A2 y B2 del IPCC, proyecciones demográficas de CELADE y escenarios del proyecto Economía del Cambio Climático en Centroamérica (ECC CA).",ipcc:IPCC,False,,,pendiente
https://hdl.handle.net/11362/39534,Innovaciones institucionales y en políticas sobre agricultura y cambio climático: evidencia en América Latina y el Caribe,autoria,"Adrián G. Rodríguez, Tania T. López, Laura E. Meza y Ana M. Loboguerrero",Adrián G. Rodríguez | Tania T. López | Laura E. Meza | Ana M. Loboguerrero,False,,,pendiente
https://hdl.handle.net/11362/39534,Innovaciones institucionales y en políticas sobre agricultura y cambio climático: evidencia en América Latina y el Caribe,tipo_documento,Documento de Proyecto,estudio_tecnico:Estudio técnico,False,,,pendiente
https://hdl.handle.net/11362/39534,Innovaciones institucionales y en políticas sobre agricultura y cambio climático: evidencia en América Latina y el Caribe,ambito_aplicacion,"América Latina y el Caribe, con revisión comparada de marcos nacionales y ejemplos de Brasil, Chile, Colombia, Costa Rica, Cuba, México, Uruguay y países de Centroamérica.",regional:Regional | subregional:Subregional,True,,,pendiente
https://hdl.handle.net/11362/39534,Innovaciones institucionales y en políticas sobre agricultura y cambio climático: evidencia en América Latina y el Caribe,paises,"América Latina y el Caribe, con revisión comparada de marcos nacionales y ejemplos de Brasil, Chile, Colombia, Costa Rica, Cuba, México, Uruguay y países de Centroamérica.",brasil:Brasil | chile:Chile | colombia:Colombia | costa_rica:Costa Rica | cuba:Cuba | mexico:México | uruguay:Uruguay,False,,,pendiente
https://hdl.handle.net/11362/39534,Innovaciones institucionales y en políticas sobre agricultura y cambio climático: evidencia en América Latina y el Caribe,subregiones,"América Latina y el Caribe, con revisión comparada de marcos nacionales y ejemplos de Brasil, Chile, Colombia, Costa Rica, Cuba, México, Uruguay y países de Centroamérica.",alc:América Latina y el Caribe | centroamerica:Centroamérica | caribe:Caribe,False,,,pendiente
https://hdl.handle.net/11362/39534,Innovaciones institucionales y en políticas sobre agricultura y cambio climático: evidencia en América Latina y el Caribe,sectores,"Agricultura, ganadería, seguridad alimentaria, recursos hídricos, bosques y desarrollo rural, articulados con adaptación, mitigación y gestión de riesgos climáticos.",agricultura:Agricultura | agua:Agua y recursos hídricos | ecosistemas:Ecosistemas y biodiversidad,False,,,pendiente
https://hdl.handle.net/11362/39534,Innovaciones institucionales y en políticas sobre agricultura y cambio climático: evidencia en América Latina y el Caribe,organizaciones,"CMNUCC, Protocolo de Kioto, IPCC, FAO, CEPAL, CGIAR-CCAFS, organismos de integración regional y fondos climáticos internacionales, usados como marcos, fuentes o mecanismos de cooperación.",cepal:CEPAL | fao:FAO | ipcc:IPCC,False,,,pendiente
https://hdl.handle.net/11362/39661,Federalismo ambiental en América Latina: una revisión,autoria,Fausto Hernández Trillo,Fausto Hernández Trillo,False,,,pendiente
https://hdl.handle.net/11362/39661,Federalismo ambiental en América Latina: una revisión,tipo_documento,Documento de Proyecto,estudio_tecnico:Estudio técnico,False,,,pendiente
https://hdl.handle.net/11362/39661,Federalismo ambiental en América Latina: una revisión,ambito_aplicacion,"América Latina; con análisis nacionales de Brasil, Argentina y México y un caso comparado de China.",,False,,,pendiente
https://hdl.handle.net/11362/39661,Federalismo ambiental en América Latina: una revisión,paises,"América Latina; con análisis nacionales de Brasil, Argentina y México y un caso comparado de China.",argentina:Argentina | brasil:Brasil | mexico:México,False,,,pendiente
https://hdl.handle.net/11362/39661,Federalismo ambiental en América Latina: una revisión,subregiones,"América Latina; con análisis nacionales de Brasil, Argentina y México y un caso comparado de China.",,True,,,pendiente
https://hdl.handle.net/11362/39661,Federalismo ambiental en América Latina: una revisión,sectores,"Política ambiental, cambio climático, recursos hídricos, contaminación, impuestos, regulación y gasto público.",agua:Agua y recursos hídricos,False,,,pendiente
https://hdl.handle.net/11362/39661,Federalismo ambiental en América Latina: una revisión,organizaciones,"Estados Unidos, Unión Europea y literatura comparada sobre federalismo fiscal y ambiental.",,True,,,pendiente
https://hdl.handle.net/11362/39751,El cambio climático y la energía en América Latina,autoria,David R. Heres Del Valle,David R. Heres Del Valle,False,,,pendiente
https://hdl.handle.net/11362/39751,El cambio climático y la energía en América Latina,tipo_documento,Documento de proyecto o estudio técnico,estudio_tecnico:Estudio técnico,False,,,pendiente
https://hdl.handle.net/11362/39751,El cambio climático y la energía en América Latina,ambito_aplicacion,"América Latina y el Caribe, con estudios nacionales y comparados sobre Argentina, Bolivia, Brasil, Chile, Colombia, Ecuador, El Salvador, Honduras, México, Nicaragua, Panamá, Perú, Uruguay, Venezuela y otros países de la región.",regional:Regional | subregional:Subregional | subnacional:Subnacional,True,,,pendiente
https://hdl.handle.net/11362/39751,El cambio climático y la energía en América Latina,paises,"América Latina y el Caribe, con estudios nacionales y comparados sobre Argentina, Bolivia, Brasil, Chile, Colombia, Ecuador, El Salvador, Honduras, México, Nicaragua, Panamá, Perú, Uruguay, Venezuela y otros países de la región.",argentina:Argentina | bolivia:Bolivia (Estado Plurinacional de) | brasil:Brasil | chile:Chile | colombia:Colombia | ecuador:Ecuador | el_salvador:El Salvador | honduras:Honduras | mexico:México | nicaragua:Nicaragua | panama:Panamá | peru:Perú | uruguay:Uruguay | venezuela:Venezuela (República Bolivariana de),False,,,pendiente
https://hdl.handle.net/11362/39751,El cambio climático y la energía en América Latina,subregiones,"América Latina y el Caribe, con estudios nacionales y comparados sobre Argentina, Bolivia, Brasil, Chile, Colombia, Ecuador, El Salvador, Honduras, México, Nicaragua, Panamá, Perú, Uruguay, Venezuela y otros países de la región.",alc:América Latina y el Caribe | caribe:Caribe,False,,,pendiente
https://hdl.handle.net/11362/39751,El cambio climático y la energía en América Latina,sectores,"Mercado energético: oferta, demanda, transporte, industria, hogares, electricidad, combustibles fósiles, biocombustibles, energías renovables y eficiencia energética; efectos en salud, educación, agua, ingreso y comunidades.",agua:Agua y recursos hídricos | energia:Energía | transporte:Transporte | salud:Salud | industria:Industria,False,,,pendiente
https://hdl.handle.net/11362/39751,El cambio climático y la energía en América Latina,organizaciones,"Literatura académica y bases de WRI, Banco Mundial, IEA, IIASA/GEA, IPCC, OCDE y Global Renewable Fuels Alliance; se usan la OCDE y el mundo como referencias comparativas.",ipcc:IPCC | ocde:OCDE | banco_mundial:Banco Mundial,False,,,pendiente
https://hdl.handle.net/11362/39752,"Estilos de desarrollo, heterogeneidad estructural y cambio climático en América Latina",autoria,Rubén Mario Lo Vuolo,Rubén Mario Lo Vuolo,False,,,pendiente
https://hdl.handle.net/11362/39752,"Estilos de desarrollo, heterogeneidad estructural y cambio climático en América Latina",tipo_documento,Documento de Proyecto,estudio_tecnico:Estudio técnico,False,,,pendiente
https://hdl.handle.net/11362/39752,"Estilos de desarrollo, heterogeneidad estructural y cambio climático en América Latina",ambito_aplicacion,"América Latina, con atención a sus economías periféricas, patrones productivos, consumo y sistemas de protección social.",,False,,,pendiente
https://hdl.handle.net/11362/39752,"Estilos de desarrollo, heterogeneidad estructural y cambio climático en América Latina",paises,"América Latina, con atención a sus economías periféricas, patrones productivos, consumo y sistemas de protección social.",,True,,,pendiente
https://hdl.handle.net/11362/39752,"Estilos de desarrollo, heterogeneidad estructural y cambio climático en América Latina",subregiones,"América Latina, con atención a sus economías periféricas, patrones productivos, consumo y sistemas de protección social.",,True,,,pendiente
https://hdl.handle.net/11362/39752,"Estilos de desarrollo, heterogeneidad estructural y cambio climático en América Latina",sectores,"Especialización productiva y exportación de bienes primarios; heterogeneidad productiva y empleo; consumo, energía y transporte; protección social; salud y educación; emisiones de servicios públicos.",energia:Energía | transporte:Transporte | salud:Salud | empleo:Empleo | proteccion_social:Protección social,False,,,pendiente
https://hdl.handle.net/11362/39752,"Estilos de desarrollo, heterogeneidad estructural y cambio climático en América Latina",organizaciones,"Países industrializados, economías asiáticas de reciente industrialización y estudios del Reino Unido sobre la huella de carbono del National Health Service.",,True,,,pendiente
https://hdl.handle.net/11362/39781,Medidas de adaptación y mitigación frente al cambio climático en América Latina y el Caribe: Una revisión general,autoria,Luis Sánchez; Orlando Reyes,Luis Sánchez | Orlando Reyes,False,,,pendiente
https://hdl.handle.net/11362/39781,Medidas de adaptación y mitigación frente al cambio climático en América Latina y el Caribe: Una revisión general,tipo_documento,Documento de proyecto o estudio técnico,estudio_tecnico:Estudio técnico,False,,,pendiente
https://hdl.handle.net/11362/39781,Medidas de adaptación y mitigación frente al cambio climático en América Latina y el Caribe: Una revisión general,ambito_aplicacion,"América Latina y el Caribe, con síntesis regional y medidas identificadas por país y sector.",regional:Regional | subregional:Subregional | nacional:Nacional,True,,,pendiente
https://hdl.handle.net/11362/39781,Medidas de adaptación y mitigación frente al cambio climático en América Latina y el Caribe: Una revisión general,paises,"América Latina y el Caribe, con síntesis regional y medidas identificadas por país y sector.",,True,,,pendiente
https://hdl.handle.net/11362/39781,Medidas de adaptación y mitigación frente al cambio climático en América Latina y el Caribe: Una revisión general,subregiones,"América Latina y el Caribe, con síntesis regional y medidas identificadas por país y sector.",alc:América Latina y el Caribe | caribe:Caribe,False,,,pendiente
https://hdl.handle.net/11362/39781,Medidas de adaptación y mitigación frente al cambio climático en América Latina y el Caribe: Una revisión general,sectores,"Adaptación en agua, biodiversidad, bosques, agricultura, infraestructura, asentamientos humanos, salud y turismo; mitigación en bosques, energía, transporte, agricultura, residuos y cambio de uso del suelo.",agricultura:Agricultura | agua:Agua y recursos hídricos | energia:Energía | transporte:Transporte | salud:Salud | ciudades_vivienda:Ciudades y vivienda | ecosistemas:Ecosistemas y biodiversidad,False,,,pendiente
https://hdl.handle.net/11362/39781,Medidas de adaptación y mitigación frente al cambio climático en América Latina y el Caribe: Una revisión general,organizaciones,"Comunicaciones nacionales ante la Convención Marco de las Naciones Unidas sobre el Cambio Climático, planes y estrategias nacionales, IPCC, WRI-CAIT, CEPALSTAT, OLADE y CELADE.",ipcc:IPCC | naciones_unidas:Naciones Unidas,False,,,pendiente
https://hdl.handle.net/11362/39824,Cambio climático y actividades agropecuarias en América Latina,autoria,Alejandro J. López Feldman,Alejandro J. López Feldman,False,,,pendiente
https://hdl.handle.net/11362/39824,Cambio climático y actividades agropecuarias en América Latina,tipo_documento,Documento de Proyecto,estudio_tecnico:Estudio técnico,False,,,pendiente
https://hdl.handle.net/11362/39824,Cambio climático y actividades agropecuarias en América Latina,ambito_aplicacion,"América Latina, con énfasis comparativo en Centroamérica y estudios de países como Argentina, Brasil, Chile, Colombia, Ecuador, México, Perú, Uruguay y Venezuela.",subregional:Subregional,True,,,pendiente
https://hdl.handle.net/11362/39824,Cambio climático y actividades agropecuarias en América Latina,paises,"América Latina, con énfasis comparativo en Centroamérica y estudios de países como Argentina, Brasil, Chile, Colombia, Ecuador, México, Perú, Uruguay y Venezuela.",argentina:Argentina | brasil:Brasil | chile:Chile | colombia:Colombia | ecuador:Ecuador | mexico:México | peru:Perú | uruguay:Uruguay | venezuela:Venezuela (República Bolivariana de),False,,,pendiente
https://hdl.handle.net/11362/39824,Cambio climático y actividades agropecuarias en América Latina,subregiones,"América Latina, con énfasis comparativo en Centroamérica y estudios de países como Argentina, Brasil, Chile, Colombia, Ecuador, México, Perú, Uruguay y Venezuela.",centroamerica:Centroamérica,False,,,pendiente
https://hdl.handle.net/11362/39824,Cambio climático y actividades agropecuarias en América Latina,sectores,"Agricultura, ganadería, cultivos, seguridad alimentaria, pobreza rural, agua, irrigación, suelo, bosques, investigación agrícola y políticas públicas de adaptación.",agricultura:Agricultura | agua:Agua y recursos hídricos | ecosistemas:Ecosistemas y biodiversidad | proteccion_social:Protección social,False,,,pendiente
https://hdl.handle.net/11362/39824,Cambio climático y actividades agropecuarias en América Latina,organizaciones,"Literatura económica y climática sintetizada por CEPAL, IPCC, Banco Mundial, FAO, OCDE y estudios nacionales; los análisis empíricos incluyen una muestra de más de 2.200 granjas en siete países latinoamericanos y modelos globales de mercados y equilibrio general.",cepal:CEPAL | fao:FAO | ipcc:IPCC | ocde:OCDE | banco_mundial:Banco Mundial,False,,,pendiente
https://hdl.handle.net/11362/39842,Adaptación al cambio climático en América Latina y el Caribe,autoria,Graciela O. Magrin,Graciela O. Magrin,False,,,pendiente
https://hdl.handle.net/11362/39842,Adaptación al cambio climático en América Latina y el Caribe,tipo_documento,Documento de Proyecto,estudio_tecnico:Estudio técnico,False,,,pendiente
https://hdl.handle.net/11362/39842,Adaptación al cambio climático en América Latina y el Caribe,ambito_aplicacion,"América Latina y el Caribe, con análisis comparado de Centroamérica, América del Sur, el Caribe, la región Andina, el sudeste de América del Sur y países específicos.",regional:Regional | subregional:Subregional | subnacional:Subnacional,True,,,pendiente
https://hdl.handle.net/11362/39842,Adaptación al cambio climático en América Latina y el Caribe,paises,"América Latina y el Caribe, con análisis comparado de Centroamérica, América del Sur, el Caribe, la región Andina, el sudeste de América del Sur y países específicos.",,True,,,pendiente
https://hdl.handle.net/11362/39842,Adaptación al cambio climático en América Latina y el Caribe,subregiones,"América Latina y el Caribe, con análisis comparado de Centroamérica, América del Sur, el Caribe, la región Andina, el sudeste de América del Sur y países específicos.",alc:América Latina y el Caribe | centroamerica:Centroamérica | caribe:Caribe | region_andina:Región Andina,False,,,pendiente
https://hdl.handle.net/11362/39842,Adaptación al cambio climático en América Latina y el Caribe,sectores,"Agricultura, recursos hídricos, ecosistemas, bosques, energía, gestión del riesgo, información climática, seguros, ciencia y tecnología y políticas públicas.",agricultura:Agricultura | agua:Agua y recursos hídricos | energia:Energía | ecosistemas:Ecosistemas y biodiversidad,False,,,pendiente
https://hdl.handle.net/11362/39842,Adaptación al cambio climático en América Latina y el Caribe,organizaciones,"IPCC AR5/SREX, EUROCLIMA, CIAT/REGATTA, RIOCC/PIACC y experiencias nacionales citadas como referentes metodológicos o de política.",ipcc:IPCC,False,,,pendiente
https://hdl.handle.net/11362/39843,Sendas de desarrollo bajas en carbono en ciudades metropolitanas de América Latina,autoria,"Joseluis Samaniego, Laetitia Montero y María Teresa Ruiz-Tagle",Joseluis Samaniego | Laetitia Montero | María Teresa Ruiz-Tagle,False,,,pendiente
https://hdl.handle.net/11362/39843,Sendas de desarrollo bajas en carbono en ciudades metropolitanas de América Latina,tipo_documento,Documento de proyecto,estudio_tecnico:Estudio técnico,False,,,pendiente
https://hdl.handle.net/11362/39843,Sendas de desarrollo bajas en carbono en ciudades metropolitanas de América Latina,ambito_aplicacion,"América Latina y el Caribe, con análisis detallado de Santiago de Chile, São Paulo y Ciudad de México, y revisión de Lima, Bogotá, Buenos Aires, Río de Janeiro y Quito.",regional:Regional | subregional:Subregional | subnacional:Subnacional,True,,,pendiente
https://hdl.handle.net/11362/39843,Sendas de desarrollo bajas en carbono en ciudades metropolitanas de América Latina,paises,"América Latina y el Caribe, con análisis detallado de Santiago de Chile, São Paulo y Ciudad de México, y revisión de Lima, Bogotá, Buenos Aires, Río de Janeiro y Quito.",chile:Chile | mexico:México,False,,,pendiente
https://hdl.handle.net/11362/39843,Sendas de desarrollo bajas en carbono en ciudades metropolitanas de América Latina,subregiones,"América Latina y el Caribe, con análisis detallado de Santiago de Chile, São Paulo y Ciudad de México, y revisión de Lima, Bogotá, Buenos Aires, Río de Janeiro y Quito.",alc:América Latina y el Caribe | caribe:Caribe,False,,,pendiente
https://hdl.handle.net/11362/39843,Sendas de desarrollo bajas en carbono en ciudades metropolitanas de América Latina,sectores,"Transporte y movilidad, edificación, energía, residuos sólidos urbanos, agua y saneamiento; planificación urbana, regulación, tecnología y política fiscal.",agua:Agua y recursos hídricos | energia:Energía | transporte:Transporte,False,,,pendiente
https://hdl.handle.net/11362/39843,Sendas de desarrollo bajas en carbono en ciudades metropolitanas de América Latina,organizaciones,"CEPAL, GIZ, IPCC, PNUMA, OECD y experiencias e instrumentos nacionales y municipales citados como marcos o antecedentes.",cepal:CEPAL | ipcc:IPCC | ocde:OCDE,False,,,pendiente
https://hdl.handle.net/11362/39855,El cambio climático y sus efectos en la biodiversidad en América Latina,autoria,Eduardo Uribe Botero,Eduardo Uribe Botero,False,,,pendiente
https://hdl.handle.net/11362/39855,El cambio climático y sus efectos en la biodiversidad en América Latina,tipo_documento,Documento de proyecto / estudio técnico,estudio_tecnico:Estudio técnico,False,,,pendiente
https://hdl.handle.net/11362/39855,El cambio climático y sus efectos en la biodiversidad en América Latina,ambito_aplicacion,"América Latina y el Caribe, con ejemplos nacionales de Argentina, Bolivia, Brasil, Chile, Colombia, Costa Rica, Cuba, Ecuador, Guatemala, Honduras, México, Panamá, Perú y otros países de la región.",regional:Regional | subregional:Subregional | subnacional:Subnacional,True,,,pendiente
https://hdl.handle.net/11362/39855,El cambio climático y sus efectos en la biodiversidad en América Latina,paises,"América Latina y el Caribe, con ejemplos nacionales de Argentina, Bolivia, Brasil, Chile, Colombia, Costa Rica, Cuba, Ecuador, Guatemala, Honduras, México, Panamá, Perú y otros países de la región.",argentina:Argentina | bolivia:Bolivia (Estado Plurinacional de) | brasil:Brasil | chile:Chile | colombia:Colombia | costa_rica:Costa Rica | cuba:Cuba | ecuador:Ecuador | guatemala:Guatemala | honduras:Honduras | mexico:México | panama:Panamá | peru:Perú,False,,,pendiente
https://hdl.handle.net/11362/39855,El cambio climático y sus efectos en la biodiversidad en América Latina,subregiones,"América Latina y el Caribe, con ejemplos nacionales de Argentina, Bolivia, Brasil, Chile, Colombia, Costa Rica, Cuba, Ecuador, Guatemala, Honduras, México, Panamá, Perú y otros países de la región.",alc:América Latina y el Caribe | caribe:Caribe,False,,,pendiente
https://hdl.handle.net/11362/39855,El cambio climático y sus efectos en la biodiversidad en América Latina,sectores,"Biodiversidad, bosques, áreas protegidas, corredores biológicos, ecosistemas marinos y costeros, agua, agricultura, pesca, turismo y valoración económica ambiental.",agricultura:Agricultura | agua:Agua y recursos hídricos | ecosistemas:Ecosistemas y biodiversidad,False,,,pendiente
https://hdl.handle.net/11362/39855,El cambio climático y sus efectos en la biodiversidad en América Latina,organizaciones,"IPCC, UICN, UNEP, GIZ, BID, PNUD, USAID, KfW y literatura internacional sobre biodiversidad y valoración económica.",bid:BID | ipcc:IPCC,False,,,pendiente
https://hdl.handle.net/11362/39977,Reflexiones sobre el desarrollo en América Latina y el Caribe: conferencias magistrales 2015,autoria,"Alicia Bárcena, Jean Pisani-Ferry, Ole Petter Ottersen, Li Keqiang, Juan Orlando Hernández y Nicholas Stern",Alicia Bárcena | Jean Pisani-Ferry | Ole Petter Ottersen | Li Keqiang | Juan Orlando Hernández | Nicholas Stern,False,,,pendiente
https://hdl.handle.net/11362/39977,Reflexiones sobre el desarrollo en América Latina y el Caribe: conferencias magistrales 2015,tipo_documento,Compilación de conferencias magistrales,compilacion:Compilación,False,,,pendiente
https://hdl.handle.net/11362/39977,Reflexiones sobre el desarrollo en América Latina y el Caribe: conferencias magistrales 2015,ambito_aplicacion,"América Latina y el Caribe, con referencias comparadas a Europa, China, Estados Unidos, India y Francia.",regional:Regional | subregional:Subregional,True,,,pendiente
https://hdl.handle.net/11362/39977,Reflexiones sobre el desarrollo en América Latina y el Caribe: conferencias magistrales 2015,paises,"América Latina y el Caribe, con referencias comparadas a Europa, China, Estados Unidos, India y Francia.",,True,,,pendiente
https://hdl.handle.net/11362/39977,Reflexiones sobre el desarrollo en América Latina y el Caribe: conferencias magistrales 2015,subregiones,"América Latina y el Caribe, con referencias comparadas a Europa, China, Estados Unidos, India y Francia.",alc:América Latina y el Caribe | caribe:Caribe,False,,,pendiente
https://hdl.handle.net/11362/39977,Reflexiones sobre el desarrollo en América Latina y el Caribe: conferencias magistrales 2015,sectores,"Multisectorial: crecimiento, desigualdad, salud, integración, infraestructura, energía, ciudades, contaminación, financiamiento, innovación y gobernanza.",energia:Energía | salud:Salud | ciudades_vivienda:Ciudades y vivienda | finanzas:Finanzas y financiamiento | proteccion_social:Protección social,False,,,pendiente
https://hdl.handle.net/11362/39977,Reflexiones sobre el desarrollo en América Latina y el Caribe: conferencias magistrales 2015,organizaciones,CEPAL y su tradición histórico-estructural; COP15 de Copenhague y COP21 de París; Informe Stern; Banco Europeo de Reconstrucción y Desarrollo; Naciones Unidas.,cepal:CEPAL | naciones_unidas:Naciones Unidas,False,,,pendiente
https://hdl.handle.net/11362/40159,Horizontes 2030: la igualdad en el centro del desarrollo sostenible,autoria,,,False,,,pendiente
https://hdl.handle.net/11362/40159,Horizontes 2030: la igualdad en el centro del desarrollo sostenible,tipo_documento,Informe institucional insignia,informe:Informe,False,,,pendiente
https://hdl.handle.net/11362/40159,Horizontes 2030: la igualdad en el centro del desarrollo sostenible,ambito_aplicacion,"América Latina y el Caribe, con análisis subregional de América del Sur, Centroamérica y el Caribe, y propuestas aplicables en los niveles mundial, regional, nacional y local.",regional:Regional | subregional:Subregional | subnacional:Subnacional | multinivel:Multinivel,True,,,pendiente
https://hdl.handle.net/11362/40159,Horizontes 2030: la igualdad en el centro del desarrollo sostenible,paises,"América Latina y el Caribe, con análisis subregional de América del Sur, Centroamérica y el Caribe, y propuestas aplicables en los niveles mundial, regional, nacional y local.",,True,,,pendiente
https://hdl.handle.net/11362/40159,Horizontes 2030: la igualdad en el centro del desarrollo sostenible,subregiones,"América Latina y el Caribe, con análisis subregional de América del Sur, Centroamérica y el Caribe, y propuestas aplicables en los niveles mundial, regional, nacional y local.",alc:América Latina y el Caribe | centroamerica:Centroamérica | caribe:Caribe,False,,,pendiente
https://hdl.handle.net/11362/40159,Horizontes 2030: la igualdad en el centro del desarrollo sostenible,sectores,"Transformación productiva e industrial, macroeconomía y finanzas, comercio e integración, energía, transporte urbano, bioeconomía, agricultura, protección social, educación, salud, tecnologías digitales y gobernanza ambiental.",agricultura:Agricultura | energia:Energía | transporte:Transporte | salud:Salud | ciudades_vivienda:Ciudades y vivienda | industria:Industria | comercio:Comercio | finanzas:Finanzas y financiamiento | proteccion_social:Protección social,False,,,pendiente
https://hdl.handle.net/11362/40159,Horizontes 2030: la igualdad en el centro del desarrollo sostenible,organizaciones,"Agenda 2030 y ODS, Naciones Unidas, IPCC, Acuerdo de París, Protocolo de Kyoto, FMI, Banco Mundial, G20, OMC, China, Estados Unidos, Unión Europea, BRICS y acuerdos comerciales megarregionales.",ipcc:IPCC | naciones_unidas:Naciones Unidas | banco_mundial:Banco Mundial,False,,,pendiente
https://hdl.handle.net/11362/40253,Proposal on debt for climate adaptation swaps: a strategy for growth and economic transformation of Caribbean economies,autoria,"Economic Commission for Latin America and the Caribbean (ECLAC), Subregional Headquarters for the Caribbean",Economic Commission for Latin America and the Caribbean (ECLAC) | Subregional Headquarters for the Caribbean,False,,,pendiente
https://hdl.handle.net/11362/40253,Proposal on debt for climate adaptation swaps: a strategy for growth and economic transformation of Caribbean economies,tipo_documento,Propuesta de política / documento técnico regional,,True,,,pendiente
https://hdl.handle.net/11362/40253,Proposal on debt for climate adaptation swaps: a strategy for growth and economic transformation of Caribbean economies,ambito_aplicacion,"Caribe: países caribeños miembros de la CEPAL y pequeños Estados insulares en desarrollo, con tratamiento diferenciado según su estructura de deuda.",subregional:Subregional,True,,,pendiente
https://hdl.handle.net/11362/40253,Proposal on debt for climate adaptation swaps: a strategy for growth and economic transformation of Caribbean economies,paises,"Caribe: países caribeños miembros de la CEPAL y pequeños Estados insulares en desarrollo, con tratamiento diferenciado según su estructura de deuda.",,True,,,pendiente
https://hdl.handle.net/11362/40253,Proposal on debt for climate adaptation swaps: a strategy for growth and economic transformation of Caribbean economies,subregiones,"Caribe: países caribeños miembros de la CEPAL y pequeños Estados insulares en desarrollo, con tratamiento diferenciado según su estructura de deuda.",caribe:Caribe,False,,,pendiente
https://hdl.handle.net/11362/40253,Proposal on debt for climate adaptation swaps: a strategy for growth and economic transformation of Caribbean economies,sectores,"Gestión de deuda pública, finanzas climáticas, adaptación y mitigación, industrias verdes, energía, transporte, agricultura, turismo e infraestructura resiliente.",agricultura:Agricultura | energia:Energía | transporte:Transporte | finanzas:Finanzas y financiamiento,False,,,pendiente
https://hdl.handle.net/11362/40253,Proposal on debt for climate adaptation swaps: a strategy for growth and economic transformation of Caribbean economies,organizaciones,"ECLAC, Green Climate Fund (GCF), Caribbean Resilience Fund (CRF), acreedores multilaterales, bilaterales y privados, IMF, CARICOM y UNFCCC.",,True,,,pendiente
https://hdl.handle.net/11362/40297,Efectos distributivos de las políticas públicas para la mitigación del cambio climático en América Latina: una aproximación con un meta-análisis,autoria,Maximiliano Álvarez C.,Maximiliano Álvarez C,False,,,pendiente
https://hdl.handle.net/11362/40297,Efectos distributivos de las políticas públicas para la mitigación del cambio climático en América Latina: una aproximación con un meta-análisis,tipo_documento,Documento de Proyecto,estudio_tecnico:Estudio técnico,False,,,pendiente
https://hdl.handle.net/11362/40297,Efectos distributivos de las políticas públicas para la mitigación del cambio climático en América Latina: una aproximación con un meta-análisis,ambito_aplicacion,"América Latina, con evidencia de gasto de hogares de Argentina, Chile, Colombia, Costa Rica, Ecuador, El Salvador, México, Nicaragua y Uruguay.",,False,,,pendiente
https://hdl.handle.net/11362/40297,Efectos distributivos de las políticas públicas para la mitigación del cambio climático en América Latina: una aproximación con un meta-análisis,paises,"América Latina, con evidencia de gasto de hogares de Argentina, Chile, Colombia, Costa Rica, Ecuador, El Salvador, México, Nicaragua y Uruguay.",argentina:Argentina | chile:Chile | colombia:Colombia | costa_rica:Costa Rica | ecuador:Ecuador | el_salvador:El Salvador | mexico:México | nicaragua:Nicaragua | uruguay:Uruguay,False,,,pendiente
https://hdl.handle.net/11362/40297,Efectos distributivos de las políticas públicas para la mitigación del cambio climático en América Latina: una aproximación con un meta-análisis,subregiones,"América Latina, con evidencia de gasto de hogares de Argentina, Chile, Colombia, Costa Rica, Ecuador, El Salvador, México, Nicaragua y Uruguay.",,True,,,pendiente
https://hdl.handle.net/11362/40297,Efectos distributivos de las políticas públicas para la mitigación del cambio climático en América Latina: una aproximación con un meta-análisis,sectores,"Instrumentos fiscales y de mercado, regulación y apoyo tecnológico para reducir emisiones; efectos sobre consumo, transporte, energía, factores productivos y gasto de los hogares.",energia:Energía | transporte:Transporte,False,,,pendiente
https://hdl.handle.net/11362/40297,Efectos distributivos de las políticas públicas para la mitigación del cambio climático en América Latina: una aproximación con un meta-análisis,organizaciones,"Literatura internacional sobre políticas climáticas, principalmente estudios de economías desarrolladas; solo 8 de 51 estudios revisados analizan economías en desarrollo.",,True,,,pendiente
https://hdl.handle.net/11362/40299,"Agrobiodiversidad, agricultura familiar y cambio climático",autoria,Adrián G. Rodríguez y Laura E. Meza (editores),Adrián G. Rodríguez | Laura E. Meza (editores),False,,,pendiente
https://hdl.handle.net/11362/40299,"Agrobiodiversidad, agricultura familiar y cambio climático",tipo_documento,Serie Seminarios y Conferencias,memoria_seminario:Memoria de seminario,False,,,pendiente
https://hdl.handle.net/11362/40299,"Agrobiodiversidad, agricultura familiar y cambio climático",ambito_aplicacion,"América Latina y el Caribe, con experiencias nacionales y locales de Bolivia, Brasil, Chile, Costa Rica, Cuba, Guatemala, México y Nicaragua",regional:Regional | subregional:Subregional,True,,,pendiente
https://hdl.handle.net/11362/40299,"Agrobiodiversidad, agricultura familiar y cambio climático",paises,"América Latina y el Caribe, con experiencias nacionales y locales de Bolivia, Brasil, Chile, Costa Rica, Cuba, Guatemala, México y Nicaragua",bolivia:Bolivia (Estado Plurinacional de) | brasil:Brasil | chile:Chile | costa_rica:Costa Rica | cuba:Cuba | guatemala:Guatemala | mexico:México | nicaragua:Nicaragua,False,,,pendiente
https://hdl.handle.net/11362/40299,"Agrobiodiversidad, agricultura familiar y cambio climático",subregiones,"América Latina y el Caribe, con experiencias nacionales y locales de Bolivia, Brasil, Chile, Costa Rica, Cuba, Guatemala, México y Nicaragua",alc:América Latina y el Caribe | caribe:Caribe,False,,,pendiente
https://hdl.handle.net/11362/40299,"Agrobiodiversidad, agricultura familiar y cambio climático",sectores,"Agricultura familiar campesina e indígena, semillas y recursos fitogenéticos, sistemas alimentarios, patrimonio agrícola y políticas agroambientales",agricultura:Agricultura,False,,,pendiente
https://hdl.handle.net/11362/40299,"Agrobiodiversidad, agricultura familiar y cambio climático",organizaciones,"IPCC, FAO, IICA, SIPAM y experiencias de África",fao:FAO | ipcc:IPCC,False,,,pendiente
https://hdl.handle.net/11362/40308,Evaluaciones del desempeño ambiental: Chile 2016,autoria,OCDE y CEPAL,OCDE | CEPAL,False,,,pendiente
https://hdl.handle.net/11362/40308,Evaluaciones del desempeño ambiental: Chile 2016,tipo_documento,Informe de evaluación del desempeño ambiental,informe:Informe,False,,,pendiente
https://hdl.handle.net/11362/40308,Evaluaciones del desempeño ambiental: Chile 2016,ambito_aplicacion,"Chile, con atención a regiones, cuencas, ciudades y sectores productivos específicos.",,False,,,pendiente
https://hdl.handle.net/11362/40308,Evaluaciones del desempeño ambiental: Chile 2016,paises,"Chile, con atención a regiones, cuencas, ciudades y sectores productivos específicos.",chile:Chile,False,,,pendiente
https://hdl.handle.net/11362/40308,Evaluaciones del desempeño ambiental: Chile 2016,subregiones,"Chile, con atención a regiones, cuencas, ciudades y sectores productivos específicos.",,True,,,pendiente
https://hdl.handle.net/11362/40308,Evaluaciones del desempeño ambiental: Chile 2016,sectores,"Desempeño ambiental; gobernanza; energía, transporte, minería, agricultura, silvicultura y pesca; agua, residuos, contaminación, crecimiento verde, cambio climático y biodiversidad.",agricultura:Agricultura | agua:Agua y recursos hídricos | energia:Energía | transporte:Transporte | ecosistemas:Ecosistemas y biodiversidad,False,,,pendiente
https://hdl.handle.net/11362/40308,Evaluaciones del desempeño ambiental: Chile 2016,organizaciones,"OCDE, CEPAL, países miembros de la OCDE, Unión Europea, organismos multilaterales y convenios ambientales internacionales.",cepal:CEPAL | ocde:OCDE,False,,,pendiente
https://hdl.handle.net/11362/40642,Generación de bases de datos climáticos para el análisis de riesgos en las costas de Santa Catarina (Brasil),autoria,Íñigo J. Losada Rodríguez y Cristina Izaguirre Lasa,Íñigo J. Losada Rodríguez | Cristina Izaguirre Lasa,False,,,pendiente
https://hdl.handle.net/11362/40642,Generación de bases de datos climáticos para el análisis de riesgos en las costas de Santa Catarina (Brasil),tipo_documento,Documento técnico,,True,,,pendiente
https://hdl.handle.net/11362/40642,Generación de bases de datos climáticos para el análisis de riesgos en las costas de Santa Catarina (Brasil),ambito_aplicacion,"Santa Catarina, Brasil",,False,,,pendiente
https://hdl.handle.net/11362/40642,Generación de bases de datos climáticos para el análisis de riesgos en las costas de Santa Catarina (Brasil),paises,"Santa Catarina, Brasil",brasil:Brasil,False,,,pendiente
https://hdl.handle.net/11362/40642,Generación de bases de datos climáticos para el análisis de riesgos en las costas de Santa Catarina (Brasil),subregiones,"Santa Catarina, Brasil",,True,,,pendiente
https://hdl.handle.net/11362/40642,Generación de bases de datos climáticos para el análisis de riesgos en las costas de Santa Catarina (Brasil),sectores,"Gestión de riesgos costeros, hidrología, climatología",,True,,,pendiente
https://hdl.handle.net/11362/40642,Generación de bases de datos climáticos para el análisis de riesgos en las costas de Santa Catarina (Brasil),organizaciones,,,True,,,pendiente
https://hdl.handle.net/11362/40669,La Unión Europea y América Latina y el Caribe ante la Agenda 2030 para el Desarrollo Sostenible: el gran impulso ambiental,autoria,,,False,,,pendiente
https://hdl.handle.net/11362/40669,La Unión Europea y América Latina y el Caribe ante la Agenda 2030 para el Desarrollo Sostenible: el gran impulso ambiental,tipo_documento,Informe de la CEPAL,informe:Informe,False,,,pendiente
https://hdl.handle.net/11362/40669,La Unión Europea y América Latina y el Caribe ante la Agenda 2030 para el Desarrollo Sostenible: el gran impulso ambiental,ambito_aplicacion,Birregional (Unión Europea y América Latina y el Caribe),regional:Regional | subregional:Subregional,True,,,pendiente
https://hdl.handle.net/11362/40669,La Unión Europea y América Latina y el Caribe ante la Agenda 2030 para el Desarrollo Sostenible: el gran impulso ambiental,paises,Birregional (Unión Europea y América Latina y el Caribe),,True,,,pendiente
https://hdl.handle.net/11362/40669,La Unión Europea y América Latina y el Caribe ante la Agenda 2030 para el Desarrollo Sostenible: el gran impulso ambiental,subregiones,Birregional (Unión Europea y América Latina y el Caribe),alc:América Latina y el Caribe | caribe:Caribe,False,,,pendiente
https://hdl.handle.net/11362/40669,La Unión Europea y América Latina y el Caribe ante la Agenda 2030 para el Desarrollo Sostenible: el gran impulso ambiental,sectores,"Multisectorial, abarcando variables macroeconómicas, relaciones comerciales de exportación e importación, inversión extranjera directa (IED), protección social, desigualdad y pobreza, e infraestructura sostenible como la economía digital (TIC y banda ancha), telecomunicaciones y la matriz de energía (energías renovables no convencionales).",energia:Energía | finanzas:Finanzas y financiamiento | proteccion_social:Protección social,False,,,pendiente
https://hdl.handle.net/11362/40669,La Unión Europea y América Latina y el Caribe ante la Agenda 2030 para el Desarrollo Sostenible: el gran impulso ambiental,organizaciones,"La implementación de la Agenda 2030, los Objetivos de Desarrollo Sostenible (ODS) de las Naciones Unidas, el Acuerdo de París de la CMNUCC sobre cambio climático y la Estrategia Europa 2020.",naciones_unidas:Naciones Unidas,False,,,pendiente
https://hdl.handle.net/11362/40708,La Economía del Cambio Climático en Honduras: Mensajes Clave 2016,autoria,"Karina Caballero (autora principal), en colaboración con Julie Lennox, Diana Ramírez y Jaime Olivares (CEPAL), y con la revisión de Sergio Palacios y Ana Patricia Martínez (MiAmbiente+)",Karina Caballero (autora principal) | en colaboración con Julie Lennox | Diana Ramírez | Jaime Olivares (CEPAL) | y con la revisión de Sergio Palacios | Ana Patricia Martínez (MiAmbiente+),True,,,pendiente
https://hdl.handle.net/11362/40708,La Economía del Cambio Climático en Honduras: Mensajes Clave 2016,tipo_documento,Resumen de mensajes clave / Estudio técnico,estudio_tecnico:Estudio técnico,False,,,pendiente
https://hdl.handle.net/11362/40708,La Economía del Cambio Climático en Honduras: Mensajes Clave 2016,ambito_aplicacion,"Honduras a nivel nacional y departamental (detallando impactos agrícolas, hídricos, de aridez y de biodiversidad en sus 18 departamentos, y estudios de caso específicos como la hidroelectricidad en la cuenca de El Cajón y las infecciones respiratorias en Tegucigalpa).",nacional:Nacional | subnacional:Subnacional | multinivel:Multinivel,True,,,pendiente
https://hdl.handle.net/11362/40708,La Economía del Cambio Climático en Honduras: Mensajes Clave 2016,paises,"Honduras a nivel nacional y departamental (detallando impactos agrícolas, hídricos, de aridez y de biodiversidad en sus 18 departamentos, y estudios de caso específicos como la hidroelectricidad en la cuenca de El Cajón y las infecciones respiratorias en Tegucigalpa).",honduras:Honduras,False,,,pendiente
https://hdl.handle.net/11362/40708,La Economía del Cambio Climático en Honduras: Mensajes Clave 2016,subregiones,"Honduras a nivel nacional y departamental (detallando impactos agrícolas, hídricos, de aridez y de biodiversidad en sus 18 departamentos, y estudios de caso específicos como la hidroelectricidad en la cuenca de El Cajón y las infecciones respiratorias en Tegucigalpa).",,True,,,pendiente
https://hdl.handle.net/11362/40708,La Economía del Cambio Climático en Honduras: Mensajes Clave 2016,sectores,"Multisectorial: macroeconomía y demografía, cambio de uso del suelo (CUT), clima (temperatura, precipitación, aridez, eventos extremos), recursos hídricos, sector hidroeléctrico, sector agropecuario (cultivo de maíz, frijol, arroz y café), aseguramiento y seguros agropecuarios, biodiversidad y ecosistemas (zonas de vida Holdridge), salud pública (infecciones respiratorias agudas, influenza y otras enfermedades vectoriales), mitigación de gases de efecto invernadero (Kaya y metas INDC/NAMA) y análisis macroeconómico de costos económicos agregados.",agricultura:Agricultura | agua:Agua y recursos hídricos | salud:Salud | ecosistemas:Ecosistemas y biodiversidad,False,,,pendiente
https://hdl.handle.net/11362/40708,La Economía del Cambio Climático en Honduras: Mensajes Clave 2016,organizaciones,"Centroamérica y la República Dominicana como contexto regional bajo la iniciativa de la Economía del Cambio Climático en Centroamérica (ECC CARD); el Sistema de la Integración Centroamericana (SICA) y sus órganos técnicos (CCAD, COSEFIN, SIECA, CAC, COMISCA) para el desarrollo de lineamientos de política regional; instituciones y organismos técnicos internacionales (OPS, Instituto de Meteorología de Cuba - INSMET, e Instituto Nacional de Salud Pública de México - INSP) como cooperantes en materia epidemiológica; y marcos globales como el Acuerdo de París (COP21), las Convenciones de Río (Biodiversidad, Desertificación y Sequía, y Cambio Climático) y la Agenda 2030 para el Desarrollo Sostenible con sus Objetivos de Desarrollo Sostenible (ODS).",,True,,,pendiente
https://hdl.handle.net/11362/40841,"Cambio climático, políticas públicas y demanda de energía y gasolinas en América Latina: Un meta-análisis",autoria,"Luis Miguel Galindo, Joseluis Samaniego, Jimy Ferrer",Luis Miguel Galindo | Joseluis Samaniego | Jimy Ferrer,False,,,pendiente
https://hdl.handle.net/11362/40841,"Cambio climático, políticas públicas y demanda de energía y gasolinas en América Latina: Un meta-análisis",tipo_documento,Meta-análisis,,True,,,pendiente
https://hdl.handle.net/11362/40841,"Cambio climático, políticas públicas y demanda de energía y gasolinas en América Latina: Un meta-análisis",ambito_aplicacion,América Latina,,False,,,pendiente
https://hdl.handle.net/11362/40841,"Cambio climático, políticas públicas y demanda de energía y gasolinas en América Latina: Un meta-análisis",paises,América Latina,,True,,,pendiente
https://hdl.handle.net/11362/40841,"Cambio climático, políticas públicas y demanda de energía y gasolinas en América Latina: Un meta-análisis",subregiones,América Latina,,True,,,pendiente
https://hdl.handle.net/11362/40841,"Cambio climático, políticas públicas y demanda de energía y gasolinas en América Latina: Un meta-análisis",sectores,Energía y transporte,energia:Energía | transporte:Transporte,False,,,pendiente
https://hdl.handle.net/11362/40841,"Cambio climático, políticas públicas y demanda de energía y gasolinas en América Latina: Un meta-análisis",organizaciones,Países de la OCDE,ocde:OCDE,False,,,pendiente
https://hdl.handle.net/11362/40843,Avaliação do Fundo Clima,autoria,"CEPAL, Ipea, GIZ",CEPAL | Ipea | GIZ,False,,,pendiente
https://hdl.handle.net/11362/40843,Avaliação do Fundo Clima,tipo_documento,Relatório de avaliação,,True,,,pendiente
https://hdl.handle.net/11362/40843,Avaliação do Fundo Clima,ambito_aplicacion,Brasil,,False,,,pendiente
https://hdl.handle.net/11362/40843,Avaliação do Fundo Clima,paises,Brasil,brasil:Brasil,False,,,pendiente
https://hdl.handle.net/11362/40843,Avaliação do Fundo Clima,subregiones,Brasil,,True,,,pendiente
https://hdl.handle.net/11362/40843,Avaliação do Fundo Clima,sectores,Mitigação e adaptação climática,,True,,,pendiente
https://hdl.handle.net/11362/40843,Avaliação do Fundo Clima,organizaciones,"México, Fundo Amazônia, Fundo Socioambiental (Caixa)",,True,,,pendiente
https://hdl.handle.net/11362/40867,De los cambios cuadráticos a los cambios exponenciales: relación entre estructura económica y sostenibilidad,autoria,Tommaso Ciarli y María Savona,Tommaso Ciarli | María Savona,False,,,pendiente
https://hdl.handle.net/11362/40867,De los cambios cuadráticos a los cambios exponenciales: relación entre estructura económica y sostenibilidad,tipo_documento,Documento de proyecto,estudio_tecnico:Estudio técnico,False,,,pendiente
https://hdl.handle.net/11362/40867,De los cambios cuadráticos a los cambios exponenciales: relación entre estructura económica y sostenibilidad,ambito_aplicacion,América Latina y global,,False,,,pendiente
https://hdl.handle.net/11362/40867,De los cambios cuadráticos a los cambios exponenciales: relación entre estructura económica y sostenibilidad,paises,América Latina y global,,True,,,pendiente
https://hdl.handle.net/11362/40867,De los cambios cuadráticos a los cambios exponenciales: relación entre estructura económica y sostenibilidad,subregiones,América Latina y global,,True,,,pendiente
https://hdl.handle.net/11362/40867,De los cambios cuadráticos a los cambios exponenciales: relación entre estructura económica y sostenibilidad,sectores,"Multisectorial (Industria, Servicios, Energía, Recursos Naturales)",energia:Energía | industria:Industria,False,,,pendiente
https://hdl.handle.net/11362/40867,De los cambios cuadráticos a los cambios exponenciales: relación entre estructura económica y sostenibilidad,organizaciones,"Naciones Unidas (CEPAL), SPRU (University of Sussex)",cepal:CEPAL | naciones_unidas:Naciones Unidas,False,,,pendiente
https://hdl.handle.net/11362/40887,"Factibilidad legal, regulatoria e institucional de la participación del Banco de Fomento Agropecuario de El Salvador en los seguros agropecuarios",autoria,CEPAL | Banco de Fomento Agropecuario (BFA),CEPAL | Banco de Fomento Agropecuario (BFA),False,,,pendiente
https://hdl.handle.net/11362/40887,"Factibilidad legal, regulatoria e institucional de la participación del Banco de Fomento Agropecuario de El Salvador en los seguros agropecuarios",tipo_documento,Documento de proyecto,estudio_tecnico:Estudio técnico,False,,,pendiente
https://hdl.handle.net/11362/40887,"Factibilidad legal, regulatoria e institucional de la participación del Banco de Fomento Agropecuario de El Salvador en los seguros agropecuarios",ambito_aplicacion,El Salvador,,False,,,pendiente
https://hdl.handle.net/11362/40887,"Factibilidad legal, regulatoria e institucional de la participación del Banco de Fomento Agropecuario de El Salvador en los seguros agropecuarios",paises,El Salvador,el_salvador:El Salvador,False,,,pendiente
https://hdl.handle.net/11362/40887,"Factibilidad legal, regulatoria e institucional de la participación del Banco de Fomento Agropecuario de El Salvador en los seguros agropecuarios",subregiones,El Salvador,,True,,,pendiente
https://hdl.handle.net/11362/40887,"Factibilidad legal, regulatoria e institucional de la participación del Banco de Fomento Agropecuario de El Salvador en los seguros agropecuarios",sectores,"Agropecuario (granos básicos, hortalizas, frutas, café), Financiero (seguros, crédito), Institucional/Legal",agricultura:Agricultura,False,,,pendiente
https://hdl.handle.net/11362/40887,"Factibilidad legal, regulatoria e institucional de la participación del Banco de Fomento Agropecuario de El Salvador en los seguros agropecuarios",organizaciones,"BFA, MAG, SSF, BCR, CCRIF, COSEFIN, SEGIB, BID, Banco Mundial, CMNUCC",bid:BID | banco_mundial:Banco Mundial,False,,,pendiente
https://hdl.handle.net/11362/40895,OCDE - Avaliações de Desempenho Ambiental: Brasil 2015,autoria,,,False,,,pendiente
https://hdl.handle.net/11362/40895,OCDE - Avaliações de Desempenho Ambiental: Brasil 2015,tipo_documento,Avaliação de Desempenho Ambiental,,True,,,pendiente
https://hdl.handle.net/11362/40895,OCDE - Avaliações de Desempenho Ambiental: Brasil 2015,ambito_aplicacion,Brasil,,False,,,pendiente
https://hdl.handle.net/11362/40895,OCDE - Avaliações de Desempenho Ambiental: Brasil 2015,paises,Brasil,brasil:Brasil,False,,,pendiente
https://hdl.handle.net/11362/40895,OCDE - Avaliações de Desempenho Ambiental: Brasil 2015,subregiones,Brasil,,True,,,pendiente
https://hdl.handle.net/11362/40895,OCDE - Avaliações de Desempenho Ambiental: Brasil 2015,sectores,"Multisectorial (energía, agricultura, infraestructura, industria)",agricultura:Agricultura | energia:Energía | industria:Industria,False,,,pendiente
https://hdl.handle.net/11362/40895,OCDE - Avaliações de Desempenho Ambiental: Brasil 2015,organizaciones,Países de la OCDE y BRICS,ocde:OCDE,False,,,pendiente
https://hdl.handle.net/11362/40922,Cambio climático y políticas públicas forestales en América Latina: una visión preliminar,autoria,"Ederson Augusto Zanetti, José Javier Gómez, Silvia Jessica Mostacedo y Orlando Reyes",Ederson Augusto Zanetti | José Javier Gómez | Silvia Jessica Mostacedo | Orlando Reyes,False,,,pendiente
https://hdl.handle.net/11362/40922,Cambio climático y políticas públicas forestales en América Latina: una visión preliminar,tipo_documento,Documento de Proyecto,estudio_tecnico:Estudio técnico,False,,,pendiente
https://hdl.handle.net/11362/40922,Cambio climático y políticas públicas forestales en América Latina: una visión preliminar,ambito_aplicacion,"Regional (América Latina: Argentina, Bolivia, Brasil, Chile, Colombia, Costa Rica, Cuba, Ecuador, El Salvador, Guatemala, Honduras, México, Nicaragua, Panamá, Paraguay, Perú, Uruguay, Venezuela)",regional:Regional,True,,,pendiente
https://hdl.handle.net/11362/40922,Cambio climático y políticas públicas forestales en América Latina: una visión preliminar,paises,"Regional (América Latina: Argentina, Bolivia, Brasil, Chile, Colombia, Costa Rica, Cuba, Ecuador, El Salvador, Guatemala, Honduras, México, Nicaragua, Panamá, Paraguay, Perú, Uruguay, Venezuela)",argentina:Argentina | bolivia:Bolivia (Estado Plurinacional de) | brasil:Brasil | chile:Chile | colombia:Colombia | costa_rica:Costa Rica | cuba:Cuba | ecuador:Ecuador | el_salvador:El Salvador | guatemala:Guatemala | honduras:Honduras | mexico:México | nicaragua:Nicaragua | panama:Panamá | paraguay:Paraguay | peru:Perú | uruguay:Uruguay | venezuela:Venezuela (República Bolivariana de),False,,,pendiente
https://hdl.handle.net/11362/40922,Cambio climático y políticas públicas forestales en América Latina: una visión preliminar,subregiones,"Regional (América Latina: Argentina, Bolivia, Brasil, Chile, Colombia, Costa Rica, Cuba, Ecuador, El Salvador, Guatemala, Honduras, México, Nicaragua, Panamá, Paraguay, Perú, Uruguay, Venezuela)",,True,,,pendiente
https://hdl.handle.net/11362/40922,Cambio climático y políticas públicas forestales en América Latina: una visión preliminar,sectores,"Forestal (LULUCF/AFOLU), agropecuario, energía, biodiversidad, agua",agricultura:Agricultura | agua:Agua y recursos hídricos | energia:Energía | ecosistemas:Ecosistemas y biodiversidad,False,,,pendiente
https://hdl.handle.net/11362/40922,Cambio climático y políticas públicas forestales en América Latina: una visión preliminar,organizaciones,"CMNUCC, IPCC, Unión Europea (Programa EUROCLIMA), Noruega, Suiza, Alemania (GIZ, BMZ), Banco Mundial, BID, FAO, PNUD, PNUMA, WRI",bid:BID | fao:FAO | ipcc:IPCC | banco_mundial:Banco Mundial,False,,,pendiente
https://hdl.handle.net/11362/41010,Financiamiento para el cambio climático en América Latina y el Caribe en 2015,autoria,"Joseluis Samaniego, Heloísa Schneider",Joseluis Samaniego | Heloísa Schneider,False,,,pendiente
https://hdl.handle.net/11362/41010,Financiamiento para el cambio climático en América Latina y el Caribe en 2015,tipo_documento,Documentos de Proyectos,,True,,,pendiente
https://hdl.handle.net/11362/41010,Financiamiento para el cambio climático en América Latina y el Caribe en 2015,ambito_aplicacion,América Latina y el Caribe (ALC),regional:Regional | subregional:Subregional,True,,,pendiente
https://hdl.handle.net/11362/41010,Financiamiento para el cambio climático en América Latina y el Caribe en 2015,paises,América Latina y el Caribe (ALC),,True,,,pendiente
https://hdl.handle.net/11362/41010,Financiamiento para el cambio climático en América Latina y el Caribe en 2015,subregiones,América Latina y el Caribe (ALC),alc:América Latina y el Caribe | caribe:Caribe,False,,,pendiente
https://hdl.handle.net/11362/41010,Financiamiento para el cambio climático en América Latina y el Caribe en 2015,sectores,Financiamiento climático; Mitigación y Adaptación; Energía Renovable; Transporte Sustentable; Agricultura y Forestería.,agricultura:Agricultura | energia:Energía | transporte:Transporte | finanzas:Finanzas y financiamiento,False,,,pendiente
https://hdl.handle.net/11362/41010,Financiamiento para el cambio climático en América Latina y el Caribe en 2015,organizaciones,"Unión Europea (Programa EUROCLIMA), Alemania, Reino Unido, Dinamarca, Banco Mundial, BID, CAF.",bid:BID | banco_mundial:Banco Mundial,False,,,pendiente
https://hdl.handle.net/11362/41041,Vulnerabilidad y adaptación de las ciudades de América Latina al cambio climático,autoria,Sergio Margulis,Sergio Margulis,False,,,pendiente
https://hdl.handle.net/11362/41041,Vulnerabilidad y adaptación de las ciudades de América Latina al cambio climático,tipo_documento,Documentos de Proyectos,,True,,,pendiente
https://hdl.handle.net/11362/41041,Vulnerabilidad y adaptación de las ciudades de América Latina al cambio climático,ambito_aplicacion,América Latina y el Caribe,regional:Regional | subregional:Subregional,True,,,pendiente
https://hdl.handle.net/11362/41041,Vulnerabilidad y adaptación de las ciudades de América Latina al cambio climático,paises,América Latina y el Caribe,,True,,,pendiente
https://hdl.handle.net/11362/41041,Vulnerabilidad y adaptación de las ciudades de América Latina al cambio climático,subregiones,América Latina y el Caribe,alc:América Latina y el Caribe | caribe:Caribe,False,,,pendiente
https://hdl.handle.net/11362/41041,Vulnerabilidad y adaptación de las ciudades de América Latina al cambio climático,sectores,"Desarrollo urbano, transporte, energía, gestión de riesgos, infraestructura resiliente",energia:Energía | transporte:Transporte | ciudades_vivienda:Ciudades y vivienda,False,,,pendiente
https://hdl.handle.net/11362/41041,Vulnerabilidad y adaptación de las ciudades de América Latina al cambio climático,organizaciones,"Unión Europea (programa EUROCLIMA), IPCC, diversos casos internacionales (Tokio, Nueva York)",ipcc:IPCC,False,,,pendiente
https://hdl.handle.net/11362/41101,La transversalización del enfoque de género en las políticas públicas frente al cambio climático en América Latina,autoria,Marina Casas Varez,Marina Casas Varez,False,,,pendiente
https://hdl.handle.net/11362/41101,La transversalización del enfoque de género en las políticas públicas frente al cambio climático en América Latina,tipo_documento,Estudios y Perspectivas - Cambio Climático,,True,,,pendiente
https://hdl.handle.net/11362/41101,La transversalización del enfoque de género en las políticas públicas frente al cambio climático en América Latina,ambito_aplicacion,América Latina y el Caribe,regional:Regional | subregional:Subregional,True,,,pendiente
https://hdl.handle.net/11362/41101,La transversalización del enfoque de género en las políticas públicas frente al cambio climático en América Latina,paises,América Latina y el Caribe,,True,,,pendiente
https://hdl.handle.net/11362/41101,La transversalización del enfoque de género en las políticas públicas frente al cambio climático en América Latina,subregiones,América Latina y el Caribe,alc:América Latina y el Caribe | caribe:Caribe,False,,,pendiente
https://hdl.handle.net/11362/41101,La transversalización del enfoque de género en las políticas públicas frente al cambio climático en América Latina,sectores,"Multisectorial (Agua, Energía, Salud, Agricultura, Desastres Naturales, Transporte)",agricultura:Agricultura | agua:Agua y recursos hídricos | energia:Energía | transporte:Transporte | salud:Salud,False,,,pendiente
https://hdl.handle.net/11362/41101,La transversalización del enfoque de género en las políticas públicas frente al cambio climático en América Latina,organizaciones,"Convención Marco de las Naciones Unidas sobre el Cambio Climático (CMNUCC), Objetivos de Desarrollo Sostenible (ODS), Plataforma de Acción de Beijing, CEDAW",naciones_unidas:Naciones Unidas,False,,,pendiente
https://hdl.handle.net/11362/41173,Informe anual sobre el progreso y los desafíos regionales de la Agenda 2030 para el Desarrollo Sostenible en América Latina y el Caribe,autoria,Comisión Económica para América Latina y el Caribe (CEPAL),Comisión Económica para América Latina | el Caribe (CEPAL),False,,,pendiente
https://hdl.handle.net/11362/41173,Informe anual sobre el progreso y los desafíos regionales de la Agenda 2030 para el Desarrollo Sostenible en América Latina y el Caribe,tipo_documento,Informe anual institucional,informe:Informe,False,,,pendiente
https://hdl.handle.net/11362/41173,Informe anual sobre el progreso y los desafíos regionales de la Agenda 2030 para el Desarrollo Sostenible en América Latina y el Caribe,ambito_aplicacion,"América Latina y el Caribe, con experiencias comparadas de países, territorios, gobiernos nacionales, subnacionales y locales de la región.",regional:Regional | subregional:Subregional | subnacional:Subnacional,True,,,pendiente
https://hdl.handle.net/11362/41173,Informe anual sobre el progreso y los desafíos regionales de la Agenda 2030 para el Desarrollo Sostenible en América Latina y el Caribe,paises,"América Latina y el Caribe, con experiencias comparadas de países, territorios, gobiernos nacionales, subnacionales y locales de la región.",,True,,,pendiente
https://hdl.handle.net/11362/41173,Informe anual sobre el progreso y los desafíos regionales de la Agenda 2030 para el Desarrollo Sostenible en América Latina y el Caribe,subregiones,"América Latina y el Caribe, con experiencias comparadas de países, territorios, gobiernos nacionales, subnacionales y locales de la región.",alc:América Latina y el Caribe | caribe:Caribe,False,,,pendiente
https://hdl.handle.net/11362/41173,Informe anual sobre el progreso y los desafíos regionales de la Agenda 2030 para el Desarrollo Sostenible en América Latina y el Caribe,sectores,"Implementación institucional de los ODS, planificación, presupuesto, coordinación multiactor, producción estadística, cooperación técnica y transición productiva y energética sostenible.",energia:Energía,False,,,pendiente
https://hdl.handle.net/11362/41173,Informe anual sobre el progreso y los desafíos regionales de la Agenda 2030 para el Desarrollo Sostenible en América Latina y el Caribe,organizaciones,"Asamblea General de las Naciones Unidas, Comisión de Estadística de las Naciones Unidas, PNUD, sistema de las Naciones Unidas, bancos de desarrollo, CARICOM, OCDE, OLADE, PNUMA, IRENA y otros organismos especializados.",naciones_unidas:Naciones Unidas | ocde:OCDE,False,,,pendiente
https://hdl.handle.net/11362/41783,Estimación de costos asociados a la seguridad hídrica en la agricultura como medida de adaptación al cambio climático en Chile,autoria,Francisco Meza,Francisco Meza,False,,,pendiente
https://hdl.handle.net/11362/41783,Estimación de costos asociados a la seguridad hídrica en la agricultura como medida de adaptación al cambio climático en Chile,tipo_documento,Documentos de Proyectos,,True,,,pendiente
https://hdl.handle.net/11362/41783,Estimación de costos asociados a la seguridad hídrica en la agricultura como medida de adaptación al cambio climático en Chile,ambito_aplicacion,Chile,,False,,,pendiente
https://hdl.handle.net/11362/41783,Estimación de costos asociados a la seguridad hídrica en la agricultura como medida de adaptación al cambio climático en Chile,paises,Chile,chile:Chile,False,,,pendiente
https://hdl.handle.net/11362/41783,Estimación de costos asociados a la seguridad hídrica en la agricultura como medida de adaptación al cambio climático en Chile,subregiones,Chile,,True,,,pendiente
https://hdl.handle.net/11362/41783,Estimación de costos asociados a la seguridad hídrica en la agricultura como medida de adaptación al cambio climático en Chile,sectores,Agricultura y recursos hídricos,agricultura:Agricultura | agua:Agua y recursos hídricos,False,,,pendiente
https://hdl.handle.net/11362/41783,Estimación de costos asociados a la seguridad hídrica en la agricultura como medida de adaptación al cambio climático en Chile,organizaciones,,,True,,,pendiente
https://hdl.handle.net/11362/41830,Valoración económica de los cobeneficios del aprovechamiento energético de los residuos agrícolas en el Ecuador,autoria,"Marco Calderón Loor, Fernando Andrade, Lorena Lizarzaburu, Mauricio Masache",Marco Calderón Loor | Fernando Andrade | Lorena Lizarzaburu | Mauricio Masache,False,,,pendiente
https://hdl.handle.net/11362/41830,Valoración económica de los cobeneficios del aprovechamiento energético de los residuos agrícolas en el Ecuador,tipo_documento,Documentos de Proyectos,,True,,,pendiente
https://hdl.handle.net/11362/41830,Valoración económica de los cobeneficios del aprovechamiento energético de los residuos agrícolas en el Ecuador,ambito_aplicacion,Ecuador (provincias de Guayas y Los Ríos),,False,,,pendiente
https://hdl.handle.net/11362/41830,Valoración económica de los cobeneficios del aprovechamiento energético de los residuos agrícolas en el Ecuador,paises,Ecuador (provincias de Guayas y Los Ríos),ecuador:Ecuador,False,,,pendiente
https://hdl.handle.net/11362/41830,Valoración económica de los cobeneficios del aprovechamiento energético de los residuos agrícolas en el Ecuador,subregiones,Ecuador (provincias de Guayas y Los Ríos),,True,,,pendiente
https://hdl.handle.net/11362/41830,Valoración económica de los cobeneficios del aprovechamiento energético de los residuos agrícolas en el Ecuador,sectores,Sector agrícola y sector energético (bioenergía),agricultura:Agricultura | energia:Energía,False,,,pendiente
https://hdl.handle.net/11362/41830,Valoración económica de los cobeneficios del aprovechamiento energético de los residuos agrícolas en el Ecuador,organizaciones,,,True,,,pendiente
https://hdl.handle.net/11362/41832,Metodologías para apoyar la estimación de costos en la implementación del Plan Nacional de Adaptación y Mitigación al Cambio Climático en Guatemala,autoria,Miguel Martínez Tuna,Miguel Martínez Tuna,False,,,pendiente
https://hdl.handle.net/11362/41832,Metodologías para apoyar la estimación de costos en la implementación del Plan Nacional de Adaptación y Mitigación al Cambio Climático en Guatemala,tipo_documento,Documento de proyecto,estudio_tecnico:Estudio técnico,False,,,pendiente
https://hdl.handle.net/11362/41832,Metodologías para apoyar la estimación de costos en la implementación del Plan Nacional de Adaptación y Mitigación al Cambio Climático en Guatemala,ambito_aplicacion,Guatemala,,False,,,pendiente
https://hdl.handle.net/11362/41832,Metodologías para apoyar la estimación de costos en la implementación del Plan Nacional de Adaptación y Mitigación al Cambio Climático en Guatemala,paises,Guatemala,guatemala:Guatemala,False,,,pendiente
https://hdl.handle.net/11362/41832,Metodologías para apoyar la estimación de costos en la implementación del Plan Nacional de Adaptación y Mitigación al Cambio Climático en Guatemala,subregiones,Guatemala,,True,,,pendiente
https://hdl.handle.net/11362/41832,Metodologías para apoyar la estimación de costos en la implementación del Plan Nacional de Adaptación y Mitigación al Cambio Climático en Guatemala,sectores,"Sector público (multisectorial: salud, infraestructura, recursos hídricos, agricultura, energía, transporte, recursos forestales, zonas marino-costeras)",agricultura:Agricultura | agua:Agua y recursos hídricos | energia:Energía | transporte:Transporte | salud:Salud,False,,,pendiente
https://hdl.handle.net/11362/41832,Metodologías para apoyar la estimación de costos en la implementación del Plan Nacional de Adaptación y Mitigación al Cambio Climático en Guatemala,organizaciones,"América Latina (Bolivia, Chile, Costa Rica, Perú, Uruguay); IPCC; CEPAL",cepal:CEPAL | ipcc:IPCC,False,,,pendiente
https://hdl.handle.net/11362/41867,Efectos potenciales de un impuesto al carbono sobre el producto interno bruto en los países de América Latina,autoria,Luis Miguel Galindo | Allan Beltrán | Jimy Ferrer Carbonell | José Eduardo Alatorre,Luis Miguel Galindo | Allan Beltrán | Jimy Ferrer Carbonell | José Eduardo Alatorre,False,,,pendiente
https://hdl.handle.net/11362/41867,Efectos potenciales de un impuesto al carbono sobre el producto interno bruto en los países de América Latina,tipo_documento,Documento de proyecto,estudio_tecnico:Estudio técnico,False,,,pendiente
https://hdl.handle.net/11362/41867,Efectos potenciales de un impuesto al carbono sobre el producto interno bruto en los países de América Latina,ambito_aplicacion,"América Latina (18 países: Argentina, Bolivia, Brasil, Chile, Colombia, Costa Rica, Ecuador, El Salvador, Guatemala, Honduras, México, Nicaragua, Panamá, Paraguay, Perú, Uruguay, Venezuela)",regional:Regional,True,,,pendiente
https://hdl.handle.net/11362/41867,Efectos potenciales de un impuesto al carbono sobre el producto interno bruto en los países de América Latina,paises,"América Latina (18 países: Argentina, Bolivia, Brasil, Chile, Colombia, Costa Rica, Ecuador, El Salvador, Guatemala, Honduras, México, Nicaragua, Panamá, Paraguay, Perú, Uruguay, Venezuela)",argentina:Argentina | bolivia:Bolivia (Estado Plurinacional de) | brasil:Brasil | chile:Chile | colombia:Colombia | costa_rica:Costa Rica | ecuador:Ecuador | el_salvador:El Salvador | guatemala:Guatemala | honduras:Honduras | mexico:México | nicaragua:Nicaragua | panama:Panamá | paraguay:Paraguay | peru:Perú | uruguay:Uruguay | venezuela:Venezuela (República Bolivariana de),False,,,pendiente
https://hdl.handle.net/11362/41867,Efectos potenciales de un impuesto al carbono sobre el producto interno bruto en los países de América Latina,subregiones,"América Latina (18 países: Argentina, Bolivia, Brasil, Chile, Colombia, Costa Rica, Ecuador, El Salvador, Guatemala, Honduras, México, Nicaragua, Panamá, Paraguay, Perú, Uruguay, Venezuela)",,True,,,pendiente
https://hdl.handle.net/11362/41867,Efectos potenciales de un impuesto al carbono sobre el producto interno bruto en los países de América Latina,sectores,Macroeconómico-fiscal; análisis de impuestos ambientales y su impacto sobre el PIB,,True,,,pendiente
https://hdl.handle.net/11362/41867,Efectos potenciales de un impuesto al carbono sobre el producto interno bruto en los países de América Latina,organizaciones,"Países miembros de la OCDE (principalmente europeos: Finlandia, Noruega, Suecia, Dinamarca, Suiza) y otros países con impuesto al carbono (Japón, Australia, Sudáfrica)",ocde:OCDE,False,,,pendiente
https://hdl.handle.net/11362/42057,"Identificación de instrumentos económicos, financieros, regulatorios y fiscales implementados por el Gobierno del Perú para un enfoque integrado del cambio climático",autoria,Elsa Galarza Contreras | José Luis Ruíz Pérez,Elsa Galarza Contreras | José Luis Ruíz Pérez,False,,,pendiente
https://hdl.handle.net/11362/42057,"Identificación de instrumentos económicos, financieros, regulatorios y fiscales implementados por el Gobierno del Perú para un enfoque integrado del cambio climático",tipo_documento,Documento de Proyectos,,True,,,pendiente
https://hdl.handle.net/11362/42057,"Identificación de instrumentos económicos, financieros, regulatorios y fiscales implementados por el Gobierno del Perú para un enfoque integrado del cambio climático",ambito_aplicacion,"Perú (nacional), tres sectores: gestión del recurso hídrico, agricultura y gestión del riesgo por desastres",,False,,,pendiente
https://hdl.handle.net/11362/42057,"Identificación de instrumentos económicos, financieros, regulatorios y fiscales implementados por el Gobierno del Perú para un enfoque integrado del cambio climático",paises,"Perú (nacional), tres sectores: gestión del recurso hídrico, agricultura y gestión del riesgo por desastres",peru:Perú,False,,,pendiente
https://hdl.handle.net/11362/42057,"Identificación de instrumentos económicos, financieros, regulatorios y fiscales implementados por el Gobierno del Perú para un enfoque integrado del cambio climático",subregiones,"Perú (nacional), tres sectores: gestión del recurso hídrico, agricultura y gestión del riesgo por desastres",,True,,,pendiente
https://hdl.handle.net/11362/42057,"Identificación de instrumentos económicos, financieros, regulatorios y fiscales implementados por el Gobierno del Perú para un enfoque integrado del cambio climático",sectores,"Gestión del recurso hídrico, agricultura, gestión del riesgo de desastres",agricultura:Agricultura,False,,,pendiente
https://hdl.handle.net/11362/42057,"Identificación de instrumentos económicos, financieros, regulatorios y fiscales implementados por el Gobierno del Perú para un enfoque integrado del cambio climático",organizaciones,Experiencias internacionales de instrumentos económicos ambientales; clasificación de Panayotou (1998); experiencias de otros países en bonos CAT y seguros paramétricos,,True,,,pendiente
https://hdl.handle.net/11362/42140,"Energía, cambio climático y desarrollo sostenible: los desafíos para América Latina",autoria,,,False,,,pendiente
https://hdl.handle.net/11362/42140,"Energía, cambio climático y desarrollo sostenible: los desafíos para América Latina",tipo_documento,Compilación de estudios técnicos,compilacion:Compilación,False,,,pendiente
https://hdl.handle.net/11362/42140,"Energía, cambio climático y desarrollo sostenible: los desafíos para América Latina",ambito_aplicacion,"América Latina y el Caribe (con especial enfoque en México, Cuba, Costa Rica, Honduras y Centroamérica)",regional:Regional | subregional:Subregional,True,,,pendiente
https://hdl.handle.net/11362/42140,"Energía, cambio climático y desarrollo sostenible: los desafíos para América Latina",paises,"América Latina y el Caribe (con especial enfoque en México, Cuba, Costa Rica, Honduras y Centroamérica)",costa_rica:Costa Rica | cuba:Cuba | honduras:Honduras | mexico:México,False,,,pendiente
https://hdl.handle.net/11362/42140,"Energía, cambio climático y desarrollo sostenible: los desafíos para América Latina",subregiones,"América Latina y el Caribe (con especial enfoque en México, Cuba, Costa Rica, Honduras y Centroamérica)",alc:América Latina y el Caribe | centroamerica:Centroamérica | caribe:Caribe,False,,,pendiente
https://hdl.handle.net/11362/42140,"Energía, cambio climático y desarrollo sostenible: los desafíos para América Latina",sectores,"Energía, electricidad, transporte terrestre, biocombustibles, regulación jurídica, finanzas públicas y contabilidad ambiental",energia:Energía | transporte:Transporte | finanzas:Finanzas y financiamiento,False,,,pendiente
https://hdl.handle.net/11362/42140,"Energía, cambio climático y desarrollo sostenible: los desafíos para América Latina",organizaciones,"Naciones Unidas (Agenda 2030, SCAEI); Unión Europea (ExternE, EcoSense); OIEA (SIMPACTS); Estados Unidos (BenMAP, importaciones de vehículos usados); India (Ministerio de Energías Renovables, Misión Solar India)",naciones_unidas:Naciones Unidas,False,,,pendiente
https://hdl.handle.net/11362/42154,Informe del seminario sobre metodologías para el análisis de los potenciales impactos del cambio climático sobre la seguridad alimentaria y tradicional en los países del sistema de la integración Centroamericana (SICA),autoria,,,False,,,pendiente
https://hdl.handle.net/11362/42154,Informe del seminario sobre metodologías para el análisis de los potenciales impactos del cambio climático sobre la seguridad alimentaria y tradicional en los países del sistema de la integración Centroamericana (SICA),tipo_documento,Informe de seminario,informe:Informe,False,,,pendiente
https://hdl.handle.net/11362/42154,Informe del seminario sobre metodologías para el análisis de los potenciales impactos del cambio climático sobre la seguridad alimentaria y tradicional en los países del sistema de la integración Centroamericana (SICA),ambito_aplicacion,"Región del SICA (Sistema de la Integración Centroamericana, incluyendo Costa Rica, El Salvador, Guatemala, Honduras, Nicaragua, Panamá y la República Dominicana)",subnacional:Subnacional,True,,,pendiente
https://hdl.handle.net/11362/42154,Informe del seminario sobre metodologías para el análisis de los potenciales impactos del cambio climático sobre la seguridad alimentaria y tradicional en los países del sistema de la integración Centroamericana (SICA),paises,"Región del SICA (Sistema de la Integración Centroamericana, incluyendo Costa Rica, El Salvador, Guatemala, Honduras, Nicaragua, Panamá y la República Dominicana)",costa_rica:Costa Rica | el_salvador:El Salvador | guatemala:Guatemala | honduras:Honduras | nicaragua:Nicaragua | panama:Panamá | republica_dominicana:República Dominicana,False,,,pendiente
https://hdl.handle.net/11362/42154,Informe del seminario sobre metodologías para el análisis de los potenciales impactos del cambio climático sobre la seguridad alimentaria y tradicional en los países del sistema de la integración Centroamericana (SICA),subregiones,"Región del SICA (Sistema de la Integración Centroamericana, incluyendo Costa Rica, El Salvador, Guatemala, Honduras, Nicaragua, Panamá y la República Dominicana)",,True,,,pendiente
https://hdl.handle.net/11362/42154,Informe del seminario sobre metodologías para el análisis de los potenciales impactos del cambio climático sobre la seguridad alimentaria y tradicional en los países del sistema de la integración Centroamericana (SICA),sectores,"Seguridad Alimentaria y Nutricional (SAN) e intersectorialidad (agropecuario, medio ambiente, salud, planificación, finanzas y comercio)",agricultura:Agricultura | salud:Salud | comercio:Comercio | finanzas:Finanzas y financiamiento,False,,,pendiente
https://hdl.handle.net/11362/42154,Informe del seminario sobre metodologías para el análisis de los potenciales impactos del cambio climático sobre la seguridad alimentaria y tradicional en los países del sistema de la integración Centroamericana (SICA),organizaciones,"Comunidad de Estados Latinoamericanos y Caribeños (CELAC), Acuerdo de París, Agenda 2030 (Asamblea General de las Naciones Unidas), y experiencias de otros bloques como la Unión Europea y el subcontinente africano",naciones_unidas:Naciones Unidas,False,,,pendiente
https://hdl.handle.net/11362/42175,Mainstreaming disaster risk management strategies in development instruments: Policy briefs for selected member countries of the Caribbean Development and Cooperation Committee,autoria,Omar D. Bello | Marion Khamis | Claudio Osorio | Leda Peralta,Omar D. Bello | Marion Khamis | Claudio Osorio | Leda Peralta,False,,,pendiente
https://hdl.handle.net/11362/42175,Mainstreaming disaster risk management strategies in development instruments: Policy briefs for selected member countries of the Caribbean Development and Cooperation Committee,tipo_documento,Policy brief / Serie de estudios y perspectivas,policy_brief:Policy brief,False,,,pendiente
https://hdl.handle.net/11362/42175,Mainstreaming disaster risk management strategies in development instruments: Policy briefs for selected member countries of the Caribbean Development and Cooperation Committee,ambito_aplicacion,"Cinco países miembros del CDCC: Bahamas, Belice, República Dominicana, Haití y Jamaica",regional:Regional,True,,,pendiente
https://hdl.handle.net/11362/42175,Mainstreaming disaster risk management strategies in development instruments: Policy briefs for selected member countries of the Caribbean Development and Cooperation Committee,paises,"Cinco países miembros del CDCC: Bahamas, Belice, República Dominicana, Haití y Jamaica",bahamas:Bahamas | belice:Belice | haiti:Haití | jamaica:Jamaica | republica_dominicana:República Dominicana,False,,,pendiente
https://hdl.handle.net/11362/42175,Mainstreaming disaster risk management strategies in development instruments: Policy briefs for selected member countries of the Caribbean Development and Cooperation Committee,subregiones,"Cinco países miembros del CDCC: Bahamas, Belice, República Dominicana, Haití y Jamaica",,True,,,pendiente
https://hdl.handle.net/11362/42175,Mainstreaming disaster risk management strategies in development instruments: Policy briefs for selected member countries of the Caribbean Development and Cooperation Committee,sectores,"Gestión del riesgo de desastres, desarrollo nacional, cambio climático, planificación territorial, política macroeconómica",,True,,,pendiente
https://hdl.handle.net/11362/42175,Mainstreaming disaster risk management strategies in development instruments: Policy briefs for selected member countries of the Caribbean Development and Cooperation Committee,organizaciones,"Marco de Sendai 2015-2030, Marco de Hyogo 2005-2015, Ruta de Samoa, Agenda 2030, CCRIF SPC, BID, Banco Mundial, CAF, FAO, OMS/OPS, CDEMA, SICA",bid:BID | fao:FAO | banco_mundial:Banco Mundial,False,,,pendiente
https://hdl.handle.net/11362/42228,La economía del cambio climático en América Latina y el Caribe: una visión gráfica,autoria,"Alicia Bárcena, Joseluis Samaniego, Luis Miguel Galindo, Jimy Ferrer Carbonell, José Eduardo Alatorre, Pauline Stockins, Orlando Reyes, Luis Sánchez, Jessica Mostacedo",Alicia Bárcena | Joseluis Samaniego | Luis Miguel Galindo | Jimy Ferrer Carbonell | José Eduardo Alatorre | Pauline Stockins | Orlando Reyes | Luis Sánchez | Jessica Mostacedo,False,,,pendiente
https://hdl.handle.net/11362/42228,La economía del cambio climático en América Latina y el Caribe: una visión gráfica,tipo_documento,Documento de proyecto o estudio técnico,estudio_tecnico:Estudio técnico,False,,,pendiente
https://hdl.handle.net/11362/42228,La economía del cambio climático en América Latina y el Caribe: una visión gráfica,ambito_aplicacion,"América Latina y el Caribe en su conjunto, con análisis específicos a nivel de países (como Argentina, Brasil, Chile, Colombia, Costa Rica, Ecuador, El Salvador, Guatemala, Honduras, México, Nicaragua, Paraguay, Perú, República Dominicana, Uruguay y Venezuela) e incluyendo subregiones específicas como Centroamérica, el noreste de Brasil y las islas del Caribe (p.21, p.32, p.47, p.50)",regional:Regional | subregional:Subregional,True,,,pendiente
https://hdl.handle.net/11362/42228,La economía del cambio climático en América Latina y el Caribe: una visión gráfica,paises,"América Latina y el Caribe en su conjunto, con análisis específicos a nivel de países (como Argentina, Brasil, Chile, Colombia, Costa Rica, Ecuador, El Salvador, Guatemala, Honduras, México, Nicaragua, Paraguay, Perú, República Dominicana, Uruguay y Venezuela) e incluyendo subregiones específicas como Centroamérica, el noreste de Brasil y las islas del Caribe (p.21, p.32, p.47, p.50)",argentina:Argentina | brasil:Brasil | chile:Chile | colombia:Colombia | costa_rica:Costa Rica | ecuador:Ecuador | el_salvador:El Salvador | guatemala:Guatemala | honduras:Honduras | mexico:México | nicaragua:Nicaragua | paraguay:Paraguay | peru:Perú | republica_dominicana:República Dominicana | uruguay:Uruguay | venezuela:Venezuela (República Bolivariana de),False,,,pendiente
https://hdl.handle.net/11362/42228,La economía del cambio climático en América Latina y el Caribe: una visión gráfica,subregiones,"América Latina y el Caribe en su conjunto, con análisis específicos a nivel de países (como Argentina, Brasil, Chile, Colombia, Costa Rica, Ecuador, El Salvador, Guatemala, Honduras, México, Nicaragua, Paraguay, Perú, República Dominicana, Uruguay y Venezuela) e incluyendo subregiones específicas como Centroamérica, el noreste de Brasil y las islas del Caribe (p.21, p.32, p.47, p.50)",alc:América Latina y el Caribe | centroamerica:Centroamérica | caribe:Caribe,False,,,pendiente
https://hdl.handle.net/11362/42228,La economía del cambio climático en América Latina y el Caribe: una visión gráfica,sectores,"Políticas públicas transversales de mitigación y adaptación, con énfasis en política fiscal ambiental (impuestos a combustibles, impuestos al transporte terrestre), sector energético (matriz energética de generación e hidroelectricidad), sector agropecuario (productividad agrícola y ciclos de cultivo), desarrollo urbano y transporte (motorización, migración periférica, contaminación del aire), recursos hídricos (disponibilidad y precipitación), silvicultura y biodiversidad (pérdida de cobertura forestal) y costas (población expuesta al alza del nivel del mar) (p.24, p.26, p.30, p.38, p.40, p.42, p.44, p.46, p.48, p.50)",agricultura:Agricultura | agua:Agua y recursos hídricos | energia:Energía | transporte:Transporte | ciudades_vivienda:Ciudades y vivienda | ecosistemas:Ecosistemas y biodiversidad,False,,,pendiente
https://hdl.handle.net/11362/42228,La economía del cambio climático en América Latina y el Caribe: una visión gráfica,organizaciones,"Unión Europea, por el contraste comparativo de la recaudación por impuestos ambientales y combustibles frente a América Latina (p.31); los países miembros de la OCDE, para contrastar elasticidades ingreso y precio de la demanda de gasolinas (p.31, p.32); el IPCC (informes de cambio climático) como base de las trayectorias de concentraciones globales y anomalías térmicas (p.17, p.32)",ipcc:IPCC | ocde:OCDE,False,,,pendiente
https://hdl.handle.net/11362/42426,Impactos potenciales del cambio climático en el ámbito hidroeléctrico en Panamá y la República Dominicana,autoria,"Manuel Castillo (CEPAL), con la colaboración de la Secretaría Nacional de Energía (SNE) de Panamá y el Ministerio de Energía y Minas (MEM) de la República Dominicana",Manuel Castillo (CEPAL) | con la colaboración de la Secretaría Nacional de Energía (SNE) de Panamá | el Ministerio de Energía | Minas (MEM) de la República Dominicana,True,,,pendiente
https://hdl.handle.net/11362/42426,Impactos potenciales del cambio climático en el ámbito hidroeléctrico en Panamá y la República Dominicana,tipo_documento,Documento de proyecto,estudio_tecnico:Estudio técnico,False,,,pendiente
https://hdl.handle.net/11362/42426,Impactos potenciales del cambio climático en el ámbito hidroeléctrico en Panamá y la República Dominicana,ambito_aplicacion,"Panamá (provincia de Chiriquí, cuenca del río Chiriquí) y la República Dominicana (cuenca del río Yaque del Sur), en un marco de análisis subregional para Centroamérica y el Caribe.",subregional:Subregional | subnacional:Subnacional,True,,,pendiente
https://hdl.handle.net/11362/42426,Impactos potenciales del cambio climático en el ámbito hidroeléctrico en Panamá y la República Dominicana,paises,"Panamá (provincia de Chiriquí, cuenca del río Chiriquí) y la República Dominicana (cuenca del río Yaque del Sur), en un marco de análisis subregional para Centroamérica y el Caribe.",panama:Panamá | republica_dominicana:República Dominicana,False,,,pendiente
https://hdl.handle.net/11362/42426,Impactos potenciales del cambio climático en el ámbito hidroeléctrico en Panamá y la República Dominicana,subregiones,"Panamá (provincia de Chiriquí, cuenca del río Chiriquí) y la República Dominicana (cuenca del río Yaque del Sur), en un marco de análisis subregional para Centroamérica y el Caribe.",centroamerica:Centroamérica | caribe:Caribe,False,,,pendiente
https://hdl.handle.net/11362/42426,Impactos potenciales del cambio climático en el ámbito hidroeléctrico en Panamá y la República Dominicana,sectores,"Sector energético (generación y distribución hidroeléctrica) y sector hídrico, con interdependencias clave en el sector agrícola (riego) y el consumo humano de agua.",agricultura:Agricultura | agua:Agua y recursos hídricos | energia:Energía,False,,,pendiente
https://hdl.handle.net/11362/42426,Impactos potenciales del cambio climático en el ámbito hidroeléctrico en Panamá y la República Dominicana,organizaciones,"Se apoya en la iniciativa regional 'La economía del cambio climático en Centroamérica' (ECC CA), con aportes institucionales y metodológicos de la OLADE, CEPAL, ETESA de Panamá e INDRHI de la República Dominicana, así como los escenarios globales del IPCC (A2 y B2).",cepal:CEPAL | ipcc:IPCC,False,,,pendiente
https://hdl.handle.net/11362/42527,Evaluaciones del desempeño ambiental: Perú,autoria,CEPAL y OCDE,CEPAL | OCDE,False,,,pendiente
https://hdl.handle.net/11362/42527,Evaluaciones del desempeño ambiental: Perú,tipo_documento,Evaluación del desempeño ambiental,,True,,,pendiente
https://hdl.handle.net/11362/42527,Evaluaciones del desempeño ambiental: Perú,ambito_aplicacion,Perú (nacional),,False,,,pendiente
https://hdl.handle.net/11362/42527,Evaluaciones del desempeño ambiental: Perú,paises,Perú (nacional),peru:Perú,False,,,pendiente
https://hdl.handle.net/11362/42527,Evaluaciones del desempeño ambiental: Perú,subregiones,Perú (nacional),,True,,,pendiente
https://hdl.handle.net/11362/42527,Evaluaciones del desempeño ambiental: Perú,sectores,"ambiente, energía, aire, agua, residuos, biodiversidad, minería, pesca, agricultura y silvicultura",agricultura:Agricultura | agua:Agua y recursos hídricos | energia:Energía | ecosistemas:Ecosistemas y biodiversidad,False,,,pendiente
https://hdl.handle.net/11362/42527,Evaluaciones del desempeño ambiental: Perú,organizaciones,"OCDE (marco de crecimiento verde, comparaciones internacionales), convenios de Estocolmo, Viena, Montreal, Minamata y el Acuerdo de París",ocde:OCDE,False,,,pendiente
https://hdl.handle.net/11362/42723,Estimación del valor económico de la captura de carbono por efecto de la forestación en el Uruguay,autoria,Marcelo Caffera | Natalia D'Agosti,Marcelo Caffera | Natalia D'Agosti,False,,,pendiente
https://hdl.handle.net/11362/42723,Estimación del valor económico de la captura de carbono por efecto de la forestación en el Uruguay,tipo_documento,Documento de proyecto,estudio_tecnico:Estudio técnico,False,,,pendiente
https://hdl.handle.net/11362/42723,Estimación del valor económico de la captura de carbono por efecto de la forestación en el Uruguay,ambito_aplicacion,Uruguay,,False,,,pendiente
https://hdl.handle.net/11362/42723,Estimación del valor económico de la captura de carbono por efecto de la forestación en el Uruguay,paises,Uruguay,uruguay:Uruguay,False,,,pendiente
https://hdl.handle.net/11362/42723,Estimación del valor económico de la captura de carbono por efecto de la forestación en el Uruguay,subregiones,Uruguay,,True,,,pendiente
https://hdl.handle.net/11362/42723,Estimación del valor económico de la captura de carbono por efecto de la forestación en el Uruguay,sectores,"Forestería, cambio climático, economía ambiental",,True,,,pendiente
https://hdl.handle.net/11362/42723,Estimación del valor económico de la captura de carbono por efecto de la forestación en el Uruguay,organizaciones,,,True,,,pendiente
https://hdl.handle.net/11362/42725,Portafolio de políticas públicas de adaptación al cambio climático y mitigación de sus efectos con beneficios adicionales o 'sin arrepentimiento' en América Latina,autoria,Luis Miguel Galindo | Joseluis Samaniego | Allan Beltrán | Jimy Ferrer Carbonell | José Eduardo Alatorre,Luis Miguel Galindo | Joseluis Samaniego | Allan Beltrán | Jimy Ferrer Carbonell | José Eduardo Alatorre,False,,,pendiente
https://hdl.handle.net/11362/42725,Portafolio de políticas públicas de adaptación al cambio climático y mitigación de sus efectos con beneficios adicionales o 'sin arrepentimiento' en América Latina,tipo_documento,Documento de proyectos,,True,,,pendiente
https://hdl.handle.net/11362/42725,Portafolio de políticas públicas de adaptación al cambio climático y mitigación de sus efectos con beneficios adicionales o 'sin arrepentimiento' en América Latina,ambito_aplicacion,América Latina y el Caribe,regional:Regional | subregional:Subregional,True,,,pendiente
https://hdl.handle.net/11362/42725,Portafolio de políticas públicas de adaptación al cambio climático y mitigación de sus efectos con beneficios adicionales o 'sin arrepentimiento' en América Latina,paises,América Latina y el Caribe,,True,,,pendiente
https://hdl.handle.net/11362/42725,Portafolio de políticas públicas de adaptación al cambio climático y mitigación de sus efectos con beneficios adicionales o 'sin arrepentimiento' en América Latina,subregiones,América Latina y el Caribe,alc:América Latina y el Caribe | caribe:Caribe,False,,,pendiente
https://hdl.handle.net/11362/42725,Portafolio de políticas públicas de adaptación al cambio climático y mitigación de sus efectos con beneficios adicionales o 'sin arrepentimiento' en América Latina,sectores,"Multisectorial (agricultura, recursos hídricos, zonas costeras, conservación, salud, infraestructura, transporte, energía)",agricultura:Agricultura | agua:Agua y recursos hídricos | energia:Energía | transporte:Transporte | salud:Salud,False,,,pendiente
https://hdl.handle.net/11362/42725,Portafolio de políticas públicas de adaptación al cambio climático y mitigación de sus efectos con beneficios adicionales o 'sin arrepentimiento' en América Latina,organizaciones,"Unión Europea, Estados Unidos, Reino Unido, Países Bajos, Australia",,True,,,pendiente
https://hdl.handle.net/11362/43123,Políticas públicas sectoriales para el cambio climático en América Latina: una aproximación,autoria,Karina Caballero Güendulain,Karina Caballero Güendulain,False,,,pendiente
https://hdl.handle.net/11362/43123,Políticas públicas sectoriales para el cambio climático en América Latina: una aproximación,tipo_documento,Documentos de Proyectos,,True,,,pendiente
https://hdl.handle.net/11362/43123,Políticas públicas sectoriales para el cambio climático en América Latina: una aproximación,ambito_aplicacion,"América Latina (incluyendo análisis y cuadros comparativos para Argentina, Bolivia, Brasil, Chile, Colombia, Costa Rica, Cuba, Ecuador, El Salvador, Guatemala, Honduras, México, Nicaragua, Panamá, Paraguay, Perú, República Dominicana, Uruguay y Venezuela).",,False,,,pendiente
https://hdl.handle.net/11362/43123,Políticas públicas sectoriales para el cambio climático en América Latina: una aproximación,paises,"América Latina (incluyendo análisis y cuadros comparativos para Argentina, Bolivia, Brasil, Chile, Colombia, Costa Rica, Cuba, Ecuador, El Salvador, Guatemala, Honduras, México, Nicaragua, Panamá, Paraguay, Perú, República Dominicana, Uruguay y Venezuela).",argentina:Argentina | bolivia:Bolivia (Estado Plurinacional de) | brasil:Brasil | chile:Chile | colombia:Colombia | costa_rica:Costa Rica | cuba:Cuba | ecuador:Ecuador | el_salvador:El Salvador | guatemala:Guatemala | honduras:Honduras | mexico:México | nicaragua:Nicaragua | panama:Panamá | paraguay:Paraguay | peru:Perú | republica_dominicana:República Dominicana | uruguay:Uruguay | venezuela:Venezuela (República Bolivariana de),False,,,pendiente
https://hdl.handle.net/11362/43123,Políticas públicas sectoriales para el cambio climático en América Latina: una aproximación,subregiones,"América Latina (incluyendo análisis y cuadros comparativos para Argentina, Bolivia, Brasil, Chile, Colombia, Costa Rica, Cuba, Ecuador, El Salvador, Guatemala, Honduras, México, Nicaragua, Panamá, Paraguay, Perú, República Dominicana, Uruguay y Venezuela).",,True,,,pendiente
https://hdl.handle.net/11362/43123,Políticas públicas sectoriales para el cambio climático en América Latina: una aproximación,sectores,"Energía, transporte, forestal, agropecuario (residuos e industria) para mitigación; agricultura, biodiversidad, hídrico (glaciares), turismo y energía para adaptación.",agricultura:Agricultura | energia:Energía | transporte:Transporte | industria:Industria | ecosistemas:Ecosistemas y biodiversidad,False,,,pendiente
https://hdl.handle.net/11362/43123,Políticas públicas sectoriales para el cambio climático en América Latina: una aproximación,organizaciones,"Países desarrollados (principalmente del norte de Europa: Dinamarca, Finlandia, Suecia y Noruega; y otros países de la OCDE) como referentes para la aplicación de impuestos al carbono y reformas fiscales ambientales.",ocde:OCDE,False,,,pendiente
https://hdl.handle.net/11362/43159,Estudio de las opciones y repercusiones de la aplicación de un sistema de permisos comercializables para la reducción de emisiones de carbono en Panamá,autoria,Arturo Brandt,Arturo Brandt,False,,,pendiente
https://hdl.handle.net/11362/43159,Estudio de las opciones y repercusiones de la aplicación de un sistema de permisos comercializables para la reducción de emisiones de carbono en Panamá,tipo_documento,Documentos de Proyectos,,True,,,pendiente
https://hdl.handle.net/11362/43159,Estudio de las opciones y repercusiones de la aplicación de un sistema de permisos comercializables para la reducción de emisiones de carbono en Panamá,ambito_aplicacion,Panamá,,False,,,pendiente
https://hdl.handle.net/11362/43159,Estudio de las opciones y repercusiones de la aplicación de un sistema de permisos comercializables para la reducción de emisiones de carbono en Panamá,paises,Panamá,panama:Panamá,False,,,pendiente
https://hdl.handle.net/11362/43159,Estudio de las opciones y repercusiones de la aplicación de un sistema de permisos comercializables para la reducción de emisiones de carbono en Panamá,subregiones,Panamá,,True,,,pendiente
https://hdl.handle.net/11362/43159,Estudio de las opciones y repercusiones de la aplicación de un sistema de permisos comercializables para la reducción de emisiones de carbono en Panamá,sectores,"Multisectorial (principalmente energía, transporte, procesos industriales, agricultura, y cambio de uso de suelo y silvicultura / sector forestal / LULUCF / REDD+)",agricultura:Agricultura | energia:Energía | transporte:Transporte | ecosistemas:Ecosistemas y biodiversidad,False,,,pendiente
https://hdl.handle.net/11362/43159,Estudio de las opciones y repercusiones de la aplicación de un sistema de permisos comercializables para la reducción de emisiones de carbono en Panamá,organizaciones,"Corea del Sur (Korean Emissions Trading Scheme–KETS), Estados Unidos (Acid Rain Trading Program, California Cap and Trade Program), Unión Europea (EU Emissions Trading System–EU-ETS), Quebec (Canadá)",,True,,,pendiente
https://hdl.handle.net/11362/43407,"Impactos, medidas de adaptación y costos sociales del cambio climático en el sector agrícola del Estado Plurinacional de Bolivia: La vinculación de políticas microeconómicas y macroeconómicas para un desarrollo sostenible",autoria,"Federico Ernesto Viscarra Riveros, Carlo Giupponi y Robert Mendelsohn",Federico Ernesto Viscarra Riveros | Carlo Giupponi | Robert Mendelsohn,False,,,pendiente
https://hdl.handle.net/11362/43407,"Impactos, medidas de adaptación y costos sociales del cambio climático en el sector agrícola del Estado Plurinacional de Bolivia: La vinculación de políticas microeconómicas y macroeconómicas para un desarrollo sostenible",tipo_documento,Documentos de Proyectos,,True,,,pendiente
https://hdl.handle.net/11362/43407,"Impactos, medidas de adaptación y costos sociales del cambio climático en el sector agrícola del Estado Plurinacional de Bolivia: La vinculación de políticas microeconómicas y macroeconómicas para un desarrollo sostenible",ambito_aplicacion,"Estado Plurinacional de Bolivia, con foco analítico y experimental específico en las cinco principales zonas de producción agrícola del departamento de Santa Cruz (Mineros, Pailón, San Julián, Yapacaní y Guarayos).",subnacional:Subnacional,True,,,pendiente
https://hdl.handle.net/11362/43407,"Impactos, medidas de adaptación y costos sociales del cambio climático en el sector agrícola del Estado Plurinacional de Bolivia: La vinculación de políticas microeconómicas y macroeconómicas para un desarrollo sostenible",paises,"Estado Plurinacional de Bolivia, con foco analítico y experimental específico en las cinco principales zonas de producción agrícola del departamento de Santa Cruz (Mineros, Pailón, San Julián, Yapacaní y Guarayos).",bolivia:Bolivia (Estado Plurinacional de),False,,,pendiente
https://hdl.handle.net/11362/43407,"Impactos, medidas de adaptación y costos sociales del cambio climático en el sector agrícola del Estado Plurinacional de Bolivia: La vinculación de políticas microeconómicas y macroeconómicas para un desarrollo sostenible",subregiones,"Estado Plurinacional de Bolivia, con foco analítico y experimental específico en las cinco principales zonas de producción agrícola del departamento de Santa Cruz (Mineros, Pailón, San Julián, Yapacaní y Guarayos).",,True,,,pendiente
https://hdl.handle.net/11362/43407,"Impactos, medidas de adaptación y costos sociales del cambio climático en el sector agrícola del Estado Plurinacional de Bolivia: La vinculación de políticas microeconómicas y macroeconómicas para un desarrollo sostenible",sectores,Sector agropecuario (cultivos de soya en agricultura moderna mecanizada; maíz y arroz en agricultura tradicional/familiar de secano) y sector de recursos forestales/cambio de uso de suelo (deforestación como demanda de tierra).,agricultura:Agricultura,False,,,pendiente
https://hdl.handle.net/11362/43407,"Impactos, medidas de adaptación y costos sociales del cambio climático en el sector agrícola del Estado Plurinacional de Bolivia: La vinculación de políticas microeconómicas y macroeconómicas para un desarrollo sostenible",organizaciones,"Argentina y Brasil (citados como referentes regionales de agricultura tecnificada y planificada con acceso a riego, p. 8), Filipinas y Estados Unidos (referentes metodológicos en la literatura de modelos CGE y de uso de suelo, pp. 11-12).",,True,,,pendiente
https://hdl.handle.net/11362/43415,Segundo informe anual sobre el progreso y los desafíos regionales de la Agenda 2030 para el Desarrollo Sostenible en América Latina y el Caribe,autoria,Comisión Económica para América Latina y el Caribe (CEPAL),Comisión Económica para América Latina | el Caribe (CEPAL),False,,,pendiente
https://hdl.handle.net/11362/43415,Segundo informe anual sobre el progreso y los desafíos regionales de la Agenda 2030 para el Desarrollo Sostenible en América Latina y el Caribe,tipo_documento,Informe anual institucional de seguimiento,informe:Informe,False,,,pendiente
https://hdl.handle.net/11362/43415,Segundo informe anual sobre el progreso y los desafíos regionales de la Agenda 2030 para el Desarrollo Sostenible en América Latina y el Caribe,ambito_aplicacion,"América Latina y el Caribe como región, con análisis comparado de los 33 países, subregiones del Caribe, Centroamérica y América del Sur, y experiencias nacionales específicas.",regional:Regional | subregional:Subregional | subnacional:Subnacional,True,,,pendiente
https://hdl.handle.net/11362/43415,Segundo informe anual sobre el progreso y los desafíos regionales de la Agenda 2030 para el Desarrollo Sostenible en América Latina y el Caribe,paises,"América Latina y el Caribe como región, con análisis comparado de los 33 países, subregiones del Caribe, Centroamérica y América del Sur, y experiencias nacionales específicas.",,True,,,pendiente
https://hdl.handle.net/11362/43415,Segundo informe anual sobre el progreso y los desafíos regionales de la Agenda 2030 para el Desarrollo Sostenible en América Latina y el Caribe,subregiones,"América Latina y el Caribe como región, con análisis comparado de los 33 países, subregiones del Caribe, Centroamérica y América del Sur, y experiencias nacionales específicas.",alc:América Latina y el Caribe | centroamerica:Centroamérica | caribe:Caribe,False,,,pendiente
https://hdl.handle.net/11362/43415,Segundo informe anual sobre el progreso y los desafíos regionales de la Agenda 2030 para el Desarrollo Sostenible en América Latina y el Caribe,sectores,"Desarrollo sostenible integrado: recursos naturales, ecosistemas, agua y saneamiento, asentamientos, transporte, energía, producción y consumo, financiamiento, comercio, tecnología, innovación, planificación, estadística y datos geoespaciales.",agua:Agua y recursos hídricos | energia:Energía | transporte:Transporte | comercio:Comercio | finanzas:Finanzas y financiamiento | ecosistemas:Ecosistemas y biodiversidad,False,,,pendiente
https://hdl.handle.net/11362/43415,Segundo informe anual sobre el progreso y los desafíos regionales de la Agenda 2030 para el Desarrollo Sostenible en América Latina y el Caribe,organizaciones,"Naciones Unidas, Acuerdo de París, Agenda de Acción de Addis Abeba, Foro Político de Alto Nivel, OCDE, Unión Europea, China, Estados Unidos, CARICOM y otros organismos internacionales citados como marcos o comparaciones.",naciones_unidas:Naciones Unidas | ocde:OCDE,False,,,pendiente
https://hdl.handle.net/11362/43419,Análisis económico y ambiental de las contribuciones previstas determinadas a nivel nacional presentadas en América Latina y el Caribe: posibles impactos en las metas planteadas,autoria,Thomas Black Arbeláez,Thomas Black Arbeláez,False,,,pendiente
https://hdl.handle.net/11362/43419,Análisis económico y ambiental de las contribuciones previstas determinadas a nivel nacional presentadas en América Latina y el Caribe: posibles impactos en las metas planteadas,tipo_documento,Documentos de Proyectos,,True,,,pendiente
https://hdl.handle.net/11362/43419,Análisis económico y ambiental de las contribuciones previstas determinadas a nivel nacional presentadas en América Latina y el Caribe: posibles impactos en las metas planteadas,ambito_aplicacion,América Latina y el Caribe,regional:Regional | subregional:Subregional,True,,,pendiente
https://hdl.handle.net/11362/43419,Análisis económico y ambiental de las contribuciones previstas determinadas a nivel nacional presentadas en América Latina y el Caribe: posibles impactos en las metas planteadas,paises,América Latina y el Caribe,,True,,,pendiente
https://hdl.handle.net/11362/43419,Análisis económico y ambiental de las contribuciones previstas determinadas a nivel nacional presentadas en América Latina y el Caribe: posibles impactos en las metas planteadas,subregiones,América Latina y el Caribe,alc:América Latina y el Caribe | caribe:Caribe,False,,,pendiente
https://hdl.handle.net/11362/43419,Análisis económico y ambiental de las contribuciones previstas determinadas a nivel nacional presentadas en América Latina y el Caribe: posibles impactos en las metas planteadas,sectores,"Multisectorial (Energía, transporte, industria, agricultura, LULUCF, desechos)",agricultura:Agricultura | energia:Energía | transporte:Transporte | industria:Industria,False,,,pendiente
https://hdl.handle.net/11362/43419,Análisis económico y ambiental de las contribuciones previstas determinadas a nivel nacional presentadas en América Latina y el Caribe: posibles impactos en las metas planteadas,organizaciones,"China, India, Turquía, EEUU, Unión Europea, entre otros países competidores",,True,,,pendiente
https://hdl.handle.net/11362/43442,La ineficiencia de la desigualdad,autoria,Comisión Económica para América Latina y el Caribe (CEPAL),Comisión Económica para América Latina | el Caribe (CEPAL),False,,,pendiente
https://hdl.handle.net/11362/43442,La ineficiencia de la desigualdad,tipo_documento,Documento de posición de la CEPAL,,True,,,pendiente
https://hdl.handle.net/11362/43442,La ineficiencia de la desigualdad,ambito_aplicacion,"América Latina y el Caribe, con comparaciones globales y ejemplos nacionales, urbanos, rurales y subregionales.",regional:Regional | subregional:Subregional,True,,,pendiente
https://hdl.handle.net/11362/43442,La ineficiencia de la desigualdad,paises,"América Latina y el Caribe, con comparaciones globales y ejemplos nacionales, urbanos, rurales y subregionales.",,True,,,pendiente
https://hdl.handle.net/11362/43442,La ineficiencia de la desigualdad,subregiones,"América Latina y el Caribe, con comparaciones globales y ejemplos nacionales, urbanos, rurales y subregionales.",alc:América Latina y el Caribe | caribe:Caribe,False,,,pendiente
https://hdl.handle.net/11362/43442,La ineficiencia de la desigualdad,sectores,"Educación, salud, protección social y cuidado; macroeconomía y fiscalidad; estructura productiva, digitalización, ciudades, transporte, energía, infraestructura, recursos naturales y capacidades estatales.",energia:Energía | transporte:Transporte | salud:Salud | ciudades_vivienda:Ciudades y vivienda | proteccion_social:Protección social,False,,,pendiente
https://hdl.handle.net/11362/43442,La ineficiencia de la desigualdad,organizaciones,"Agenda 2030 y Objetivos de Desarrollo Sostenible, Acuerdo de París, Nueva Agenda Urbana, instituciones de la CEPAL y marcos de gobernanza y cooperación regional.",cepal:CEPAL,False,,,pendiente
https://hdl.handle.net/11362/43581,"The Caribbean Outlook, 2018",autoria,Economic Commission for Latin America and the Caribbean (ECLAC),Economic Commission for Latin America and the Caribbean (ECLAC),False,,,pendiente
https://hdl.handle.net/11362/43581,"The Caribbean Outlook, 2018",tipo_documento,Informe insignia,informe_insignia_panorama:Informe insignia o Panorama,False,,,pendiente
https://hdl.handle.net/11362/43581,"The Caribbean Outlook, 2018",ambito_aplicacion,Caribbean,,False,,,pendiente
https://hdl.handle.net/11362/43581,"The Caribbean Outlook, 2018",paises,Caribbean,,True,,,pendiente
https://hdl.handle.net/11362/43581,"The Caribbean Outlook, 2018",subregiones,Caribbean,caribe:Caribe,False,,,pendiente
https://hdl.handle.net/11362/43581,"The Caribbean Outlook, 2018",sectores,"Multisectoral (Economics, Trade, Social Protection, Education, Health, Energy, Environment)",,True,,,pendiente
https://hdl.handle.net/11362/43581,"The Caribbean Outlook, 2018",organizaciones,"Latin America, OECD countries, European Union, Republic of Korea, United States",ocde:OCDE,False,,,pendiente
https://hdl.handle.net/11362/43583,"Regional Agreement on Access to Information, Public Participation and Justice in Environmental Matters in Latin America and the Caribbean",autoria,,,False,,,pendiente
https://hdl.handle.net/11362/43583,"Regional Agreement on Access to Information, Public Participation and Justice in Environmental Matters in Latin America and the Caribbean",tipo_documento,Tratado / Instrumento Jurídico,,True,,,pendiente
https://hdl.handle.net/11362/43583,"Regional Agreement on Access to Information, Public Participation and Justice in Environmental Matters in Latin America and the Caribbean",ambito_aplicacion,Latin America and the Caribbean (33 countries),regional:Regional,True,,,pendiente
https://hdl.handle.net/11362/43583,"Regional Agreement on Access to Information, Public Participation and Justice in Environmental Matters in Latin America and the Caribbean",paises,Latin America and the Caribbean (33 countries),,True,,,pendiente
https://hdl.handle.net/11362/43583,"Regional Agreement on Access to Information, Public Participation and Justice in Environmental Matters in Latin America and the Caribbean",subregiones,Latin America and the Caribbean (33 countries),alc:América Latina y el Caribe | caribe:Caribe,False,,,pendiente
https://hdl.handle.net/11362/43583,"Regional Agreement on Access to Information, Public Participation and Justice in Environmental Matters in Latin America and the Caribbean",sectores,"Environmental governance, human rights, and sustainable development",,True,,,pendiente
https://hdl.handle.net/11362/43583,"Regional Agreement on Access to Information, Public Participation and Justice in Environmental Matters in Latin America and the Caribbean",organizaciones,Principle 10 of the Rio Declaration on Environment and Development; 2030 Agenda for Sustainable Development,,True,,,pendiente
https://hdl.handle.net/11362/43725,La economía del cambio climático en Guatemala • Documento técnico 2018,autoria,,,False,,,pendiente
https://hdl.handle.net/11362/43725,La economía del cambio climático en Guatemala • Documento técnico 2018,tipo_documento,Documento técnico,,True,,,pendiente
https://hdl.handle.net/11362/43725,La economía del cambio climático en Guatemala • Documento técnico 2018,ambito_aplicacion,Guatemala,,False,,,pendiente
https://hdl.handle.net/11362/43725,La economía del cambio climático en Guatemala • Documento técnico 2018,paises,Guatemala,guatemala:Guatemala,False,,,pendiente
https://hdl.handle.net/11362/43725,La economía del cambio climático en Guatemala • Documento técnico 2018,subregiones,Guatemala,,True,,,pendiente
https://hdl.handle.net/11362/43725,La economía del cambio climático en Guatemala • Documento técnico 2018,sectores,"Multisectorial (Agua, Energía, Agricultura, Salud, Ecosistemas)",agricultura:Agricultura | agua:Agua y recursos hídricos | energia:Energía | salud:Salud | ecosistemas:Ecosistemas y biodiversidad,False,,,pendiente
https://hdl.handle.net/11362/43725,La economía del cambio climático en Guatemala • Documento técnico 2018,organizaciones,"IPCC, SICA, CARICOM",ipcc:IPCC,False,,,pendiente
https://hdl.handle.net/11362/43825,Contribuciones a un gran impulso ambiental en América Latina y el Caribe: bioeconomía,autoria,"Rafael H. Aramendis, Adrián G. Rodríguez y Luiz F. Krieger Merico",Rafael H. Aramendis | Adrián G. Rodríguez | Luiz F. Krieger Merico,False,,,pendiente
https://hdl.handle.net/11362/43825,Contribuciones a un gran impulso ambiental en América Latina y el Caribe: bioeconomía,tipo_documento,Documento de proyecto / Estudio sectorial,estudio_tecnico:Estudio técnico,False,,,pendiente
https://hdl.handle.net/11362/43825,Contribuciones a un gran impulso ambiental en América Latina y el Caribe: bioeconomía,ambito_aplicacion,"América Latina y el Caribe (nivel regional con referencias a países seleccionados como Argentina, Brasil, Costa Rica, Colombia, Ecuador y Chile)",regional:Regional | subregional:Subregional,True,,,pendiente
https://hdl.handle.net/11362/43825,Contribuciones a un gran impulso ambiental en América Latina y el Caribe: bioeconomía,paises,"América Latina y el Caribe (nivel regional con referencias a países seleccionados como Argentina, Brasil, Costa Rica, Colombia, Ecuador y Chile)",argentina:Argentina | brasil:Brasil | chile:Chile | colombia:Colombia | costa_rica:Costa Rica | ecuador:Ecuador,False,,,pendiente
https://hdl.handle.net/11362/43825,Contribuciones a un gran impulso ambiental en América Latina y el Caribe: bioeconomía,subregiones,"América Latina y el Caribe (nivel regional con referencias a países seleccionados como Argentina, Brasil, Costa Rica, Colombia, Ecuador y Chile)",alc:América Latina y el Caribe | caribe:Caribe,False,,,pendiente
https://hdl.handle.net/11362/43825,Contribuciones a un gran impulso ambiental en América Latina y el Caribe: bioeconomía,sectores,"bioeconomía, agricultura, biodiversidad, bioenergía, biotecnología, ecointensificación, macroeconomía y políticas públicas",agricultura:Agricultura | ecosistemas:Ecosistemas y biodiversidad,False,,,pendiente
https://hdl.handle.net/11362/43825,Contribuciones a un gran impulso ambiental en América Latina y el Caribe: bioeconomía,organizaciones,"CEPAL, OCDE, FAO, estrategias nacionales de bioeconomía de Alemania, Estados Unidos, Canadá, Malasia y la Unión Europea",cepal:CEPAL | fao:FAO | ocde:OCDE,False,,,pendiente
https://hdl.handle.net/11362/44056,Cambio climático y seguridad alimentaria y nutricional en Centroamérica y la República Dominicana: propuestas metodológicas,autoria,"Olivares, Jaime; Ramírez, Diana",Olivares | Jaime | Ramírez | Diana,False,,,pendiente
https://hdl.handle.net/11362/44056,Cambio climático y seguridad alimentaria y nutricional en Centroamérica y la República Dominicana: propuestas metodológicas,tipo_documento,Propuesta metodológica,,True,,,pendiente
https://hdl.handle.net/11362/44056,Cambio climático y seguridad alimentaria y nutricional en Centroamérica y la República Dominicana: propuestas metodológicas,ambito_aplicacion,Centroamérica y República Dominicana (países del SICA),subregional:Subregional,True,,,pendiente
https://hdl.handle.net/11362/44056,Cambio climático y seguridad alimentaria y nutricional en Centroamérica y la República Dominicana: propuestas metodológicas,paises,Centroamérica y República Dominicana (países del SICA),republica_dominicana:República Dominicana,False,,,pendiente
https://hdl.handle.net/11362/44056,Cambio climático y seguridad alimentaria y nutricional en Centroamérica y la República Dominicana: propuestas metodológicas,subregiones,Centroamérica y República Dominicana (países del SICA),centroamerica:Centroamérica,False,,,pendiente
https://hdl.handle.net/11362/44056,Cambio climático y seguridad alimentaria y nutricional en Centroamérica y la República Dominicana: propuestas metodológicas,sectores,"Sistemas agroalimentarios, salud, nutrición, recursos hídricos, biodiversidad",agua:Agua y recursos hídricos | salud:Salud | ecosistemas:Ecosistemas y biodiversidad,False,,,pendiente
https://hdl.handle.net/11362/44056,Cambio climático y seguridad alimentaria y nutricional en Centroamérica y la República Dominicana: propuestas metodológicas,organizaciones,"CEPAL, FAO, CGIAR/CCAFS, PROGRESAN-SICA, INCAP",cepal:CEPAL | fao:FAO,False,,,pendiente
https://hdl.handle.net/11362/44096,Efectos del cambio climático en la costa de América Latina y el Caribe: metodologías y herramientas para la evaluación de impactos de la inundación y la erosión por efecto del cambio climático,autoria,"Adrián Acevedo, Paula Camus, Pedro Díaz-Simal, Antonio Espejo, Melisa Menéndez, Pelayo Menéndez, Marta Ramírez, Alexandra Toimil, Saúl Torres, María Emilia Maza y María Fuentes",Adrián Acevedo | Paula Camus | Pedro Díaz-Simal | Antonio Espejo | Melisa Menéndez | Pelayo Menéndez | Marta Ramírez | Alexandra Toimil | Saúl Torres | María Emilia Maza | María Fuentes,False,,,pendiente
https://hdl.handle.net/11362/44096,Efectos del cambio climático en la costa de América Latina y el Caribe: metodologías y herramientas para la evaluación de impactos de la inundación y la erosión por efecto del cambio climático,tipo_documento,Documento de proyecto o estudio técnico,estudio_tecnico:Estudio técnico,False,,,pendiente
https://hdl.handle.net/11362/44096,Efectos del cambio climático en la costa de América Latina y el Caribe: metodologías y herramientas para la evaluación de impactos de la inundación y la erosión por efecto del cambio climático,ambito_aplicacion,América Latina y el Caribe,regional:Regional | subregional:Subregional,True,,,pendiente
https://hdl.handle.net/11362/44096,Efectos del cambio climático en la costa de América Latina y el Caribe: metodologías y herramientas para la evaluación de impactos de la inundación y la erosión por efecto del cambio climático,paises,América Latina y el Caribe,,True,,,pendiente
https://hdl.handle.net/11362/44096,Efectos del cambio climático en la costa de América Latina y el Caribe: metodologías y herramientas para la evaluación de impactos de la inundación y la erosión por efecto del cambio climático,subregiones,América Latina y el Caribe,alc:América Latina y el Caribe | caribe:Caribe,False,,,pendiente
https://hdl.handle.net/11362/44096,Efectos del cambio climático en la costa de América Latina y el Caribe: metodologías y herramientas para la evaluación de impactos de la inundación y la erosión por efecto del cambio climático,sectores,"Multisectorial (población, vivienda, industria, infraestructuras, agricultura y ecosistemas)",agricultura:Agricultura | ciudades_vivienda:Ciudades y vivienda | industria:Industria | ecosistemas:Ecosistemas y biodiversidad,False,,,pendiente
https://hdl.handle.net/11362/44096,Efectos del cambio climático en la costa de América Latina y el Caribe: metodologías y herramientas para la evaluación de impactos de la inundación y la erosión por efecto del cambio climático,organizaciones,"España (Principado de Asturias), Cuba",,True,,,pendiente
https://hdl.handle.net/11362/44102,Efectos del cambio climático en la costa de América Latina y el Caribe: reconstrucción histórica y proyecciones del efecto del cambio climático sobre el oleaje en la costa de Cuba,autoria,IHCantabria | IHC | Íñigo J. Losada Rodríguez | Adrián Acevedo | Paula Camus | Pedro Díaz-Simal | Antonio Espejo | Melisa Menéndez | Pelayo Menéndez | Marta Ramírez | Alexandra Toimil | Saúl Torres | María Emilia Maza | María Fuentes,IHCantabria | IHC | Íñigo J. Losada Rodríguez | Adrián Acevedo | Paula Camus | Pedro Díaz-Simal | Antonio Espejo | Melisa Menéndez | Pelayo Menéndez | Marta Ramírez | Alexandra Toimil | Saúl Torres | María Emilia Maza | María Fuentes,False,,,pendiente
https://hdl.handle.net/11362/44102,Efectos del cambio climático en la costa de América Latina y el Caribe: reconstrucción histórica y proyecciones del efecto del cambio climático sobre el oleaje en la costa de Cuba,tipo_documento,Documento de proyecto / Estudio técnico,estudio_tecnico:Estudio técnico,False,,,pendiente
https://hdl.handle.net/11362/44102,Efectos del cambio climático en la costa de América Latina y el Caribe: reconstrucción histórica y proyecciones del efecto del cambio climático sobre el oleaje en la costa de Cuba,ambito_aplicacion,Cuba (zonas costeras),,False,,,pendiente
https://hdl.handle.net/11362/44102,Efectos del cambio climático en la costa de América Latina y el Caribe: reconstrucción histórica y proyecciones del efecto del cambio climático sobre el oleaje en la costa de Cuba,paises,Cuba (zonas costeras),cuba:Cuba,False,,,pendiente
https://hdl.handle.net/11362/44102,Efectos del cambio climático en la costa de América Latina y el Caribe: reconstrucción histórica y proyecciones del efecto del cambio climático sobre el oleaje en la costa de Cuba,subregiones,Cuba (zonas costeras),,True,,,pendiente
https://hdl.handle.net/11362/44102,Efectos del cambio climático en la costa de América Latina y el Caribe: reconstrucción histórica y proyecciones del efecto del cambio climático sobre el oleaje en la costa de Cuba,sectores,"Meteorología, Oceanografía, Ingeniería de Costas, Gestión de Riesgos",,True,,,pendiente
https://hdl.handle.net/11362/44102,Efectos del cambio climático en la costa de América Latina y el Caribe: reconstrucción histórica y proyecciones del efecto del cambio climático sobre el oleaje en la costa de Cuba,organizaciones,"GOW2 (Global Ocean Waves), CFSR (Climate Forecast System Reanalysis), CMIP5 (Coupled Model Intercomparison Project)",,True,,,pendiente
https://hdl.handle.net/11362/44103,Efectos del cambio climático en la costa de América Latina y el Caribe: evaluación de los sistemas de protección de los corales y manglares de Cuba,autoria,Instituto de Hidráulica Ambiental de la Universidad de Cantabria (IHCantabria),Instituto de Hidráulica Ambiental de la Universidad de Cantabria (IHCantabria),False,,,pendiente
https://hdl.handle.net/11362/44103,Efectos del cambio climático en la costa de América Latina y el Caribe: evaluación de los sistemas de protección de los corales y manglares de Cuba,tipo_documento,Documento de proyecto o estudio técnico,estudio_tecnico:Estudio técnico,False,,,pendiente
https://hdl.handle.net/11362/44103,Efectos del cambio climático en la costa de América Latina y el Caribe: evaluación de los sistemas de protección de los corales y manglares de Cuba,ambito_aplicacion,Cuba,,False,,,pendiente
https://hdl.handle.net/11362/44103,Efectos del cambio climático en la costa de América Latina y el Caribe: evaluación de los sistemas de protección de los corales y manglares de Cuba,paises,Cuba,cuba:Cuba,False,,,pendiente
https://hdl.handle.net/11362/44103,Efectos del cambio climático en la costa de América Latina y el Caribe: evaluación de los sistemas de protección de los corales y manglares de Cuba,subregiones,Cuba,,True,,,pendiente
https://hdl.handle.net/11362/44103,Efectos del cambio climático en la costa de América Latina y el Caribe: evaluación de los sistemas de protección de los corales y manglares de Cuba,sectores,"Ecosistemas marinos (corales y manglares), infraestructura costera, gestión del riesgo de desastres",ecosistemas:Ecosistemas y biodiversidad,False,,,pendiente
https://hdl.handle.net/11362/44103,Efectos del cambio climático en la costa de América Latina y el Caribe: evaluación de los sistemas de protección de los corales y manglares de Cuba,organizaciones,"Global (IPCC, Banco Mundial, TEEB), Filipinas, Granada, Indonesia, Malasia, México",ipcc:IPCC | banco_mundial:Banco Mundial,False,,,pendiente
https://hdl.handle.net/11362/44162,Acompañamiento técnico y fortalecimiento de capacidades de los productores agropecuarios en el contexto del cambio climático en Costa Rica: líneas de acción para la revitalización del servicio de extensión agropecuaria del Ministerio de Agricultura y Ganadería (MAG),autoria,Roberto Azofeifa y Julie Lennox,Roberto Azofeifa | Julie Lennox,False,,,pendiente
https://hdl.handle.net/11362/44162,Acompañamiento técnico y fortalecimiento de capacidades de los productores agropecuarios en el contexto del cambio climático en Costa Rica: líneas de acción para la revitalización del servicio de extensión agropecuaria del Ministerio de Agricultura y Ganadería (MAG),tipo_documento,Documento de proyecto / Estudio técnico,estudio_tecnico:Estudio técnico,False,,,pendiente
https://hdl.handle.net/11362/44162,Acompañamiento técnico y fortalecimiento de capacidades de los productores agropecuarios en el contexto del cambio climático en Costa Rica: líneas de acción para la revitalización del servicio de extensión agropecuaria del Ministerio de Agricultura y Ganadería (MAG),ambito_aplicacion,Costa Rica,,False,,,pendiente
https://hdl.handle.net/11362/44162,Acompañamiento técnico y fortalecimiento de capacidades de los productores agropecuarios en el contexto del cambio climático en Costa Rica: líneas de acción para la revitalización del servicio de extensión agropecuaria del Ministerio de Agricultura y Ganadería (MAG),paises,Costa Rica,costa_rica:Costa Rica,False,,,pendiente
https://hdl.handle.net/11362/44162,Acompañamiento técnico y fortalecimiento de capacidades de los productores agropecuarios en el contexto del cambio climático en Costa Rica: líneas de acción para la revitalización del servicio de extensión agropecuaria del Ministerio de Agricultura y Ganadería (MAG),subregiones,Costa Rica,,True,,,pendiente
https://hdl.handle.net/11362/44162,Acompañamiento técnico y fortalecimiento de capacidades de los productores agropecuarios en el contexto del cambio climático en Costa Rica: líneas de acción para la revitalización del servicio de extensión agropecuaria del Ministerio de Agricultura y Ganadería (MAG),sectores,Agropecuario (pequeños y medianos productores),agricultura:Agricultura,False,,,pendiente
https://hdl.handle.net/11362/44162,Acompañamiento técnico y fortalecimiento de capacidades de los productores agropecuarios en el contexto del cambio climático en Costa Rica: líneas de acción para la revitalización del servicio de extensión agropecuaria del Ministerio de Agricultura y Ganadería (MAG),organizaciones,"FAO, CEPAL, RELASER, OCDE, BID, NDF, SICA",cepal:CEPAL | bid:BID | fao:FAO | ocde:OCDE,False,,,pendiente
https://hdl.handle.net/11362/44163,Café y cambio climático en la República Dominicana: Impactos potenciales y opciones de respuesta,autoria,"Ramón Bueno, Diana Ramírez y José Fermín Núñez",Ramón Bueno | Diana Ramírez | José Fermín Núñez,False,,,pendiente
https://hdl.handle.net/11362/44163,Café y cambio climático en la República Dominicana: Impactos potenciales y opciones de respuesta,tipo_documento,Documento de proyecto o estudio técnico,estudio_tecnico:Estudio técnico,False,,,pendiente
https://hdl.handle.net/11362/44163,Café y cambio climático en la República Dominicana: Impactos potenciales y opciones de respuesta,ambito_aplicacion,República Dominicana (análisis provincial) y Centroamérica (SICA) como contexto regional.,subregional:Subregional | subnacional:Subnacional | regional:Regional,True,,,pendiente
https://hdl.handle.net/11362/44163,Café y cambio climático en la República Dominicana: Impactos potenciales y opciones de respuesta,paises,República Dominicana (análisis provincial) y Centroamérica (SICA) como contexto regional.,republica_dominicana:República Dominicana,False,,,pendiente
https://hdl.handle.net/11362/44163,Café y cambio climático en la República Dominicana: Impactos potenciales y opciones de respuesta,subregiones,República Dominicana (análisis provincial) y Centroamérica (SICA) como contexto regional.,centroamerica:Centroamérica,False,,,pendiente
https://hdl.handle.net/11362/44163,Café y cambio climático en la República Dominicana: Impactos potenciales y opciones de respuesta,sectores,"Agrícola (subsector cafetalero), Ambiental (cambio climático, servicios ecosistémicos), Económico (cadenas de valor, comercio exterior).",agricultura:Agricultura | comercio:Comercio,False,,,pendiente
https://hdl.handle.net/11362/44163,Café y cambio climático en la República Dominicana: Impactos potenciales y opciones de respuesta,organizaciones,"Centroamérica (SICA), Colombia, Costa Rica (mencionados como referentes de buenas prácticas y maquinaria); CEPAL, CAC, INDRHI, ONAMET.",cepal:CEPAL,False,,,pendiente
https://hdl.handle.net/11362/44210,El impuesto óptimo a la gasolina en Guatemala,autoria,Arturo Sarabia | Fausto Hernández,Arturo Sarabia | Fausto Hernández,False,,,pendiente
https://hdl.handle.net/11362/44210,El impuesto óptimo a la gasolina en Guatemala,tipo_documento,Documento de proyecto,estudio_tecnico:Estudio técnico,False,,,pendiente
https://hdl.handle.net/11362/44210,El impuesto óptimo a la gasolina en Guatemala,ambito_aplicacion,Guatemala,,False,,,pendiente
https://hdl.handle.net/11362/44210,El impuesto óptimo a la gasolina en Guatemala,paises,Guatemala,guatemala:Guatemala,False,,,pendiente
https://hdl.handle.net/11362/44210,El impuesto óptimo a la gasolina en Guatemala,subregiones,Guatemala,,True,,,pendiente
https://hdl.handle.net/11362/44210,El impuesto óptimo a la gasolina en Guatemala,sectores,"Fiscal, Energía, Transporte",energia:Energía | transporte:Transporte,False,,,pendiente
https://hdl.handle.net/11362/44210,El impuesto óptimo a la gasolina en Guatemala,organizaciones,"México, Estados Unidos, Reino Unido",,True,,,pendiente
https://hdl.handle.net/11362/44216,Política económica y contribuciones determinadas a nivel nacional en los países de América Latina y el Caribe,autoria,Fernando Lorenzo,Fernando Lorenzo,False,,,pendiente
https://hdl.handle.net/11362/44216,Política económica y contribuciones determinadas a nivel nacional en los países de América Latina y el Caribe,tipo_documento,Documento de proyecto o estudio técnico,estudio_tecnico:Estudio técnico,False,,,pendiente
https://hdl.handle.net/11362/44216,Política económica y contribuciones determinadas a nivel nacional en los países de América Latina y el Caribe,ambito_aplicacion,América Latina y el Caribe,regional:Regional | subregional:Subregional,True,,,pendiente
https://hdl.handle.net/11362/44216,Política económica y contribuciones determinadas a nivel nacional en los países de América Latina y el Caribe,paises,América Latina y el Caribe,,True,,,pendiente
https://hdl.handle.net/11362/44216,Política económica y contribuciones determinadas a nivel nacional en los países de América Latina y el Caribe,subregiones,América Latina y el Caribe,alc:América Latina y el Caribe | caribe:Caribe,False,,,pendiente
https://hdl.handle.net/11362/44216,Política económica y contribuciones determinadas a nivel nacional en los países de América Latina y el Caribe,sectores,"Política fiscal, tributación, energía, transporte, agropecuario, cambio de uso de suelo y silvicultura",agricultura:Agricultura | energia:Energía | transporte:Transporte,False,,,pendiente
https://hdl.handle.net/11362/44216,Política económica y contribuciones determinadas a nivel nacional en los países de América Latina y el Caribe,organizaciones,"Protocolo de Kioto, Acuerdo de París, GIZ, BMZ, OCDE, Unión Europea (Alemania, Dinamarca, Finlandia, Holanda, Reino Unido y Suecia)",ocde:OCDE,False,,,pendiente
https://hdl.handle.net/11362/44218,Potenciar la resiliencia de las ciudades y sus territorios de pertenencia en el marco de los acuerdos sobre cambio climático y de la Nueva Agenda Urbana,autoria,Yosu Rodríguez Aldabe,Yosu Rodríguez Aldabe,False,,,pendiente
https://hdl.handle.net/11362/44218,Potenciar la resiliencia de las ciudades y sus territorios de pertenencia en el marco de los acuerdos sobre cambio climático y de la Nueva Agenda Urbana,tipo_documento,Estudios del Cambio Climático en América Latina,,True,,,pendiente
https://hdl.handle.net/11362/44218,Potenciar la resiliencia de las ciudades y sus territorios de pertenencia en el marco de los acuerdos sobre cambio climático y de la Nueva Agenda Urbana,ambito_aplicacion,"Mesoamérica, Triángulo del Norte y arco Chiapas-Tabasco. Caso: Tenosique, Tabasco.",,False,,,pendiente
https://hdl.handle.net/11362/44218,Potenciar la resiliencia de las ciudades y sus territorios de pertenencia en el marco de los acuerdos sobre cambio climático y de la Nueva Agenda Urbana,paises,"Mesoamérica, Triángulo del Norte y arco Chiapas-Tabasco. Caso: Tenosique, Tabasco.",,True,,,pendiente
https://hdl.handle.net/11362/44218,Potenciar la resiliencia de las ciudades y sus territorios de pertenencia en el marco de los acuerdos sobre cambio climático y de la Nueva Agenda Urbana,subregiones,"Mesoamérica, Triángulo del Norte y arco Chiapas-Tabasco. Caso: Tenosique, Tabasco.",,True,,,pendiente
https://hdl.handle.net/11362/44218,Potenciar la resiliencia de las ciudades y sus territorios de pertenencia en el marco de los acuerdos sobre cambio climático y de la Nueva Agenda Urbana,sectores,"Multisectorial: Turismo, Desarrollo Rural, Urbanismo, Medio Ambiente.",ciudades_vivienda:Ciudades y vivienda,False,,,pendiente
https://hdl.handle.net/11362/44218,Potenciar la resiliencia de las ciudades y sus territorios de pertenencia en el marco de los acuerdos sobre cambio climático y de la Nueva Agenda Urbana,organizaciones,"Agenda 2030, Acuerdo de París, Nueva Agenda Urbana, Desarrollo a Escala Humana.",,True,,,pendiente
https://hdl.handle.net/11362/44280,Estimación del impacto del cambio climático sobre los principales cultivos de 14 países del Caribe,autoria,"Alejandro López-Feldman, Juan Manuel Torres y George Kerrigan Richard",Alejandro López-Feldman | Juan Manuel Torres | George Kerrigan Richard,False,,,pendiente
https://hdl.handle.net/11362/44280,Estimación del impacto del cambio climático sobre los principales cultivos de 14 países del Caribe,tipo_documento,Estudio técnico,estudio_tecnico:Estudio técnico,False,,,pendiente
https://hdl.handle.net/11362/44280,Estimación del impacto del cambio climático sobre los principales cultivos de 14 países del Caribe,ambito_aplicacion,"14 países del Caribe (Antigua y Barbuda, Bahamas, Barbados, Belice, Dominica, Granada, Guyana, Haití, Jamaica, Saint Kitts y Nevis, Santa Lucía, San Vicente y las Granadinas, Suriname, y Trinidad y Tabago)",subregional:Subregional,True,,,pendiente
https://hdl.handle.net/11362/44280,Estimación del impacto del cambio climático sobre los principales cultivos de 14 países del Caribe,paises,"14 países del Caribe (Antigua y Barbuda, Bahamas, Barbados, Belice, Dominica, Granada, Guyana, Haití, Jamaica, Saint Kitts y Nevis, Santa Lucía, San Vicente y las Granadinas, Suriname, y Trinidad y Tabago)",antigua_barbuda:Antigua y Barbuda | bahamas:Bahamas | barbados:Barbados | belice:Belice | dominica:Dominica | granada:Granada | guyana:Guyana | haiti:Haití | jamaica:Jamaica | san_cristobal_nieves:Saint Kitts y Nevis | santa_lucia:Santa Lucía | san_vicente_granadinas:San Vicente y las Granadinas | suriname:Suriname | trinidad_tobago:Trinidad y Tabago,False,,,pendiente
https://hdl.handle.net/11362/44280,Estimación del impacto del cambio climático sobre los principales cultivos de 14 países del Caribe,subregiones,"14 países del Caribe (Antigua y Barbuda, Bahamas, Barbados, Belice, Dominica, Granada, Guyana, Haití, Jamaica, Saint Kitts y Nevis, Santa Lucía, San Vicente y las Granadinas, Suriname, y Trinidad y Tabago)",caribe:Caribe,False,,,pendiente
https://hdl.handle.net/11362/44280,Estimación del impacto del cambio climático sobre los principales cultivos de 14 países del Caribe,sectores,"Agrícola (granos y cereales, cultivos primarios, frutales, oleaginosas, legumbres, raíces y tubérculos, vegetales)",agricultura:Agricultura,False,,,pendiente
https://hdl.handle.net/11362/44280,Estimación del impacto del cambio climático sobre los principales cultivos de 14 países del Caribe,organizaciones,"FAO, CIMMyT, CARICOM, CCCCC",fao:FAO,False,,,pendiente
https://hdl.handle.net/11362/44371,"Ruralidad, hambre y pobreza en América Latina y el Caribe",autoria,,,False,,,pendiente
https://hdl.handle.net/11362/44371,"Ruralidad, hambre y pobreza en América Latina y el Caribe",tipo_documento,Documentos de Proyectos,,True,,,pendiente
https://hdl.handle.net/11362/44371,"Ruralidad, hambre y pobreza en América Latina y el Caribe",ambito_aplicacion,"América Latina y el Caribe (14 países analizados: Bolivia, Brasil, Colombia, Costa Rica, Ecuador, El Salvador, Guatemala, Honduras, México, Nicaragua, Panamá, Paraguay, Perú y República Dominicana), con identificación de 1.975 entidades territoriales locales.",regional:Regional | subregional:Subregional,True,,,pendiente
https://hdl.handle.net/11362/44371,"Ruralidad, hambre y pobreza en América Latina y el Caribe",paises,"América Latina y el Caribe (14 países analizados: Bolivia, Brasil, Colombia, Costa Rica, Ecuador, El Salvador, Guatemala, Honduras, México, Nicaragua, Panamá, Paraguay, Perú y República Dominicana), con identificación de 1.975 entidades territoriales locales.",bolivia:Bolivia (Estado Plurinacional de) | brasil:Brasil | colombia:Colombia | costa_rica:Costa Rica | ecuador:Ecuador | el_salvador:El Salvador | guatemala:Guatemala | honduras:Honduras | mexico:México | nicaragua:Nicaragua | panama:Panamá | paraguay:Paraguay | peru:Perú | republica_dominicana:República Dominicana,False,,,pendiente
https://hdl.handle.net/11362/44371,"Ruralidad, hambre y pobreza en América Latina y el Caribe",subregiones,"América Latina y el Caribe (14 países analizados: Bolivia, Brasil, Colombia, Costa Rica, Ecuador, El Salvador, Guatemala, Honduras, México, Nicaragua, Panamá, Paraguay, Perú y República Dominicana), con identificación de 1.975 entidades territoriales locales.",alc:América Latina y el Caribe | caribe:Caribe,False,,,pendiente
https://hdl.handle.net/11362/44371,"Ruralidad, hambre y pobreza en América Latina y el Caribe",sectores,"Desarrollo rural, agricultura familiar, nutrición y seguridad alimentaria, combate a la pobreza estructural, empleo rural no agrícola (ERNA) y sostenibilidad ambiental frente al cambio climático.",agricultura:Agricultura | empleo:Empleo | proteccion_social:Protección social,False,,,pendiente
https://hdl.handle.net/11362/44371,"Ruralidad, hambre y pobreza en América Latina y el Caribe",organizaciones,"División de Desarrollo Productivo y Empresarial de la CEPAL, Instituto Latinoamericano y del Caribe de Planificación Económica y Social (ILPES) y Oficina Regional de la FAO para América Latina y el Caribe (FAO/RLC).",cepal:CEPAL | fao:FAO,False,,,pendiente
https://hdl.handle.net/11362/44472,"Mainstreaming disaster risk management strategies in development instruments (II): policy briefs for Barbados, Guyana, Saint Lucia, Suriname, and Trinidad and Tobago",autoria,"Colleen Weekes, Omar D. Bello",Colleen Weekes | Omar D. Bello,False,,,pendiente
https://hdl.handle.net/11362/44472,"Mainstreaming disaster risk management strategies in development instruments (II): policy briefs for Barbados, Guyana, Saint Lucia, Suriname, and Trinidad and Tobago",tipo_documento,Serie Estudios y Perspectivas - Sede Subregional de la CEPAL para el Caribe,,True,,,pendiente
https://hdl.handle.net/11362/44472,"Mainstreaming disaster risk management strategies in development instruments (II): policy briefs for Barbados, Guyana, Saint Lucia, Suriname, and Trinidad and Tobago",ambito_aplicacion,"Barbados, Guyana, Santa Lucía, Suriname y Trinidad y Tabago (Caribe)",subregional:Subregional,True,,,pendiente
https://hdl.handle.net/11362/44472,"Mainstreaming disaster risk management strategies in development instruments (II): policy briefs for Barbados, Guyana, Saint Lucia, Suriname, and Trinidad and Tobago",paises,"Barbados, Guyana, Santa Lucía, Suriname y Trinidad y Tabago (Caribe)",barbados:Barbados | guyana:Guyana | santa_lucia:Santa Lucía | suriname:Suriname | trinidad_tobago:Trinidad y Tabago,False,,,pendiente
https://hdl.handle.net/11362/44472,"Mainstreaming disaster risk management strategies in development instruments (II): policy briefs for Barbados, Guyana, Saint Lucia, Suriname, and Trinidad and Tobago",subregiones,"Barbados, Guyana, Santa Lucía, Suriname y Trinidad y Tabago (Caribe)",caribe:Caribe,False,,,pendiente
https://hdl.handle.net/11362/44472,"Mainstreaming disaster risk management strategies in development instruments (II): policy briefs for Barbados, Guyana, Saint Lucia, Suriname, and Trinidad and Tobago",sectores,"Gestión del riesgo de desastres, planificación del desarrollo, inversión pública, ordenamiento territorial, agricultura, turismo, infraestructura, recursos hídricos, medio ambiente, cambio climático, políticas macroeconómicas y fiscales (fondos de emergencia y seguros catastróficos soberanos)",agricultura:Agricultura | agua:Agua y recursos hídricos | finanzas:Finanzas y financiamiento,False,,,pendiente
https://hdl.handle.net/11362/44472,"Mainstreaming disaster risk management strategies in development instruments (II): policy briefs for Barbados, Guyana, Saint Lucia, Suriname, and Trinidad and Tobago",organizaciones,"Comunidad del Caribe (CARICOM), Agencia Caribeña para la Gestión de Emergencias por Desastres (CDEMA), Fondo de Seguros contra Riesgos de Catástrofe para el Caribe (CCRIF SPC), Banco Interamericano de Desarrollo (BID), Banco de Desarrollo del Caribe (CDB), Asociación de Estados del Caribe (AEC), Marco de Sendai para la Reducción del Riesgo de Desastres 2015-2030, Objetivos de Desarrollo Sostenible (ODS)",bid:BID,False,,,pendiente
https://hdl.handle.net/11362/44486,A economia da mudança climática na América Latina e no Caribe: uma visão gráfica,autoria,"Alicia Bárcena, Joseluis Samaniego, Luis Miguel Galindo, Jimy Ferrer Carbonell, José Eduardo Alatorre, Pauline Stockins, Orlando Reyes, Luis Sánchez, Jessica Mostacedo",Alicia Bárcena | Joseluis Samaniego | Luis Miguel Galindo | Jimy Ferrer Carbonell | José Eduardo Alatorre | Pauline Stockins | Orlando Reyes | Luis Sánchez | Jessica Mostacedo,False,,,pendiente
https://hdl.handle.net/11362/44486,A economia da mudança climática na América Latina e no Caribe: uma visão gráfica,tipo_documento,Documentos de Proyectos,,True,,,pendiente
https://hdl.handle.net/11362/44486,A economia da mudança climática na América Latina e no Caribe: uma visão gráfica,ambito_aplicacion,"América Latina y el Caribe (análisis regional agregado y desagregado por países de América Latina y del Caribe en gráficos y cuadros de emisiones, metas CND, gasto de los hogares, agricultura, energía, urbanización y zonas costeras)",regional:Regional | subregional:Subregional,True,,,pendiente
https://hdl.handle.net/11362/44486,A economia da mudança climática na América Latina e no Caribe: uma visão gráfica,paises,"América Latina y el Caribe (análisis regional agregado y desagregado por países de América Latina y del Caribe en gráficos y cuadros de emisiones, metas CND, gasto de los hogares, agricultura, energía, urbanización y zonas costeras)",,True,,,pendiente
https://hdl.handle.net/11362/44486,A economia da mudança climática na América Latina e no Caribe: uma visão gráfica,subregiones,"América Latina y el Caribe (análisis regional agregado y desagregado por países de América Latina y del Caribe en gráficos y cuadros de emisiones, metas CND, gasto de los hogares, agricultura, energía, urbanización y zonas costeras)",alc:América Latina y el Caribe | caribe:Caribe,False,,,pendiente
https://hdl.handle.net/11362/44486,A economia da mudança climática na América Latina e no Caribe: uma visão gráfica,sectores,"Multisectorial (energía, transporte y movilidad urbana, agricultura y uso del suelo, silvicultura y biodiversidad, recursos hídricos, infraestructura y zonas costeras, política fiscal ambiental y servicios públicos)",agricultura:Agricultura | agua:Agua y recursos hídricos | energia:Energía | transporte:Transporte | ecosistemas:Ecosistemas y biodiversidad,False,,,pendiente
https://hdl.handle.net/11362/44486,A economia da mudança climática na América Latina e no Caribe: uma visão gráfica,organizaciones,"Países de la OCDE y de la Unión Europea (como referentes comparativos en recaudación fiscal ambiental, elasticidades de demanda de combustibles y normas de calidad del aire), acuerdos internacionales de la CMNUCC (Acuerdo de París, COP 21), Objetivos de Desarrollo Sostenible (ODS), Hábitat III y Conferencia de Addis Abeba sobre Financiamiento para el Desarrollo",ocde:OCDE,False,,,pendiente
https://hdl.handle.net/11362/44487,"Cuarto informe sobre financiamiento para el cambio climático en América Latina y el Caribe, 2013-2016",autoria,"Joseluis Samaniego, Heloísa Schneider",Joseluis Samaniego | Heloísa Schneider,False,,,pendiente
https://hdl.handle.net/11362/44487,"Cuarto informe sobre financiamiento para el cambio climático en América Latina y el Caribe, 2013-2016",tipo_documento,Documentos de Proyectos,,True,,,pendiente
https://hdl.handle.net/11362/44487,"Cuarto informe sobre financiamiento para el cambio climático en América Latina y el Caribe, 2013-2016",ambito_aplicacion,"América Latina y el Caribe (con seguimiento de 20 países: Argentina, Bahamas, Barbados, Belice, Brasil, Chile, Colombia, Costa Rica, Ecuador, El Salvador, Guatemala, Guyana, Honduras, Jamaica, México, Nicaragua, Panamá, Paraguay, Perú y Uruguay, y desglose para el Caribe en BDC)",regional:Regional | subregional:Subregional,True,,,pendiente
https://hdl.handle.net/11362/44487,"Cuarto informe sobre financiamiento para el cambio climático en América Latina y el Caribe, 2013-2016",paises,"América Latina y el Caribe (con seguimiento de 20 países: Argentina, Bahamas, Barbados, Belice, Brasil, Chile, Colombia, Costa Rica, Ecuador, El Salvador, Guatemala, Guyana, Honduras, Jamaica, México, Nicaragua, Panamá, Paraguay, Perú y Uruguay, y desglose para el Caribe en BDC)",argentina:Argentina | bahamas:Bahamas | barbados:Barbados | belice:Belice | brasil:Brasil | chile:Chile | colombia:Colombia | costa_rica:Costa Rica | ecuador:Ecuador | el_salvador:El Salvador | guatemala:Guatemala | guyana:Guyana | honduras:Honduras | jamaica:Jamaica | mexico:México | nicaragua:Nicaragua | panama:Panamá | paraguay:Paraguay | peru:Perú | uruguay:Uruguay,False,,,pendiente
https://hdl.handle.net/11362/44487,"Cuarto informe sobre financiamiento para el cambio climático en América Latina y el Caribe, 2013-2016",subregiones,"América Latina y el Caribe (con seguimiento de 20 países: Argentina, Bahamas, Barbados, Belice, Brasil, Chile, Colombia, Costa Rica, Ecuador, El Salvador, Guatemala, Guyana, Honduras, Jamaica, México, Nicaragua, Panamá, Paraguay, Perú y Uruguay, y desglose para el Caribe en BDC)",alc:América Latina y el Caribe | caribe:Caribe,False,,,pendiente
https://hdl.handle.net/11362/44487,"Cuarto informe sobre financiamiento para el cambio climático en América Latina y el Caribe, 2013-2016",sectores,"Finanzas climáticas, banca multilateral de desarrollo (GBM, BEI, BID, CAF, BCIE, BDC), banca nacional de desarrollo (BNDES, Banco do Brasil, NAFIN, FIRA, Bancóldex, Banco Estado), fondos climáticos multilaterales y nacionales (FVC, GEF, CIF, Fondo de Adaptación, Fondo Amazonia, Fondo Mexicano para el Cambio Climático, Programa ABC), bonos verdes, inversión privada y banca comercial sostenible, energías renovables, transporte urbano sustentable, eficiencia energética y uso del suelo",energia:Energía | transporte:Transporte | ciudades_vivienda:Ciudades y vivienda | finanzas:Finanzas y financiamiento,False,,,pendiente
https://hdl.handle.net/11362/44487,"Cuarto informe sobre financiamiento para el cambio climático en América Latina y el Caribe, 2013-2016",organizaciones,"Convención Marco de las Naciones Unidas sobre el Cambio Climático (CMNUCC), Acuerdo de París, Panel Intergubernamental sobre Cambio Climático (IPCC), International Development Finance Club (IDFC), Joint Report on Multilateral Development Banks Climate Finance, Climate Policy Initiative (CPI), Climate Bonds Initiative (CBI), NAMA Facility, Unión Europea (Programa EUROCLIMA)",bid:BID | ipcc:IPCC | naciones_unidas:Naciones Unidas,False,,,pendiente
https://hdl.handle.net/11362/44551,Informe de avance cuatrienal sobre el progreso y los desafíos regionales de la Agenda 2030 para el Desarrollo Sostenible en América Latina y el Caribe,autoria,Comisión Económica para América Latina y el Caribe (CEPAL),Comisión Económica para América Latina | el Caribe (CEPAL),False,,,pendiente
https://hdl.handle.net/11362/44551,Informe de avance cuatrienal sobre el progreso y los desafíos regionales de la Agenda 2030 para el Desarrollo Sostenible en América Latina y el Caribe,tipo_documento,Informe institucional insignia,informe:Informe,False,,,pendiente
https://hdl.handle.net/11362/44551,Informe de avance cuatrienal sobre el progreso y los desafíos regionales de la Agenda 2030 para el Desarrollo Sostenible en América Latina y el Caribe,ambito_aplicacion,"América Latina y el Caribe en conjunto, con desagregación por países, subregiones, ciudades, sectores productivos, sistemas estadísticos y niveles nacional y subnacional.",regional:Regional | subregional:Subregional | subnacional:Subnacional | multinivel:Multinivel,True,,,pendiente
https://hdl.handle.net/11362/44551,Informe de avance cuatrienal sobre el progreso y los desafíos regionales de la Agenda 2030 para el Desarrollo Sostenible en América Latina y el Caribe,paises,"América Latina y el Caribe en conjunto, con desagregación por países, subregiones, ciudades, sectores productivos, sistemas estadísticos y niveles nacional y subnacional.",,True,,,pendiente
https://hdl.handle.net/11362/44551,Informe de avance cuatrienal sobre el progreso y los desafíos regionales de la Agenda 2030 para el Desarrollo Sostenible en América Latina y el Caribe,subregiones,"América Latina y el Caribe en conjunto, con desagregación por países, subregiones, ciudades, sectores productivos, sistemas estadísticos y niveles nacional y subnacional.",alc:América Latina y el Caribe | caribe:Caribe,False,,,pendiente
https://hdl.handle.net/11362/44551,Informe de avance cuatrienal sobre el progreso y los desafíos regionales de la Agenda 2030 para el Desarrollo Sostenible en América Latina y el Caribe,sectores,"Institucionalidad y planificación; estadísticas; desigualdad y protección social; educación, salud y trabajo; ecosistemas, ciudades, agua, residuos, energía y cambio climático; financiamiento, comercio, migración y cooperación.",agua:Agua y recursos hídricos | energia:Energía | salud:Salud | ciudades_vivienda:Ciudades y vivienda | comercio:Comercio | finanzas:Finanzas y financiamiento | ecosistemas:Ecosistemas y biodiversidad | empleo:Empleo | proteccion_social:Protección social,False,,,pendiente
https://hdl.handle.net/11362/44551,Informe de avance cuatrienal sobre el progreso y los desafíos regionales de la Agenda 2030 para el Desarrollo Sostenible en América Latina y el Caribe,organizaciones,"Sistema de las Naciones Unidas, Acuerdo de París, Agenda de Acción de Addis Abeba, Marco de Sendái, OMC, organismos regionales y experiencias internacionales usadas como marcos de cooperación o comparación.",naciones_unidas:Naciones Unidas,False,,,pendiente
https://hdl.handle.net/11362/44584,Minería para un futuro bajo en carbono: oportunidades y desafíos para el desarrollo sostenible,autoria,,,False,,,pendiente
https://hdl.handle.net/11362/44584,Minería para un futuro bajo en carbono: oportunidades y desafíos para el desarrollo sostenible,tipo_documento,Serie Seminarios y Conferencias,memoria_seminario:Memoria de seminario,False,,,pendiente
https://hdl.handle.net/11362/44584,Minería para un futuro bajo en carbono: oportunidades y desafíos para el desarrollo sostenible,ambito_aplicacion,"Regional (países andinos de América Latina: Bolivia (Estado Plurinacional de), Chile, Colombia, Ecuador y Perú, con articulación internacional con Alemania y el Banco Mundial)",regional:Regional,True,,,pendiente
https://hdl.handle.net/11362/44584,Minería para un futuro bajo en carbono: oportunidades y desafíos para el desarrollo sostenible,paises,"Regional (países andinos de América Latina: Bolivia (Estado Plurinacional de), Chile, Colombia, Ecuador y Perú, con articulación internacional con Alemania y el Banco Mundial)",bolivia:Bolivia (Estado Plurinacional de) | chile:Chile | colombia:Colombia | ecuador:Ecuador | peru:Perú,False,,,pendiente
https://hdl.handle.net/11362/44584,Minería para un futuro bajo en carbono: oportunidades y desafíos para el desarrollo sostenible,subregiones,"Regional (países andinos de América Latina: Bolivia (Estado Plurinacional de), Chile, Colombia, Ecuador y Perú, con articulación internacional con Alemania y el Banco Mundial)",,True,,,pendiente
https://hdl.handle.net/11362/44584,Minería para un futuro bajo en carbono: oportunidades y desafíos para el desarrollo sostenible,sectores,"Sector minero extractivo (cobre, litio, cobalto, carbón, oro), energía (renovables no convencionales, solar, eólica, hidrógeno verde) e industria manufacturera/baterías",energia:Energía | industria:Industria,False,,,pendiente
https://hdl.handle.net/11362/44584,Minería para un futuro bajo en carbono: oportunidades y desafíos para el desarrollo sostenible,organizaciones,"CEPAL (División de Desarrollo Sostenible y Asentamientos Humanos), GIZ (Cooperación Alemana) y Banco Mundial",cepal:CEPAL | banco_mundial:Banco Mundial,False,,,pendiente
https://hdl.handle.net/11362/44590,Logros y desafíos de la integración centroamericana: aportes de la CEPAL,autoria,Jorge Mario Martínez Piva (ed.),Jorge Mario Martínez Piva (ed.),False,,,pendiente
https://hdl.handle.net/11362/44590,Logros y desafíos de la integración centroamericana: aportes de la CEPAL,tipo_documento,Libro o documento institucional,,True,,,pendiente
https://hdl.handle.net/11362/44590,Logros y desafíos de la integración centroamericana: aportes de la CEPAL,ambito_aplicacion,"Países miembros del Sistema de la Integración Centroamericana (SICA): Costa Rica, El Salvador, Guatemala, Honduras, Nicaragua, Panamá y República Dominicana.",regional:Regional,True,,,pendiente
https://hdl.handle.net/11362/44590,Logros y desafíos de la integración centroamericana: aportes de la CEPAL,paises,"Países miembros del Sistema de la Integración Centroamericana (SICA): Costa Rica, El Salvador, Guatemala, Honduras, Nicaragua, Panamá y República Dominicana.",costa_rica:Costa Rica | el_salvador:El Salvador | guatemala:Guatemala | honduras:Honduras | nicaragua:Nicaragua | panama:Panamá | republica_dominicana:República Dominicana,False,,,pendiente
https://hdl.handle.net/11362/44590,Logros y desafíos de la integración centroamericana: aportes de la CEPAL,subregiones,"Países miembros del Sistema de la Integración Centroamericana (SICA): Costa Rica, El Salvador, Guatemala, Honduras, Nicaragua, Panamá y República Dominicana.",,True,,,pendiente
https://hdl.handle.net/11362/44590,Logros y desafíos de la integración centroamericana: aportes de la CEPAL,sectores,"Integración económica, comercio intrarregional, cadenas de valor, unión aduanera, política fiscal, logística y movilidad, interconexión eléctrica, cambio climático, desarrollo social, ciencia y tecnología.",transporte:Transporte | comercio:Comercio,False,,,pendiente
https://hdl.handle.net/11362/44590,Logros y desafíos de la integración centroamericana: aportes de la CEPAL,organizaciones,"CEPAL, ODECA, MCCA, SIECA, BCIE, COSEFIN, CAC, COMISCA, CCE, Unión Europea, Estados Unidos (DR-CAFTA).",cepal:CEPAL,False,,,pendiente
https://hdl.handle.net/11362/44640,Hacia una bioeconomía sostenible en América Latina y el Caribe: elementos para una visión regional,autoria,"Adrián G. Rodríguez, Mónica Rodrigues, Octavio Sotomayor",Adrián G. Rodríguez | Mónica Rodrigues | Octavio Sotomayor,False,,,pendiente
https://hdl.handle.net/11362/44640,Hacia una bioeconomía sostenible en América Latina y el Caribe: elementos para una visión regional,tipo_documento,Serie Recursos Naturales y Desarrollo,,True,,,pendiente
https://hdl.handle.net/11362/44640,Hacia una bioeconomía sostenible en América Latina y el Caribe: elementos para una visión regional,ambito_aplicacion,"Regional (América Latina y el Caribe), con énfasis en experiencias y procesos de Argentina, Brasil, Colombia, Costa Rica, Ecuador y Uruguay.",regional:Regional | subregional:Subregional,True,,,pendiente
https://hdl.handle.net/11362/44640,Hacia una bioeconomía sostenible en América Latina y el Caribe: elementos para una visión regional,paises,"Regional (América Latina y el Caribe), con énfasis en experiencias y procesos de Argentina, Brasil, Colombia, Costa Rica, Ecuador y Uruguay.",argentina:Argentina | brasil:Brasil | colombia:Colombia | costa_rica:Costa Rica | ecuador:Ecuador | uruguay:Uruguay,False,,,pendiente
https://hdl.handle.net/11362/44640,Hacia una bioeconomía sostenible en América Latina y el Caribe: elementos para una visión regional,subregiones,"Regional (América Latina y el Caribe), con énfasis en experiencias y procesos de Argentina, Brasil, Colombia, Costa Rica, Ecuador y Uruguay.",alc:América Latina y el Caribe | caribe:Caribe,False,,,pendiente
https://hdl.handle.net/11362/44640,Hacia una bioeconomía sostenible en América Latina y el Caribe: elementos para una visión regional,sectores,"Agricultura, agroindustria, forestería, bioenergía, biorrefinerías, biotecnología, biodiversidad y gestión integral de biomasa residual.",agricultura:Agricultura | ecosistemas:Ecosistemas y biodiversidad,False,,,pendiente
https://hdl.handle.net/11362/44640,Hacia una bioeconomía sostenible en América Latina y el Caribe: elementos para una visión regional,organizaciones,"CEPAL (División de Recursos Naturales / Unidad de Desarrollo Agrícola y Biodiversidad), FAO, IICA, CIAT, Cooperación Alemana (GIZ), Programa de Trabajo CEPAL-Francia, Cumbre Global de Bioeconomía (GBS).",cepal:CEPAL | fao:FAO,False,,,pendiente
https://hdl.handle.net/11362/44970,Cambio climático y derechos humanos: contribuciones desde y para América Latina y el Caribe,autoria,,,False,,,pendiente
https://hdl.handle.net/11362/44970,Cambio climático y derechos humanos: contribuciones desde y para América Latina y el Caribe,tipo_documento,Documentos de proyectos,,True,,,pendiente
https://hdl.handle.net/11362/44970,Cambio climático y derechos humanos: contribuciones desde y para América Latina y el Caribe,ambito_aplicacion,"América Latina y el Caribe (análisis regional comparado sobre 33 países, con detalle sistemático sobre 26 a 28 países con marcos legislativos, estrategias y planes climáticos analizados)",regional:Regional | subregional:Subregional,True,,,pendiente
https://hdl.handle.net/11362/44970,Cambio climático y derechos humanos: contribuciones desde y para América Latina y el Caribe,paises,"América Latina y el Caribe (análisis regional comparado sobre 33 países, con detalle sistemático sobre 26 a 28 países con marcos legislativos, estrategias y planes climáticos analizados)",,True,,,pendiente
https://hdl.handle.net/11362/44970,Cambio climático y derechos humanos: contribuciones desde y para América Latina y el Caribe,subregiones,"América Latina y el Caribe (análisis regional comparado sobre 33 países, con detalle sistemático sobre 26 a 28 países con marcos legislativos, estrategias y planes climáticos analizados)",alc:América Latina y el Caribe | caribe:Caribe,False,,,pendiente
https://hdl.handle.net/11362/44970,Cambio climático y derechos humanos: contribuciones desde y para América Latina y el Caribe,sectores,"Derecho internacional de los derechos humanos, derecho ambiental, marcos constitucionales, leyes especializadas de cambio climático, contribuciones determinadas a nivel nacional (CDN), políticas de mitigación y adaptación, acceso a la información y justicia ambiental",,True,,,pendiente
https://hdl.handle.net/11362/44970,Cambio climático y derechos humanos: contribuciones desde y para América Latina y el Caribe,organizaciones,"Convención Marco de las Naciones Unidas sobre el Cambio Climático (CMNUCC), Acuerdo de París, Consejo de Derechos Humanos de las Naciones Unidas, comités de órganos de tratados de la ONU, Examen Periódico Universal (EPU), Sistema Interamericano de Derechos Humanos (Corte IDH y CIDH) y Unión Europea (Programa EUROCLIMA+)",naciones_unidas:Naciones Unidas,False,,,pendiente
https://hdl.handle.net/11362/44974,"Panorama de las contribuciones determinadas a nivel nacional en América Latina y el Caribe, 2019: avances para el cumplimiento del Acuerdo de París",autoria,"Joseluis Samaniego, José Eduardo Alatorre, Orlando Reyes, Jimy Ferrer, Lina Muñoz, Laura Arpaia",Joseluis Samaniego | José Eduardo Alatorre | Orlando Reyes | Jimy Ferrer | Lina Muñoz | Laura Arpaia,False,,,pendiente
https://hdl.handle.net/11362/44974,"Panorama de las contribuciones determinadas a nivel nacional en América Latina y el Caribe, 2019: avances para el cumplimiento del Acuerdo de París",tipo_documento,Documentos de proyectos / Libros y monografías / Panorama institucional,informe_insignia_panorama:Informe insignia o Panorama,False,,,pendiente
https://hdl.handle.net/11362/44974,"Panorama de las contribuciones determinadas a nivel nacional en América Latina y el Caribe, 2019: avances para el cumplimiento del Acuerdo de París",ambito_aplicacion,América Latina y el Caribe (33 países de la región),regional:Regional | subregional:Subregional | subnacional:Subnacional,True,,,pendiente
https://hdl.handle.net/11362/44974,"Panorama de las contribuciones determinadas a nivel nacional en América Latina y el Caribe, 2019: avances para el cumplimiento del Acuerdo de París",paises,América Latina y el Caribe (33 países de la región),,True,,,pendiente
https://hdl.handle.net/11362/44974,"Panorama de las contribuciones determinadas a nivel nacional en América Latina y el Caribe, 2019: avances para el cumplimiento del Acuerdo de París",subregiones,América Latina y el Caribe (33 países de la región),alc:América Latina y el Caribe | caribe:Caribe,False,,,pendiente
https://hdl.handle.net/11362/44974,"Panorama de las contribuciones determinadas a nivel nacional en América Latina y el Caribe, 2019: avances para el cumplimiento del Acuerdo de París",sectores,"Mitigación y adaptación al cambio climático, sector energético (electricidad, hidrocarburos, energías renovables no convencionales, eficiencia energética), transporte y movilidad eléctrica, uso del suelo, cambio de uso del suelo y silvicultura (UTCUTS/LULUCF), agricultura y ganadería sostenible, gestión de residuos, recursos hídricos y cuencas hidrográficas, salud pública, biodiversidad y zonas costeras, e instrumentos de mercado e impuestos al carbono",agricultura:Agricultura | agua:Agua y recursos hídricos | energia:Energía | transporte:Transporte | salud:Salud | ecosistemas:Ecosistemas y biodiversidad,False,,,pendiente
https://hdl.handle.net/11362/44974,"Panorama de las contribuciones determinadas a nivel nacional en América Latina y el Caribe, 2019: avances para el cumplimiento del Acuerdo de París",organizaciones,"Convención Marco de las Naciones Unidas sobre el Cambio Climático (CMNUCC), Acuerdo de París, Grupo Intergubernamental de Expertos sobre el Cambio Climático (IPCC), Programa de las Naciones Unidas para el Medio Ambiente (PNUMA), Comisión Económica para América Latina y el Caribe (CEPAL), Banco Interamericano de Desarrollo (BID), Banco Mundial, Unión Europea (Programa EUROCLIMA+ y Sistema Copérnico)",cepal:CEPAL | bid:BID | ipcc:IPCC | naciones_unidas:Naciones Unidas | banco_mundial:Banco Mundial,False,,,pendiente
https://hdl.handle.net/11362/45023,"Índices climáticos, políticas de aseguramiento agropecuario y gestión integral de riesgos en Centroamérica y la República Dominicana: experiencias internacionales y avances regionales",autoria,José Manuel Iraheta • Julie Lennox (supervisión),José Manuel Iraheta | Julie Lennox (supervisión),True,,,pendiente
https://hdl.handle.net/11362/45023,"Índices climáticos, políticas de aseguramiento agropecuario y gestión integral de riesgos en Centroamérica y la República Dominicana: experiencias internacionales y avances regionales",tipo_documento,Documentos de proyectos,,True,,,pendiente
https://hdl.handle.net/11362/45023,"Índices climáticos, políticas de aseguramiento agropecuario y gestión integral de riesgos en Centroamérica y la República Dominicana: experiencias internacionales y avances regionales",ambito_aplicacion,"Centroamérica y la República Dominicana (países miembros del Sistema de la Integración Centroamericana - SICA: Belice, Costa Rica, El Salvador, Guatemala, Honduras, Nicaragua, Panamá y República Dominicana)",subregional:Subregional,True,,,pendiente
https://hdl.handle.net/11362/45023,"Índices climáticos, políticas de aseguramiento agropecuario y gestión integral de riesgos en Centroamérica y la República Dominicana: experiencias internacionales y avances regionales",paises,"Centroamérica y la República Dominicana (países miembros del Sistema de la Integración Centroamericana - SICA: Belice, Costa Rica, El Salvador, Guatemala, Honduras, Nicaragua, Panamá y República Dominicana)",belice:Belice | costa_rica:Costa Rica | el_salvador:El Salvador | guatemala:Guatemala | honduras:Honduras | nicaragua:Nicaragua | panama:Panamá | republica_dominicana:República Dominicana,False,,,pendiente
https://hdl.handle.net/11362/45023,"Índices climáticos, políticas de aseguramiento agropecuario y gestión integral de riesgos en Centroamérica y la República Dominicana: experiencias internacionales y avances regionales",subregiones,"Centroamérica y la República Dominicana (países miembros del Sistema de la Integración Centroamericana - SICA: Belice, Costa Rica, El Salvador, Guatemala, Honduras, Nicaragua, Panamá y República Dominicana)",centroamerica:Centroamérica,False,,,pendiente
https://hdl.handle.net/11362/45023,"Índices climáticos, políticas de aseguramiento agropecuario y gestión integral de riesgos en Centroamérica y la República Dominicana: experiencias internacionales y avances regionales",sectores,"Sector agropecuario y cadenas agroalimentarias (granos básicos, maíz, frijol, arroz, café, caña de azúcar, ganadería bovina de leche y carne), gestión integral del riesgo de desastres (GIR), seguros agropecuarios paramétricos e indizados (precipitación SPI, sequía, exceso de lluvia, estrés agrícola ASIS y NDVI), supervisión y regulación prudencial de seguros, reaseguros internacionales, crédito y microfinanzas rurales, y sistemas de información agrometeorológica satelital y terrestre",agricultura:Agricultura,False,,,pendiente
https://hdl.handle.net/11362/45023,"Índices climáticos, políticas de aseguramiento agropecuario y gestión integral de riesgos en Centroamérica y la República Dominicana: experiencias internacionales y avances regionales",organizaciones,"Comisión Económica para América Latina y el Caribe (CEPAL), Secretaría Ejecutiva del Consejo Agropecuario Centroamericano (SECAC), Grupo Técnico de Cambio Climático y Gestión Integral de Riesgos (GTCCGIR), Organización de las Naciones Unidas para la Alimentación y la Agricultura (FAO), Microinsurance Catastrophe Risk Organisation (MiCRO), Swiss Re, Banco Centroamericano de Integración Económica (BCIE), Centro de Coordinación para la Prevención de los Desastres en América Central y República Dominicana (CEPREDENAC), Comité Regional de Recursos Hidráulicos (CRRH), Instituto Interamericano de Cooperación para la Agricultura (IICA)",cepal:CEPAL | fao:FAO | naciones_unidas:Naciones Unidas,False,,,pendiente
https://hdl.handle.net/11362/45046,Study on trends in energy efficiency in selected Caribbean countries,autoria,Bruno Lapillone,Bruno Lapillone,False,,,pendiente
https://hdl.handle.net/11362/45046,Study on trends in energy efficiency in selected Caribbean countries,tipo_documento,Project Documents,,True,,,pendiente
https://hdl.handle.net/11362/45046,Study on trends in energy efficiency in selected Caribbean countries,ambito_aplicacion,"Regional (Caribe: Barbados, Guyana, Santa Lucía, y Trinidad y Tabago)",subregional:Subregional | regional:Regional,True,,,pendiente
https://hdl.handle.net/11362/45046,Study on trends in energy efficiency in selected Caribbean countries,paises,"Regional (Caribe: Barbados, Guyana, Santa Lucía, y Trinidad y Tabago)",barbados:Barbados | guyana:Guyana | santa_lucia:Santa Lucía | trinidad_tobago:Trinidad y Tabago,False,,,pendiente
https://hdl.handle.net/11362/45046,Study on trends in energy efficiency in selected Caribbean countries,subregiones,"Regional (Caribe: Barbados, Guyana, Santa Lucía, y Trinidad y Tabago)",caribe:Caribe,False,,,pendiente
https://hdl.handle.net/11362/45046,Study on trends in energy efficiency in selected Caribbean countries,sectores,"Energía (sector energético y transformación eléctrica, transporte terrestre, industria manufacturera y petroquímica, sector servicios y turismo, alumbrado público, residencial y agricultura)",agricultura:Agricultura | energia:Energía | transporte:Transporte | industria:Industria,False,,,pendiente
https://hdl.handle.net/11362/45046,Study on trends in energy efficiency in selected Caribbean countries,organizaciones,"CEPAL (División de Recursos Naturales e Infraestructura y Sede Subregional para el Caribe), ADEME (Agencia de Medio Ambiente y Gestión de la Energía de Francia), GIZ, Enerdata y agencias nacionales participantes (Division of Energy and Telecommunications de Barbados, Guyana Energy Agency, Renewable Energy Division de Santa Lucía, Ministry of Energy Industries de Trinidad y Tabago)",cepal:CEPAL,False,,,pendiente
https://hdl.handle.net/11362/45066,Synthesis of the Caribbean subregion midterm review report of the Small Island Developing States (SIDS) Accelerated Modalities of Action (SAMOA) Pathway,autoria,"Artie Dubrie, Elizabeth Thorne, Luciana Fontes de Meira, Omar Bello, Willard Phillips",Artie Dubrie | Elizabeth Thorne | Luciana Fontes de Meira | Omar Bello | Willard Phillips,False,,,pendiente
https://hdl.handle.net/11362/45066,Synthesis of the Caribbean subregion midterm review report of the Small Island Developing States (SIDS) Accelerated Modalities of Action (SAMOA) Pathway,tipo_documento,Estudios y Perspectivas - Sede Subregional para el Caribe,,True,,,pendiente
https://hdl.handle.net/11362/45066,Synthesis of the Caribbean subregion midterm review report of the Small Island Developing States (SIDS) Accelerated Modalities of Action (SAMOA) Pathway,ambito_aplicacion,"Pequeños Estados Insulares en Desarrollo (SIDS) y territorios no independientes del Caribe (Antigua y Barbuda, Bahamas, Barbados, Belice, Cuba, Dominica, República Dominicana, Granada, Guyana, Haití, Jamaica, Saint Kitts y Nevis, Santa Lucía, San Vicente y las Granadinas, Surinam, Trinidad y Tobago, Anguila, Aruba, Bermudas, Islas Vírgenes Británicas, Islas Caimán, Curazao, Guadalupe, Martinica, Montserrat, Puerto Rico, Sint Maarten, Islas Turcas y Caicos, e Islas Vírgenes de los Estados Unidos)",subregional:Subregional,True,,,pendiente
https://hdl.handle.net/11362/45066,Synthesis of the Caribbean subregion midterm review report of the Small Island Developing States (SIDS) Accelerated Modalities of Action (SAMOA) Pathway,paises,"Pequeños Estados Insulares en Desarrollo (SIDS) y territorios no independientes del Caribe (Antigua y Barbuda, Bahamas, Barbados, Belice, Cuba, Dominica, República Dominicana, Granada, Guyana, Haití, Jamaica, Saint Kitts y Nevis, Santa Lucía, San Vicente y las Granadinas, Surinam, Trinidad y Tobago, Anguila, Aruba, Bermudas, Islas Vírgenes Británicas, Islas Caimán, Curazao, Guadalupe, Martinica, Montserrat, Puerto Rico, Sint Maarten, Islas Turcas y Caicos, e Islas Vírgenes de los Estados Unidos)",antigua_barbuda:Antigua y Barbuda | bahamas:Bahamas | barbados:Barbados | belice:Belice | cuba:Cuba | dominica:Dominica | granada:Granada | guyana:Guyana | haiti:Haití | jamaica:Jamaica | republica_dominicana:República Dominicana | san_cristobal_nieves:Saint Kitts y Nevis | santa_lucia:Santa Lucía | san_vicente_granadinas:San Vicente y las Granadinas,False,,,pendiente
https://hdl.handle.net/11362/45066,Synthesis of the Caribbean subregion midterm review report of the Small Island Developing States (SIDS) Accelerated Modalities of Action (SAMOA) Pathway,subregiones,"Pequeños Estados Insulares en Desarrollo (SIDS) y territorios no independientes del Caribe (Antigua y Barbuda, Bahamas, Barbados, Belice, Cuba, Dominica, República Dominicana, Granada, Guyana, Haití, Jamaica, Saint Kitts y Nevis, Santa Lucía, San Vicente y las Granadinas, Surinam, Trinidad y Tobago, Anguila, Aruba, Bermudas, Islas Vírgenes Británicas, Islas Caimán, Curazao, Guadalupe, Martinica, Montserrat, Puerto Rico, Sint Maarten, Islas Turcas y Caicos, e Islas Vírgenes de los Estados Unidos)",caribe:Caribe,False,,,pendiente
https://hdl.handle.net/11362/45066,Synthesis of the Caribbean subregion midterm review report of the Small Island Developing States (SIDS) Accelerated Modalities of Action (SAMOA) Pathway,sectores,"Multisectorial: crecimiento económico y restricciones financieras (de-risking, ODA, deuda), facilitación del comercio e integración regional, empleo y economía azul/naranja, cambio climático y gestión del riesgo de desastres, recursos naturales y biodiversidad, energía sostenible, agua y saneamiento, transporte y conectividad, seguridad alimentaria y agricultura, salud y enfermedades no transmisibles, desarrollo social, inclusión e igualdad de género, educación, cultura y deportes",agricultura:Agricultura | agua:Agua y recursos hídricos | energia:Energía | transporte:Transporte | salud:Salud | comercio:Comercio | ecosistemas:Ecosistemas y biodiversidad | empleo:Empleo,False,,,pendiente
https://hdl.handle.net/11362/45066,Synthesis of the Caribbean subregion midterm review report of the Small Island Developing States (SIDS) Accelerated Modalities of Action (SAMOA) Pathway,organizaciones,"Marcos multilaterales globales (Trayectoria de Samoa 2014, Agenda 2030 / ODS, Marco de Sendai para la Reducción del Riesgo de Desastres 2015-2030, Acuerdo de París sobre Cambio Climático, Agenda de Acción de Addis Abeba sobre Financiamiento para el Desarrollo, Nueva Agenda Urbana, Declaración de Estambul para PMA); Unión Europea; organismos internacionales (PNUMA, FAO, OIEA, OIT, OMS/OPS, Banco Mundial, UIT, OACI) y socios de cooperación (Canadá, Alemania, Japón, Nueva Zelanda, Estados Unidos)",fao:FAO | banco_mundial:Banco Mundial,False,,,pendiente
https://hdl.handle.net/11362/45098,The enhancement of resilience to disasters and climate change in the Caribbean through the modernization of the energy sector,autoria,"Adrián Flores, Leda Peralta",Adrián Flores | Leda Peralta,False,,,pendiente
https://hdl.handle.net/11362/45098,The enhancement of resilience to disasters and climate change in the Caribbean through the modernization of the energy sector,tipo_documento,Estudios y Perspectivas - Sede Subregional de la CEPAL para el Caribe,,True,,,pendiente
https://hdl.handle.net/11362/45098,The enhancement of resilience to disasters and climate change in the Caribbean through the modernization of the energy sector,ambito_aplicacion,"Subregión del Caribe (Pequeños Estados Insulares en Desarrollo - SIDS de CARICOM y Estados miembros de la CEPAL, con estudios de caso a profundidad en Trinidad y Tabago y Granada)",subregional:Subregional,True,,,pendiente
https://hdl.handle.net/11362/45098,The enhancement of resilience to disasters and climate change in the Caribbean through the modernization of the energy sector,paises,"Subregión del Caribe (Pequeños Estados Insulares en Desarrollo - SIDS de CARICOM y Estados miembros de la CEPAL, con estudios de caso a profundidad en Trinidad y Tabago y Granada)",granada:Granada | trinidad_tobago:Trinidad y Tabago,False,,,pendiente
https://hdl.handle.net/11362/45098,The enhancement of resilience to disasters and climate change in the Caribbean through the modernization of the energy sector,subregiones,"Subregión del Caribe (Pequeños Estados Insulares en Desarrollo - SIDS de CARICOM y Estados miembros de la CEPAL, con estudios de caso a profundidad en Trinidad y Tabago y Granada)",caribe:Caribe,False,,,pendiente
https://hdl.handle.net/11362/45098,The enhancement of resilience to disasters and climate change in the Caribbean through the modernization of the energy sector,sectores,"Sector energético (generación eléctrica, transmisión, distribución, microrredes, redes inteligentes, fuentes renovables solar FV, eólica, geotérmica e hidroeléctrica in-conduit), eficiencia energética (edificaciones, transporte, alumbrado público), gestión del riesgo de desastres (DRM/GRD, infraestructura crítica, evaluación multiamenaza de inversión pública), gobernanza regulatoria y finanzas climáticas",energia:Energía | transporte:Transporte | finanzas:Finanzas y financiamiento,False,,,pendiente
https://hdl.handle.net/11362/45098,The enhancement of resilience to disasters and climate change in the Caribbean through the modernization of the energy sector,organizaciones,"Costa Rica, Islandia, Nueva Zelanda, Noruega, Islas Cook, Niue, Tuvalu, Fiji, Vanuatu, Islas Salomón, Unión Europea, Estados Unidos (NREL), CARICOM, CDEMA, CARILEC, CCCCC, CDB, GEF, FVC/GCF, Carbon War Room, OFID, OEA, MIDEPLAN de Costa Rica",,True,,,pendiente
https://hdl.handle.net/11362/45108,Promoting debt sustainability to facilitate financing sustainable development in selected Caribbean countries: A scenario analysis of the ECLAC debt for climate adaptation swap initiative,autoria,"Sheldon McLean, Hidenobu Tokuda, Nyasha Skerrette, Machel Pantin",Sheldon McLean | Hidenobu Tokuda | Nyasha Skerrette | Machel Pantin,False,,,pendiente
https://hdl.handle.net/11362/45108,Promoting debt sustainability to facilitate financing sustainable development in selected Caribbean countries: A scenario analysis of the ECLAC debt for climate adaptation swap initiative,tipo_documento,"Studies and Perspectives series-ECLAC Subregional Headquarters for the Caribbean, No. 89",,True,,,pendiente
https://hdl.handle.net/11362/45108,Promoting debt sustainability to facilitate financing sustainable development in selected Caribbean countries: A scenario analysis of the ECLAC debt for climate adaptation swap initiative,ambito_aplicacion,"Regional (Caribe: Antigua y Barbuda, Santa Lucía, San Vicente y las Granadinas)",subregional:Subregional | regional:Regional,True,,,pendiente
https://hdl.handle.net/11362/45108,Promoting debt sustainability to facilitate financing sustainable development in selected Caribbean countries: A scenario analysis of the ECLAC debt for climate adaptation swap initiative,paises,"Regional (Caribe: Antigua y Barbuda, Santa Lucía, San Vicente y las Granadinas)",antigua_barbuda:Antigua y Barbuda | santa_lucia:Santa Lucía | san_vicente_granadinas:San Vicente y las Granadinas,False,,,pendiente
https://hdl.handle.net/11362/45108,Promoting debt sustainability to facilitate financing sustainable development in selected Caribbean countries: A scenario analysis of the ECLAC debt for climate adaptation swap initiative,subregiones,"Regional (Caribe: Antigua y Barbuda, Santa Lucía, San Vicente y las Granadinas)",caribe:Caribe,False,,,pendiente
https://hdl.handle.net/11362/45108,Promoting debt sustainability to facilitate financing sustainable development in selected Caribbean countries: A scenario analysis of the ECLAC debt for climate adaptation swap initiative,sectores,"Macroeconomía y finanzas públicas (deuda pública soberana, espacio fiscal, servicio de deuda), financiamiento climático, infraestructura resiliente, energía renovable y adaptación al cambio climático",energia:Energía | finanzas:Finanzas y financiamiento,False,,,pendiente
https://hdl.handle.net/11362/45108,Promoting debt sustainability to facilitate financing sustainable development in selected Caribbean countries: A scenario analysis of the ECLAC debt for climate adaptation swap initiative,organizaciones,"CEPAL (Sede Subregional para el Caribe), Fondo Verde para el Clima (GCF), Banco Central del Caribe Oriental (ECCB), Banco de Desarrollo del Caribe (CDB), Fondo Monetario Internacional (FMI), Banco Mundial, Club de París, PetroCaribe y ALBA",cepal:CEPAL | banco_mundial:Banco Mundial,False,,,pendiente
https://hdl.handle.net/11362/45111,Perspectivas de la agricultura y del desarrollo rural en las Américas: una mirada hacia América Latina y el Caribe 2019-2020,autoria,,,False,,,pendiente
https://hdl.handle.net/11362/45111,Perspectivas de la agricultura y del desarrollo rural en las Américas: una mirada hacia América Latina y el Caribe 2019-2020,tipo_documento,Informe institucional conjunto,informe:Informe,False,,,pendiente
https://hdl.handle.net/11362/45111,Perspectivas de la agricultura y del desarrollo rural en las Américas: una mirada hacia América Latina y el Caribe 2019-2020,ambito_aplicacion,"América Latina y el Caribe (con alcance hemisférico y estudios de caso a nivel de países miembros de CEPAL, FAO e IICA, incluyendo Argentina, Brasil, Chile, Colombia, Costa Rica, Ecuador, México y Uruguay)",regional:Regional | subregional:Subregional,True,,,pendiente
https://hdl.handle.net/11362/45111,Perspectivas de la agricultura y del desarrollo rural en las Américas: una mirada hacia América Latina y el Caribe 2019-2020,paises,"América Latina y el Caribe (con alcance hemisférico y estudios de caso a nivel de países miembros de CEPAL, FAO e IICA, incluyendo Argentina, Brasil, Chile, Colombia, Costa Rica, Ecuador, México y Uruguay)",argentina:Argentina | brasil:Brasil | chile:Chile | colombia:Colombia | costa_rica:Costa Rica | ecuador:Ecuador | mexico:México | uruguay:Uruguay,False,,,pendiente
https://hdl.handle.net/11362/45111,Perspectivas de la agricultura y del desarrollo rural en las Américas: una mirada hacia América Latina y el Caribe 2019-2020,subregiones,"América Latina y el Caribe (con alcance hemisférico y estudios de caso a nivel de países miembros de CEPAL, FAO e IICA, incluyendo Argentina, Brasil, Chile, Colombia, Costa Rica, Ecuador, México y Uruguay)",alc:América Latina y el Caribe | caribe:Caribe,False,,,pendiente
https://hdl.handle.net/11362/45111,Perspectivas de la agricultura y del desarrollo rural en las Américas: una mirada hacia América Latina y el Caribe 2019-2020,sectores,"Sector agropecuario y desarrollo rural, bioeconomía (bioenergía, biotecnología agrícola, edición génica, bioinsumos y bioeconomía circular con biomasa residual), agroecología, agricultura digital y conectividad rural, comercio agroalimentario internacional y cadenas globales de valor, compras públicas y circuitos cortos, financiamiento rural y alianzas público-privadas-productores (A3Ps), y gobernanza interinstitucional",agricultura:Agricultura | comercio:Comercio | finanzas:Finanzas y financiamiento,False,,,pendiente
https://hdl.handle.net/11362/45111,Perspectivas de la agricultura y del desarrollo rural en las Américas: una mirada hacia América Latina y el Caribe 2019-2020,organizaciones,"CEPAL, FAO, IICA, OCDE, Banco Mundial, FMI, OMC, IPCC, FONTAGRO, EMBRAPA (Brasil), INTA (Argentina), INIA (Chile/Uruguay), AGROSAVIA (Colombia), Unión Europea (programas FP7 y Horizonte 2020)",cepal:CEPAL | fao:FAO | ipcc:IPCC | ocde:OCDE | banco_mundial:Banco Mundial,False,,,pendiente
https://hdl.handle.net/11362/45252,La gestión y manejo de residuos sólidos y sus propuestas regulatorias e impositivas,autoria,"Joseluis Samaniego, Luis Miguel Galindo, Silvia Jessica Mostacedo Marasovic, Jimy Ferrer Carbonell, José Eduardo Alatorre y Orlando Reyes",Joseluis Samaniego | Luis Miguel Galindo | Silvia Jessica Mostacedo Marasovic | Jimy Ferrer Carbonell | José Eduardo Alatorre | Orlando Reyes,False,,,pendiente
https://hdl.handle.net/11362/45252,La gestión y manejo de residuos sólidos y sus propuestas regulatorias e impositivas,tipo_documento,Síntesis de políticas públicas,,True,,,pendiente
https://hdl.handle.net/11362/45252,La gestión y manejo de residuos sólidos y sus propuestas regulatorias e impositivas,ambito_aplicacion,"Chile, Colombia, Perú y Uruguay (América Latina)",,False,,,pendiente
https://hdl.handle.net/11362/45252,La gestión y manejo de residuos sólidos y sus propuestas regulatorias e impositivas,paises,"Chile, Colombia, Perú y Uruguay (América Latina)",chile:Chile | colombia:Colombia | peru:Perú | uruguay:Uruguay,False,,,pendiente
https://hdl.handle.net/11362/45252,La gestión y manejo de residuos sólidos y sus propuestas regulatorias e impositivas,subregiones,"Chile, Colombia, Perú y Uruguay (América Latina)",,True,,,pendiente
https://hdl.handle.net/11362/45252,La gestión y manejo de residuos sólidos y sus propuestas regulatorias e impositivas,sectores,"Gestión y manejo integral de residuos sólidos domiciliarios y urbanos, servicios públicos de aseo y barrido, marcos regulatorios ambientales y tarifarios, esquemas de concesión y licitación, rellenos sanitarios y sistemas de captura/quema de gas metano, mercados de carbono y reformas fiscales sobre empaques",,True,,,pendiente
https://hdl.handle.net/11362/45252,La gestión y manejo de residuos sólidos y sus propuestas regulatorias e impositivas,organizaciones,"CEPAL, BMZ (Ministerio Federal de Cooperación Económica y Desarrollo de Alemania), GIZ (Agencia Alemana de Cooperación Internacional), OCDE, Banco Mundial (WDI), BID, Protocolo de Kioto (Mecanismo de Desarrollo Limpio - MDL)",cepal:CEPAL | bid:BID | ocde:OCDE | banco_mundial:Banco Mundial,False,,,pendiente
https://hdl.handle.net/11362/45604,Iniciativas para transparentar los aspectos ambientales y sociales en las cadenas de abastecimiento de la minería: tendencias internacionales y desafíos para los países andinos,autoria,Annie Dufey,Annie Dufey,False,,,pendiente
https://hdl.handle.net/11362/45604,Iniciativas para transparentar los aspectos ambientales y sociales en las cadenas de abastecimiento de la minería: tendencias internacionales y desafíos para los países andinos,tipo_documento,Documento de proyecto o estudio técnico,estudio_tecnico:Estudio técnico,False,,,pendiente
https://hdl.handle.net/11362/45604,Iniciativas para transparentar los aspectos ambientales y sociales en las cadenas de abastecimiento de la minería: tendencias internacionales y desafíos para los países andinos,ambito_aplicacion,"Región Andina (Chile, Colombia, Ecuador, Estado Plurinacional de Bolivia, Perú)",subregional:Subregional | subnacional:Subnacional,True,,,pendiente
https://hdl.handle.net/11362/45604,Iniciativas para transparentar los aspectos ambientales y sociales en las cadenas de abastecimiento de la minería: tendencias internacionales y desafíos para los países andinos,paises,"Región Andina (Chile, Colombia, Ecuador, Estado Plurinacional de Bolivia, Perú)",bolivia:Bolivia (Estado Plurinacional de) | chile:Chile | colombia:Colombia | ecuador:Ecuador | peru:Perú,False,,,pendiente
https://hdl.handle.net/11362/45604,Iniciativas para transparentar los aspectos ambientales y sociales en las cadenas de abastecimiento de la minería: tendencias internacionales y desafíos para los países andinos,subregiones,"Región Andina (Chile, Colombia, Ecuador, Estado Plurinacional de Bolivia, Perú)",region_andina:Región Andina,False,,,pendiente
https://hdl.handle.net/11362/45604,Iniciativas para transparentar los aspectos ambientales y sociales en las cadenas de abastecimiento de la minería: tendencias internacionales y desafíos para los países andinos,sectores,"Minería (cobre, litio, cobalto, zinc, oro, carbón, aluminio), industria automotriz (vehículos eléctricos, baterías) e industria electrónica",industria:Industria,False,,,pendiente
https://hdl.handle.net/11362/45604,Iniciativas para transparentar los aspectos ambientales y sociales en las cadenas de abastecimiento de la minería: tendencias internacionales y desafíos para los países andinos,organizaciones,"Unión Europea, Estados Unidos, China, República Democrática del Congo, OCDE, Banco Mundial, ICMM, Responsible Minerals Initiative (RMI), Responsible Jewellery Council (RJC), Aluminium Stewardship Initiative (ASI), Initiative for Responsible Mining Assurance (IRMA)",ocde:OCDE | banco_mundial:Banco Mundial,False,,,pendiente
https://hdl.handle.net/11362/45677,La emergencia del cambio climático en América Latina y el Caribe: ¿seguimos esperando la catástrofe o pasamos a la acción?,autoria,"Alicia Bárcena, Joseluis Samaniego, Wilson Peres y José Eduardo Alatorre",Alicia Bárcena | Joseluis Samaniego | Wilson Peres | José Eduardo Alatorre,False,,,pendiente
https://hdl.handle.net/11362/45677,La emergencia del cambio climático en América Latina y el Caribe: ¿seguimos esperando la catástrofe o pasamos a la acción?,tipo_documento,Libros de la CEPAL,,True,,,pendiente
https://hdl.handle.net/11362/45677,La emergencia del cambio climático en América Latina y el Caribe: ¿seguimos esperando la catástrofe o pasamos a la acción?,ambito_aplicacion,"América Latina y el Caribe en su conjunto, con análisis subregionales exhaustivos sobre la vulnerabilidad de Centroamérica y los países insulares del Caribe, y casos de estudio empíricos y sectoriales en la Argentina, el Brasil, Chile, Colombia, el Ecuador, México, el Perú y el Uruguay.",regional:Regional | subregional:Subregional,True,,,pendiente
https://hdl.handle.net/11362/45677,La emergencia del cambio climático en América Latina y el Caribe: ¿seguimos esperando la catástrofe o pasamos a la acción?,paises,"América Latina y el Caribe en su conjunto, con análisis subregionales exhaustivos sobre la vulnerabilidad de Centroamérica y los países insulares del Caribe, y casos de estudio empíricos y sectoriales en la Argentina, el Brasil, Chile, Colombia, el Ecuador, México, el Perú y el Uruguay.",argentina:Argentina | brasil:Brasil | chile:Chile | colombia:Colombia | ecuador:Ecuador | mexico:México | peru:Perú | uruguay:Uruguay,False,,,pendiente
https://hdl.handle.net/11362/45677,La emergencia del cambio climático en América Latina y el Caribe: ¿seguimos esperando la catástrofe o pasamos a la acción?,subregiones,"América Latina y el Caribe en su conjunto, con análisis subregionales exhaustivos sobre la vulnerabilidad de Centroamérica y los países insulares del Caribe, y casos de estudio empíricos y sectoriales en la Argentina, el Brasil, Chile, Colombia, el Ecuador, México, el Perú y el Uruguay.",alc:América Latina y el Caribe | centroamerica:Centroamérica | caribe:Caribe,False,,,pendiente
https://hdl.handle.net/11362/45677,La emergencia del cambio climático en América Latina y el Caribe: ¿seguimos esperando la catástrofe o pasamos a la acción?,sectores,"Sector energético y transición hacia energías renovables no convencionales, transporte y movilidad urbana limpia (electromovilidad en transporte masivo), sector agropecuario y ganadería de bajas emisiones (recuperación de pasturas degradadas y sistemas silvopastoriles), recursos hídricos, zonas costeras y recursos marinos, biodiversidad y soluciones basadas en la naturaleza, salud pública y contaminación atmosférica urbana, y arquitectura fiscal y financiera (impuestos al carbono, precios sociales del carbono, banca de desarrollo y bonos verdes).",agricultura:Agricultura | agua:Agua y recursos hídricos | energia:Energía | transporte:Transporte | salud:Salud | finanzas:Finanzas y financiamiento | ecosistemas:Ecosistemas y biodiversidad,False,,,pendiente
https://hdl.handle.net/11362/45677,La emergencia del cambio climático en América Latina y el Caribe: ¿seguimos esperando la catástrofe o pasamos a la acción?,organizaciones,"Comisión Económica para América Latina y el Caribe (CEPAL), División de Desarrollo Sostenible y Asentamientos Humanos, Acuerdo de París, Convención Marco de las Naciones Unidas sobre el Cambio Climático (CMNUCC), Banco Interamericano de Desarrollo (BID), Banco de Desarrollo de América Latina (CAF), Banco Mundial, Organización para la Cooperación y el Desarrollo Económicos (OCDE), Grupo Intergubernamental de Expertos sobre el Cambio Climático (IPCC).",cepal:CEPAL | bid:BID | ipcc:IPCC | naciones_unidas:Naciones Unidas | ocde:OCDE | banco_mundial:Banco Mundial,False,,,pendiente
https://hdl.handle.net/11362/45689,Procesos de adaptación al cambio climático: análisis de América Latina,autoria,"Joseluis Samaniego, Luis Miguel Galindo, Silvia Jessica Mostacedo Marasovic, Jimy Ferrer Carbonell, José Eduardo Alatorre, Orlando Reyes",Joseluis Samaniego | Luis Miguel Galindo | Silvia Jessica Mostacedo Marasovic | Jimy Ferrer Carbonell | José Eduardo Alatorre | Orlando Reyes,False,,,pendiente
https://hdl.handle.net/11362/45689,Procesos de adaptación al cambio climático: análisis de América Latina,tipo_documento,Síntesis de políticas públicas sobre cambio climático,,True,,,pendiente
https://hdl.handle.net/11362/45689,Procesos de adaptación al cambio climático: análisis de América Latina,ambito_aplicacion,"América Latina y el Caribe (con análisis a nivel agregado regional y perfiles comparativos de vulnerabilidad social en Argentina, Bolivia, Brasil, Chile, Colombia, Costa Rica, Ecuador, El Salvador, Guatemala, Honduras, México, Nicaragua, Panamá, Paraguay, Perú, República Dominicana, Uruguay y Venezuela)",regional:Regional | subregional:Subregional,True,,,pendiente
https://hdl.handle.net/11362/45689,Procesos de adaptación al cambio climático: análisis de América Latina,paises,"América Latina y el Caribe (con análisis a nivel agregado regional y perfiles comparativos de vulnerabilidad social en Argentina, Bolivia, Brasil, Chile, Colombia, Costa Rica, Ecuador, El Salvador, Guatemala, Honduras, México, Nicaragua, Panamá, Paraguay, Perú, República Dominicana, Uruguay y Venezuela)",argentina:Argentina | bolivia:Bolivia (Estado Plurinacional de) | brasil:Brasil | chile:Chile | colombia:Colombia | costa_rica:Costa Rica | ecuador:Ecuador | el_salvador:El Salvador | guatemala:Guatemala | honduras:Honduras | mexico:México | nicaragua:Nicaragua | panama:Panamá | paraguay:Paraguay | peru:Perú | republica_dominicana:República Dominicana | uruguay:Uruguay | venezuela:Venezuela (República Bolivariana de),False,,,pendiente
https://hdl.handle.net/11362/45689,Procesos de adaptación al cambio climático: análisis de América Latina,subregiones,"América Latina y el Caribe (con análisis a nivel agregado regional y perfiles comparativos de vulnerabilidad social en Argentina, Bolivia, Brasil, Chile, Colombia, Costa Rica, Ecuador, El Salvador, Guatemala, Honduras, México, Nicaragua, Panamá, Paraguay, Perú, República Dominicana, Uruguay y Venezuela)",alc:América Latina y el Caribe | caribe:Caribe,False,,,pendiente
https://hdl.handle.net/11362/45689,Procesos de adaptación al cambio climático: análisis de América Latina,sectores,"Multisectorial: macroeconomía y crecimiento primarizado, energía y matriz energética, estructura social y protección social, agricultura y ganadería, recursos hídricos, salud pública y control de vectores, zonas costeras y alza del nivel del mar, y biodiversidad y áreas protegidas",agricultura:Agricultura | agua:Agua y recursos hídricos | energia:Energía | salud:Salud | ecosistemas:Ecosistemas y biodiversidad | proteccion_social:Protección social,False,,,pendiente
https://hdl.handle.net/11362/45689,Procesos de adaptación al cambio climático: análisis de América Latina,organizaciones,Comisión Económica para América Latina y el Caribe (CEPAL); Programa EUROCLIMA de la Unión Europea (CEC/14/001); Panel Intergubernamental sobre el Cambio Climático (IPCC); Banco Interamericano de Desarrollo (BID); World Wildlife Fund (WWF); Organización para la Cooperación y el Desarrollo Económicos (OCDE); Banco Mundial; Programa de las Naciones Unidas para el Medio Ambiente (PNUMA),cepal:CEPAL | bid:BID | ipcc:IPCC | naciones_unidas:Naciones Unidas | ocde:OCDE | banco_mundial:Banco Mundial,False,,,pendiente
https://hdl.handle.net/11362/45690,La transversalización del enfoque de género en las políticas públicas frente al cambio climático en América Latina,autoria,Marina Casas Varez,Marina Casas Varez,False,,,pendiente
https://hdl.handle.net/11362/45690,La transversalización del enfoque de género en las políticas públicas frente al cambio climático en América Latina,tipo_documento,Síntesis de política pública,,True,,,pendiente
https://hdl.handle.net/11362/45690,La transversalización del enfoque de género en las políticas públicas frente al cambio climático en América Latina,ambito_aplicacion,América Latina y el Caribe,regional:Regional | subregional:Subregional,True,,,pendiente
https://hdl.handle.net/11362/45690,La transversalización del enfoque de género en las políticas públicas frente al cambio climático en América Latina,paises,América Latina y el Caribe,,True,,,pendiente
https://hdl.handle.net/11362/45690,La transversalización del enfoque de género en las políticas públicas frente al cambio climático en América Latina,subregiones,América Latina y el Caribe,alc:América Latina y el Caribe | caribe:Caribe,False,,,pendiente
https://hdl.handle.net/11362/45690,La transversalización del enfoque de género en las políticas públicas frente al cambio climático en América Latina,sectores,"Políticas públicas ambientales y climáticas, planificación del desarrollo, agricultura y seguridad alimentaria, recursos hídricos y saneamiento, energía y pobreza energética, gestión y reducción del riesgo de desastres, y gobernanza forestal",agricultura:Agricultura | agua:Agua y recursos hídricos | energia:Energía | ecosistemas:Ecosistemas y biodiversidad | proteccion_social:Protección social,False,,,pendiente
https://hdl.handle.net/11362/45690,La transversalización del enfoque de género en las políticas públicas frente al cambio climático en América Latina,organizaciones,"Convención Marco de las Naciones Unidas sobre el Cambio Climático (CMNUCC), Conferencia de las Partes (COP20 - Plan de Trabajo de Lima sobre género), Objetivos de Desarrollo Sostenible (ODS 5, 6, 11, 13) y Convención sobre la Eliminación de Todas las Formas de Discriminación contra la Mujer (CEDAW)",naciones_unidas:Naciones Unidas,False,,,pendiente
https://hdl.handle.net/11362/45691,El cambio climático y la economía política de las externalidades negativas y fiscales en América Latina,autoria,"Joseluis Samaniego, Luis Miguel Galindo, Silvia Jessica Mostacedo Marasovic, Jimy Ferrer Carbonell, José Eduardo Alatorre y Orlando Reyes",Joseluis Samaniego | Luis Miguel Galindo | Silvia Jessica Mostacedo Marasovic | Jimy Ferrer Carbonell | José Eduardo Alatorre | Orlando Reyes,False,,,pendiente
https://hdl.handle.net/11362/45691,El cambio climático y la economía política de las externalidades negativas y fiscales en América Latina,tipo_documento,Síntesis de políticas públicas,,True,,,pendiente
https://hdl.handle.net/11362/45691,El cambio climático y la economía política de las externalidades negativas y fiscales en América Latina,ambito_aplicacion,"América Latina y el Caribe (con análisis de casos en México, Venezuela, Ecuador y Uruguay)",regional:Regional | subregional:Subregional,True,,,pendiente
https://hdl.handle.net/11362/45691,El cambio climático y la economía política de las externalidades negativas y fiscales en América Latina,paises,"América Latina y el Caribe (con análisis de casos en México, Venezuela, Ecuador y Uruguay)",ecuador:Ecuador | mexico:México | uruguay:Uruguay | venezuela:Venezuela (República Bolivariana de),False,,,pendiente
https://hdl.handle.net/11362/45691,El cambio climático y la economía política de las externalidades negativas y fiscales en América Latina,subregiones,"América Latina y el Caribe (con análisis de casos en México, Venezuela, Ecuador y Uruguay)",alc:América Latina y el Caribe | caribe:Caribe,False,,,pendiente
https://hdl.handle.net/11362/45691,El cambio climático y la economía política de las externalidades negativas y fiscales en América Latina,sectores,"Política fiscal, tributación ambiental, subsidios energéticos, combustibles fósiles y transporte",transporte:Transporte,False,,,pendiente
https://hdl.handle.net/11362/45691,El cambio climático y la economía política de las externalidades negativas y fiscales en América Latina,organizaciones,"Estados Unidos, Unión Europea y Japón (mercados de destino de exportaciones con protocolos ambientales) y organismos multilaterales de crédito",,True,,,pendiente
https://hdl.handle.net/11362/45692,El cambio climático y sus efectos en la biodiversidad de América Latina,autoria,"Joseluis Samaniego, Luis Miguel Galindo, Silvia Jessica Mostacedo Marasovic, Jimy Ferrer Carbonell, José Eduardo Alatorre y Orlando Reyes",Joseluis Samaniego | Luis Miguel Galindo | Silvia Jessica Mostacedo Marasovic | Jimy Ferrer Carbonell | José Eduardo Alatorre | Orlando Reyes,False,,,pendiente
https://hdl.handle.net/11362/45692,El cambio climático y sus efectos en la biodiversidad de América Latina,tipo_documento,Síntesis de políticas públicas,,True,,,pendiente
https://hdl.handle.net/11362/45692,El cambio climático y sus efectos en la biodiversidad de América Latina,ambito_aplicacion,"América Latina y el Caribe (con análisis empírico y datos de Belice, Bolivia, Brasil, Chile, Colombia, Costa Rica, Ecuador, El Salvador, Guatemala, Honduras, México, Panamá, Paraguay, Perú y República Dominicana)",regional:Regional | subregional:Subregional,True,,,pendiente
https://hdl.handle.net/11362/45692,El cambio climático y sus efectos en la biodiversidad de América Latina,paises,"América Latina y el Caribe (con análisis empírico y datos de Belice, Bolivia, Brasil, Chile, Colombia, Costa Rica, Ecuador, El Salvador, Guatemala, Honduras, México, Panamá, Paraguay, Perú y República Dominicana)",belice:Belice | bolivia:Bolivia (Estado Plurinacional de) | brasil:Brasil | chile:Chile | colombia:Colombia | costa_rica:Costa Rica | ecuador:Ecuador | el_salvador:El Salvador | guatemala:Guatemala | honduras:Honduras | mexico:México | panama:Panamá | paraguay:Paraguay | peru:Perú | republica_dominicana:República Dominicana,False,,,pendiente
https://hdl.handle.net/11362/45692,El cambio climático y sus efectos en la biodiversidad de América Latina,subregiones,"América Latina y el Caribe (con análisis empírico y datos de Belice, Bolivia, Brasil, Chile, Colombia, Costa Rica, Ecuador, El Salvador, Guatemala, Honduras, México, Panamá, Paraguay, Perú y República Dominicana)",alc:América Latina y el Caribe | caribe:Caribe,False,,,pendiente
https://hdl.handle.net/11362/45692,El cambio climático y sus efectos en la biodiversidad de América Latina,sectores,"Biodiversidad, servicios ecosistémicos, áreas naturales protegidas, corredores biológicos, recursos forestales e hídricos, agricultura, pesca, turismo y economía ambiental",agricultura:Agricultura | ecosistemas:Ecosistemas y biodiversidad,False,,,pendiente
https://hdl.handle.net/11362/45692,El cambio climático y sus efectos en la biodiversidad de América Latina,organizaciones,"Unión Europea (Programa EUROCLIMA), UICN, PNUMA (UNEP), IPCC, FAO, REDPARQUES, Fondo Mundial para la Naturaleza (WWF), Banco Interamericano de Desarrollo (BID) y convenios internacionales (Ramsar, CDB)",bid:BID | fao:FAO | ipcc:IPCC,False,,,pendiente
https://hdl.handle.net/11362/45693,"El cambio climático, la distribución del ingreso y la pobreza: el caso de México",autoria,"Joseluis Samaniego, Luis Miguel Galindo, Silvia Jessica Mostacedo Marasovic, Jimy Ferrer Carbonell, José Eduardo Alatorre y Orlando Reyes",Joseluis Samaniego | Luis Miguel Galindo | Silvia Jessica Mostacedo Marasovic | Jimy Ferrer Carbonell | José Eduardo Alatorre | Orlando Reyes,False,,,pendiente
https://hdl.handle.net/11362/45693,"El cambio climático, la distribución del ingreso y la pobreza: el caso de México",tipo_documento,Síntesis de políticas públicas,,True,,,pendiente
https://hdl.handle.net/11362/45693,"El cambio climático, la distribución del ingreso y la pobreza: el caso de México",ambito_aplicacion,"México (sector rural, 80 comunidades rurales de la muestra ENHRUM)",subnacional:Subnacional,True,,,pendiente
https://hdl.handle.net/11362/45693,"El cambio climático, la distribución del ingreso y la pobreza: el caso de México",paises,"México (sector rural, 80 comunidades rurales de la muestra ENHRUM)",mexico:México,False,,,pendiente
https://hdl.handle.net/11362/45693,"El cambio climático, la distribución del ingreso y la pobreza: el caso de México",subregiones,"México (sector rural, 80 comunidades rurales de la muestra ENHRUM)",,True,,,pendiente
https://hdl.handle.net/11362/45693,"El cambio climático, la distribución del ingreso y la pobreza: el caso de México",sectores,"Sector agropecuario, economía rural, distribución del ingreso y pobreza alimentaria",agricultura:Agricultura | proteccion_social:Protección social,False,,,pendiente
https://hdl.handle.net/11362/45693,"El cambio climático, la distribución del ingreso y la pobreza: el caso de México",organizaciones,"Modelos climáticos globales HADLEY (Hadley Centre), PCM (Parallel Climate Model) y MIMR (Center for Climate System Research) bajo escenario A2 del IPCC; línea de pobreza alimentaria rural del CONEVAL (2006); literatura empírica internacional de función ricardiana y microeconometría climática (Mendelsohn, Stern, Nordhaus, Horowitz).",ipcc:IPCC,False,,,pendiente
https://hdl.handle.net/11362/45696,"El cambio climático, la agricultura y la pobreza en América Latina",autoria,"Joseluis Samaniego, Luis Miguel Galindo, Silvia Jessica Mostacedo Marasovic, Jimy Ferrer Carbonell, José Eduardo Alatorre y Orlando Reyes",Joseluis Samaniego | Luis Miguel Galindo | Silvia Jessica Mostacedo Marasovic | Jimy Ferrer Carbonell | José Eduardo Alatorre | Orlando Reyes,False,,,pendiente
https://hdl.handle.net/11362/45696,"El cambio climático, la agricultura y la pobreza en América Latina",tipo_documento,Síntesis de política pública,,True,,,pendiente
https://hdl.handle.net/11362/45696,"El cambio climático, la agricultura y la pobreza en América Latina",ambito_aplicacion,"América Latina y el Caribe (con desagregación para 17 países: Estado Plurinacional de Bolivia, Brasil, Chile, Colombia, Costa Rica, Ecuador, El Salvador, Guatemala, Honduras, México, Nicaragua, Panamá, Paraguay, Perú, República Dominicana, Uruguay y República Bolivariana de Venezuela)",regional:Regional | subregional:Subregional,True,,,pendiente
https://hdl.handle.net/11362/45696,"El cambio climático, la agricultura y la pobreza en América Latina",paises,"América Latina y el Caribe (con desagregación para 17 países: Estado Plurinacional de Bolivia, Brasil, Chile, Colombia, Costa Rica, Ecuador, El Salvador, Guatemala, Honduras, México, Nicaragua, Panamá, Paraguay, Perú, República Dominicana, Uruguay y República Bolivariana de Venezuela)",bolivia:Bolivia (Estado Plurinacional de) | brasil:Brasil | chile:Chile | colombia:Colombia | costa_rica:Costa Rica | ecuador:Ecuador | el_salvador:El Salvador | guatemala:Guatemala | honduras:Honduras | mexico:México | nicaragua:Nicaragua | panama:Panamá | paraguay:Paraguay | peru:Perú | republica_dominicana:República Dominicana | uruguay:Uruguay | venezuela:Venezuela (República Bolivariana de),False,,,pendiente
https://hdl.handle.net/11362/45696,"El cambio climático, la agricultura y la pobreza en América Latina",subregiones,"América Latina y el Caribe (con desagregación para 17 países: Estado Plurinacional de Bolivia, Brasil, Chile, Colombia, Costa Rica, Ecuador, El Salvador, Guatemala, Honduras, México, Nicaragua, Panamá, Paraguay, Perú, República Dominicana, Uruguay y República Bolivariana de Venezuela)",alc:América Latina y el Caribe | caribe:Caribe,False,,,pendiente
https://hdl.handle.net/11362/45696,"El cambio climático, la agricultura y la pobreza en América Latina",sectores,"Sector agrícola y agropecuario, economía rural, seguridad alimentaria, biocombustibles y seguridad energética, preservación de bosques y biodiversidad, y políticas de protección social y distribución del ingreso",agricultura:Agricultura | energia:Energía | ecosistemas:Ecosistemas y biodiversidad | proteccion_social:Protección social,False,,,pendiente
https://hdl.handle.net/11362/45696,"El cambio climático, la agricultura y la pobreza en América Latina",organizaciones,"Panel Intergubernamental de Expertos sobre el Cambio Climático (IPCC, 2007), Informe Stern (2007), Indicadores de Desarrollo Mundial del Banco Mundial, CEPALSTAT, FAO e IICA",fao:FAO | ipcc:IPCC | banco_mundial:Banco Mundial,False,,,pendiente
https://hdl.handle.net/11362/45697,"El cambio climático, las externalidades negativas y el impuesto sobre las gasolinas: aplicación para el Ecuador, El Salvador y México",autoria,"Joseluis Samaniego, Luis Miguel Galindo, Silvia Jessica Mostacedo Marasovic, Jimy Ferrer Carbonell, José Eduardo Alatorre y Orlando Reyes",Joseluis Samaniego | Luis Miguel Galindo | Silvia Jessica Mostacedo Marasovic | Jimy Ferrer Carbonell | José Eduardo Alatorre | Orlando Reyes,False,,,pendiente
https://hdl.handle.net/11362/45697,"El cambio climático, las externalidades negativas y el impuesto sobre las gasolinas: aplicación para el Ecuador, El Salvador y México",tipo_documento,Síntesis de políticas públicas,,True,,,pendiente
https://hdl.handle.net/11362/45697,"El cambio climático, las externalidades negativas y el impuesto sobre las gasolinas: aplicación para el Ecuador, El Salvador y México",ambito_aplicacion,"América Latina (con aplicación empírica y estimación econométrica para el Ecuador, El Salvador y México)",,False,,,pendiente
https://hdl.handle.net/11362/45697,"El cambio climático, las externalidades negativas y el impuesto sobre las gasolinas: aplicación para el Ecuador, El Salvador y México",paises,"América Latina (con aplicación empírica y estimación econométrica para el Ecuador, El Salvador y México)",ecuador:Ecuador | el_salvador:El Salvador | mexico:México,False,,,pendiente
https://hdl.handle.net/11362/45697,"El cambio climático, las externalidades negativas y el impuesto sobre las gasolinas: aplicación para el Ecuador, El Salvador y México",subregiones,"América Latina (con aplicación empírica y estimación econométrica para el Ecuador, El Salvador y México)",,True,,,pendiente
https://hdl.handle.net/11362/45697,"El cambio climático, las externalidades negativas y el impuesto sobre las gasolinas: aplicación para el Ecuador, El Salvador y México",sectores,"Política fiscal y tributaria, sector transporte, precios y subsidios a los hidrocarburos (gasolina regular/extra y súper), congestión vial, seguridad vial (accidentes) y medio ambiente (emisiones de CO2 y contaminación atmosférica local)",transporte:Transporte,False,,,pendiente
https://hdl.handle.net/11362/45697,"El cambio climático, las externalidades negativas y el impuesto sobre las gasolinas: aplicación para el Ecuador, El Salvador y México",organizaciones,"Países de la OCDE (Alemania, Francia, Gran Bretaña, Estados Unidos y Japón), Agencia Alemana de Cooperación Internacional (GIZ) y Ministerio Federal de Cooperación Económica y Desarrollo de Alemania (BMZ)",ocde:OCDE,False,,,pendiente
https://hdl.handle.net/11362/45698,"El cambio climático, las políticas públicas y la demanda de energía y gasolinas en América Latina",autoria,"Joseluis Samaniego, Luis Miguel Galindo, Silvia Jessica Mostacedo Marasovic, Jimy Ferrer Carbonell, José Eduardo Alatorre y Orlando Reyes",Joseluis Samaniego | Luis Miguel Galindo | Silvia Jessica Mostacedo Marasovic | Jimy Ferrer Carbonell | José Eduardo Alatorre | Orlando Reyes,False,,,pendiente
https://hdl.handle.net/11362/45698,"El cambio climático, las políticas públicas y la demanda de energía y gasolinas en América Latina",tipo_documento,Síntesis de política pública,,True,,,pendiente
https://hdl.handle.net/11362/45698,"El cambio climático, las políticas públicas y la demanda de energía y gasolinas en América Latina",ambito_aplicacion,América Latina y el Caribe,regional:Regional | subregional:Subregional,True,,,pendiente
https://hdl.handle.net/11362/45698,"El cambio climático, las políticas públicas y la demanda de energía y gasolinas en América Latina",paises,América Latina y el Caribe,,True,,,pendiente
https://hdl.handle.net/11362/45698,"El cambio climático, las políticas públicas y la demanda de energía y gasolinas en América Latina",subregiones,América Latina y el Caribe,alc:América Latina y el Caribe | caribe:Caribe,False,,,pendiente
https://hdl.handle.net/11362/45698,"El cambio climático, las políticas públicas y la demanda de energía y gasolinas en América Latina",sectores,"Sector energético, transporte automotor y movilidad urbana, política fiscal ambiental, subsidios a los hidrocarburos y calidad del aire / salud pública",energia:Energía | transporte:Transporte | salud:Salud,False,,,pendiente
https://hdl.handle.net/11362/45698,"El cambio climático, las políticas públicas y la demanda de energía y gasolinas en América Latina",organizaciones,"División de Desarrollo Sostenible y Asentamientos Humanos de la CEPAL, Agencia Alemana de Cooperación Internacional (GIZ), Ministerio Federal de Cooperación Económica y Desarrollo de Alemania (BMZ) y Organización para la Cooperación y el Desarrollo Económicos (OCDE)",cepal:CEPAL | ocde:OCDE,False,,,pendiente
https://hdl.handle.net/11362/45699,Propuesta de subasta de bonos de carbono para Chile y México,autoria,"Joseluis Samaniego, Luis Miguel Galindo, Silvia Jessica Mostacedo Marasovic, Jimy Ferrer Carbonell, José Eduardo Alatorre y Orlando Reyes",Joseluis Samaniego | Luis Miguel Galindo | Silvia Jessica Mostacedo Marasovic | Jimy Ferrer Carbonell | José Eduardo Alatorre | Orlando Reyes,False,,,pendiente
https://hdl.handle.net/11362/45699,Propuesta de subasta de bonos de carbono para Chile y México,tipo_documento,Síntesis de políticas públicas,,True,,,pendiente
https://hdl.handle.net/11362/45699,Propuesta de subasta de bonos de carbono para Chile y México,ambito_aplicacion,Chile y México,,False,,,pendiente
https://hdl.handle.net/11362/45699,Propuesta de subasta de bonos de carbono para Chile y México,paises,Chile y México,chile:Chile | mexico:México,False,,,pendiente
https://hdl.handle.net/11362/45699,Propuesta de subasta de bonos de carbono para Chile y México,subregiones,Chile y México,,True,,,pendiente
https://hdl.handle.net/11362/45699,Propuesta de subasta de bonos de carbono para Chile y México,sectores,"Política ambiental y fiscal, instrumentos de mercado (cap and trade), generación de energía eléctrica y transporte de pasajeros",energia:Energía | transporte:Transporte,False,,,pendiente
https://hdl.handle.net/11362/45699,Propuesta de subasta de bonos de carbono para Chile y México,organizaciones,"América Latina y el Caribe, Banco Mundial y literatura económica internacional (NBER, EPA)",banco_mundial:Banco Mundial,False,,,pendiente
https://hdl.handle.net/11362/45700,El cambio climático y el sector de energía en América Latina,autoria,"Joseluis Samaniego, Luis Miguel Galindo, Silvia Jessica Mostacedo Marasovic, Jimy Ferrer Carbonell, José Eduardo Alatorre y Orlando Reyes",Joseluis Samaniego | Luis Miguel Galindo | Silvia Jessica Mostacedo Marasovic | Jimy Ferrer Carbonell | José Eduardo Alatorre | Orlando Reyes,False,,,pendiente
https://hdl.handle.net/11362/45700,El cambio climático y el sector de energía en América Latina,tipo_documento,Síntesis de política pública,,True,,,pendiente
https://hdl.handle.net/11362/45700,El cambio climático y el sector de energía en América Latina,ambito_aplicacion,América Latina y el Caribe,regional:Regional | subregional:Subregional,True,,,pendiente
https://hdl.handle.net/11362/45700,El cambio climático y el sector de energía en América Latina,paises,América Latina y el Caribe,,True,,,pendiente
https://hdl.handle.net/11362/45700,El cambio climático y el sector de energía en América Latina,subregiones,América Latina y el Caribe,alc:América Latina y el Caribe | caribe:Caribe,False,,,pendiente
https://hdl.handle.net/11362/45700,El cambio climático y el sector de energía en América Latina,sectores,"Sector energético, matrices energéticas nacionales, generación eléctrica, energías renovables, transporte vehicular, biocombustibles, eficiencia energética residencial e industrial y vivienda de interés social",energia:Energía | transporte:Transporte | ciudades_vivienda:Ciudades y vivienda | industria:Industria,False,,,pendiente
https://hdl.handle.net/11362/45700,El cambio climático y el sector de energía en América Latina,organizaciones,División de Desarrollo Sostenible y Asentamientos Humanos de la CEPAL y Unión Europea (Programa EUROCLIMA),cepal:CEPAL,False,,,pendiente
https://hdl.handle.net/11362/45703,Federalismo ambiental en América Latina,autoria,"Joseluis Samaniego, Luis Miguel Galindo, Silvia Jessica Mostacedo Marasovic, Jimy Ferrer Carbonell, José Eduardo Alatorre, Orlando Reyes",Joseluis Samaniego | Luis Miguel Galindo | Silvia Jessica Mostacedo Marasovic | Jimy Ferrer Carbonell | José Eduardo Alatorre | Orlando Reyes,False,,,pendiente
https://hdl.handle.net/11362/45703,Federalismo ambiental en América Latina,tipo_documento,Síntesis de política pública,,True,,,pendiente
https://hdl.handle.net/11362/45703,Federalismo ambiental en América Latina,ambito_aplicacion,América Latina y el Caribe (con análisis empírico de casos en México y Brasil),regional:Regional | subregional:Subregional,True,,,pendiente
https://hdl.handle.net/11362/45703,Federalismo ambiental en América Latina,paises,América Latina y el Caribe (con análisis empírico de casos en México y Brasil),brasil:Brasil | mexico:México,False,,,pendiente
https://hdl.handle.net/11362/45703,Federalismo ambiental en América Latina,subregiones,América Latina y el Caribe (con análisis empírico de casos en México y Brasil),alc:América Latina y el Caribe | caribe:Caribe,False,,,pendiente
https://hdl.handle.net/11362/45703,Federalismo ambiental en América Latina,sectores,"Gobernanza ambiental y climática, federalismo fiscal, regulación y control directo de emisiones, instrumentos de mercado e impuestos ambientales, evaluación de impacto ambiental, calidad del aire, gestión de residuos sólidos, recursos hídricos y minería",agua:Agua y recursos hídricos,False,,,pendiente
https://hdl.handle.net/11362/45703,Federalismo ambiental en América Latina,organizaciones,"Convención Marco de las Naciones Unidas sobre el Cambio Climático (CMNUCC), Conferencia de las Naciones Unidas sobre el Medio Ambiente y el Desarrollo (Río 1992), y literatura teórica y empírica de federalismo fiscal y ambiental (Oates, Williams, Grasso, Díaz, Magaloni y Weingast)",naciones_unidas:Naciones Unidas,False,,,pendiente
https://hdl.handle.net/11362/45704,Medidas de mitigación y adaptación al cambio climático en América Latina y el Caribe,autoria,"Joseluis Samaniego, Luis Miguel Galindo, Silvia Jessica Mostacedo Marasovic, Jimy Ferrer Carbonell, José Eduardo Alatorre y Orlando Reyes",Joseluis Samaniego | Luis Miguel Galindo | Silvia Jessica Mostacedo Marasovic | Jimy Ferrer Carbonell | José Eduardo Alatorre | Orlando Reyes,False,,,pendiente
https://hdl.handle.net/11362/45704,Medidas de mitigación y adaptación al cambio climático en América Latina y el Caribe,tipo_documento,Síntesis de políticas públicas,,True,,,pendiente
https://hdl.handle.net/11362/45704,Medidas de mitigación y adaptación al cambio climático en América Latina y el Caribe,ambito_aplicacion,América Latina y el Caribe,regional:Regional | subregional:Subregional,True,,,pendiente
https://hdl.handle.net/11362/45704,Medidas de mitigación y adaptación al cambio climático en América Latina y el Caribe,paises,América Latina y el Caribe,,True,,,pendiente
https://hdl.handle.net/11362/45704,Medidas de mitigación y adaptación al cambio climático en América Latina y el Caribe,subregiones,América Latina y el Caribe,alc:América Latina y el Caribe | caribe:Caribe,False,,,pendiente
https://hdl.handle.net/11362/45704,Medidas de mitigación y adaptación al cambio climático en América Latina y el Caribe,sectores,"Políticas públicas de mitigación y adaptación al cambio climático, sector energético, cambio de uso del suelo y silvicultura (REDD), sector agropecuario, recursos hídricos, biodiversidad y bosques, infraestructura y asentamientos humanos, transporte, residuos, procesos industriales y fiscalidad ambiental / mercados de carbono",agricultura:Agricultura | agua:Agua y recursos hídricos | energia:Energía | transporte:Transporte | ciudades_vivienda:Ciudades y vivienda | ecosistemas:Ecosistemas y biodiversidad,False,,,pendiente
https://hdl.handle.net/11362/45704,Medidas de mitigación y adaptación al cambio climático en América Latina y el Caribe,organizaciones,"División de Desarrollo Sostenible y Asentamientos Humanos de la CEPAL, Programa EUROCLIMA de la Unión Europea, Panel Intergubernamental sobre Cambio Climático (IPCC), Convención Marco de las Naciones Unidas sobre el Cambio Climático (CMNUCC) y Programa de las Naciones Unidas para el Medio Ambiente (PNUMA)",cepal:CEPAL | ipcc:IPCC | naciones_unidas:Naciones Unidas,False,,,pendiente
https://hdl.handle.net/11362/45705,El crecimiento bajo en carbono y la adopción de tecnologías para la mitigación,autoria,"Joseluis Samaniego, Luis Miguel Galindo, Silvia Jessica Mostacedo Marasovic, Jimy Ferrer Carbonell, José Eduardo Alatorre y Orlando Reyes",Joseluis Samaniego | Luis Miguel Galindo | Silvia Jessica Mostacedo Marasovic | Jimy Ferrer Carbonell | José Eduardo Alatorre | Orlando Reyes,False,,,pendiente
https://hdl.handle.net/11362/45705,El crecimiento bajo en carbono y la adopción de tecnologías para la mitigación,tipo_documento,Síntesis de políticas públicas,,True,,,pendiente
https://hdl.handle.net/11362/45705,El crecimiento bajo en carbono y la adopción de tecnologías para la mitigación,ambito_aplicacion,América Latina y el Caribe (con estudios empíricos aplicados a Argentina y Brasil),regional:Regional | subregional:Subregional,True,,,pendiente
https://hdl.handle.net/11362/45705,El crecimiento bajo en carbono y la adopción de tecnologías para la mitigación,paises,América Latina y el Caribe (con estudios empíricos aplicados a Argentina y Brasil),argentina:Argentina | brasil:Brasil,False,,,pendiente
https://hdl.handle.net/11362/45705,El crecimiento bajo en carbono y la adopción de tecnologías para la mitigación,subregiones,América Latina y el Caribe (con estudios empíricos aplicados a Argentina y Brasil),alc:América Latina y el Caribe | caribe:Caribe,False,,,pendiente
https://hdl.handle.net/11362/45705,El crecimiento bajo en carbono y la adopción de tecnologías para la mitigación,sectores,"Sector agrícola y ganadero, generación y distribución de electricidad, sector de la construcción, transporte terrestre (pasajeros y carga), manufacturas e industria de bienes y servicios",agricultura:Agricultura | energia:Energía | transporte:Transporte | industria:Industria,False,,,pendiente
https://hdl.handle.net/11362/45705,El crecimiento bajo en carbono y la adopción de tecnologías para la mitigación,organizaciones,"División de Desarrollo Sostenible y Asentamientos Humanos de la Comisión Económica para América Latina y el Caribe (CEPAL), Programa EUROCLIMA de la Unión Europea, Panel Intergubernamental sobre Cambio Climático (IPCC), Organización para la Cooperación y el Desarrollo Económicos (OCDE)",cepal:CEPAL | ipcc:IPCC | ocde:OCDE,False,,,pendiente
https://hdl.handle.net/11362/45737,Policy Brief: Planning for resilience: an integrated approach to tackle climate change in the Caribbean,autoria,Comisión Económica para América Latina y el Caribe (CEPAL),Comisión Económica para América Latina | el Caribe (CEPAL),False,,,pendiente
https://hdl.handle.net/11362/45737,Policy Brief: Planning for resilience: an integrated approach to tackle climate change in the Caribbean,tipo_documento,Policy Brief,policy_brief:Policy brief,False,,,pendiente
https://hdl.handle.net/11362/45737,Policy Brief: Planning for resilience: an integrated approach to tackle climate change in the Caribbean,ambito_aplicacion,"Subregión del Caribe (Pequeños Estados Insulares en Desarrollo - SIDS del Caribe y Estados miembros del CDCC/CEPAL, con menciones específicas a Granada, Aruba, República Dominicana, Jamaica, Santa Lucía y Trinidad y Tabago)",subregional:Subregional,True,,,pendiente
https://hdl.handle.net/11362/45737,Policy Brief: Planning for resilience: an integrated approach to tackle climate change in the Caribbean,paises,"Subregión del Caribe (Pequeños Estados Insulares en Desarrollo - SIDS del Caribe y Estados miembros del CDCC/CEPAL, con menciones específicas a Granada, Aruba, República Dominicana, Jamaica, Santa Lucía y Trinidad y Tabago)",granada:Granada | jamaica:Jamaica | republica_dominicana:República Dominicana | santa_lucia:Santa Lucía | trinidad_tobago:Trinidad y Tabago,False,,,pendiente
https://hdl.handle.net/11362/45737,Policy Brief: Planning for resilience: an integrated approach to tackle climate change in the Caribbean,subregiones,"Subregión del Caribe (Pequeños Estados Insulares en Desarrollo - SIDS del Caribe y Estados miembros del CDCC/CEPAL, con menciones específicas a Granada, Aruba, República Dominicana, Jamaica, Santa Lucía y Trinidad y Tabago)",caribe:Caribe,False,,,pendiente
https://hdl.handle.net/11362/45737,Policy Brief: Planning for resilience: an integrated approach to tackle climate change in the Caribbean,sectores,"Planificación del desarrollo sostenible integrada, gestión del riesgo de desastres (DRM/GRD), adaptación al cambio climático, infraestructura ecológica y soluciones basadas en la naturaleza, sistemas estadísticos nacionales y producción de datos desglosados (NSO), ordenamiento territorial y planificación urbana, finanzas públicas y mecanismos de financiamiento sostenible (canjes de deuda por adaptación, PERs, INFFs), economía azul y bioeconomía, y transversalización de género y juventud",finanzas:Finanzas y financiamiento,False,,,pendiente
https://hdl.handle.net/11362/45737,Policy Brief: Planning for resilience: an integrated approach to tackle climate change in the Caribbean,organizaciones,"Comisión Económica para América Latina y el Caribe (CEPAL), Comité de Desarrollo y Cooperación del Caribe (CDCC), Mecanismo de Coordinación Regional (CDCC-RCM), Banco Interamericano de Desarrollo (BID), Banco Mundial (BM), Banco de Desarrollo del Caribe (CDB), Fondo de Adaptación de la CMNUCC, Agenda 2030 para el Desarrollo Sostenible, Agenda de Acción de Addis Abeba (AAAA), Acuerdo de París, Marco de Sendai para la Reducción del Riesgo de Desastres, Nueva Agenda Urbana y Trayectoria de Samoa",cepal:CEPAL | bid:BID | banco_mundial:Banco Mundial,False,,,pendiente
https://hdl.handle.net/11362/45966,Assessment of the effects and impacts of the Hurricane Matthew: the Bahamas,autoria,Comisión Económica para América Latina y el Caribe (CEPAL) / Banco Interamericano de Desarrollo (BID),Comisión Económica para América Latina | el Caribe (CEPAL) / Banco Interamericano de Desarrollo (BID),False,,,pendiente
https://hdl.handle.net/11362/45966,Assessment of the effects and impacts of the Hurricane Matthew: the Bahamas,tipo_documento,Estudio de caso / Evaluación de desastre,,True,,,pendiente
https://hdl.handle.net/11362/45966,Assessment of the effects and impacts of the Hurricane Matthew: the Bahamas,ambito_aplicacion,"Las Bahamas (con foco en las islas más afectadas: New Providence, Grand Bahama, Andros y Berry Islands)",,False,,,pendiente
https://hdl.handle.net/11362/45966,Assessment of the effects and impacts of the Hurricane Matthew: the Bahamas,paises,"Las Bahamas (con foco en las islas más afectadas: New Providence, Grand Bahama, Andros y Berry Islands)",bahamas:Bahamas,False,,,pendiente
https://hdl.handle.net/11362/45966,Assessment of the effects and impacts of the Hurricane Matthew: the Bahamas,subregiones,"Las Bahamas (con foco en las islas más afectadas: New Providence, Grand Bahama, Andros y Berry Islands)",,True,,,pendiente
https://hdl.handle.net/11362/45966,Assessment of the effects and impacts of the Hurricane Matthew: the Bahamas,sectores,"Sectores sociales (vivienda, salud, educación), infraestructura (carreteras, puertos y aeropuertos, telecomunicaciones, energía eléctrica, agua y saneamiento), sectores productivos (turismo, pesca), medio ambiente (ecosistemas, residuos, hidrocarburos) y macroeconomía (PIB, finanzas públicas, balanza de pagos)",agricultura:Agricultura | agua:Agua y recursos hídricos | energia:Energía | transporte:Transporte | salud:Salud | ciudades_vivienda:Ciudades y vivienda | finanzas:Finanzas y financiamiento | ecosistemas:Ecosistemas y biodiversidad,False,,,pendiente
https://hdl.handle.net/11362/45966,Assessment of the effects and impacts of the Hurricane Matthew: the Bahamas,organizaciones,"Comisión Económica para América Latina y el Caribe (CEPAL), Banco Interamericano de Desarrollo (BID), Organización Panamericana de la Salud (OPS/PAHO), Organización de las Naciones Unidas para la Alimentación y la Agricultura (FAO), National Emergency Management Agency (NEMA), Ministry of Works (MOW), Grand Bahama Port Authority (GBPA), Utilities Regulation and Competition Authority (URCA)",cepal:CEPAL | bid:BID | fao:FAO | naciones_unidas:Naciones Unidas,False,,,pendiente
https://hdl.handle.net/11362/45967,Assessment of the effects and impacts caused by Hurricane Irma: the Bahamas 2017,autoria,"Omar Bello, Michael Hendrickson, Blaine Marcano, Machel Pantin, Gustavo Mery, Carlos Espiga, Franklin Espiga, Mauricio González, Adrían Flores, Francisco Ibarra, Salvador Marconi, Robert Williams, Florencia Attademo-Hirt, Michael Nelson",Omar Bello | Michael Hendrickson | Blaine Marcano | Machel Pantin | Gustavo Mery | Carlos Espiga | Franklin Espiga | Mauricio González | Adrían Flores | Francisco Ibarra | Salvador Marconi | Robert Williams | Florencia Attademo-Hirt | Michael Nelson,False,,,pendiente
https://hdl.handle.net/11362/45967,Assessment of the effects and impacts caused by Hurricane Irma: the Bahamas 2017,tipo_documento,Documentos de Proyectos,,True,,,pendiente
https://hdl.handle.net/11362/45967,Assessment of the effects and impacts caused by Hurricane Irma: the Bahamas 2017,ambito_aplicacion,"Bahamas (especialmente las islas meridionales y Out Islands: Acklins, Bimini, Grand Bahama, Great Inagua y Ragged Island, además de impactos agregados en New Providence)",,False,,,pendiente
https://hdl.handle.net/11362/45967,Assessment of the effects and impacts caused by Hurricane Irma: the Bahamas 2017,paises,"Bahamas (especialmente las islas meridionales y Out Islands: Acklins, Bimini, Grand Bahama, Great Inagua y Ragged Island, además de impactos agregados en New Providence)",bahamas:Bahamas,False,,,pendiente
https://hdl.handle.net/11362/45967,Assessment of the effects and impacts caused by Hurricane Irma: the Bahamas 2017,subregiones,"Bahamas (especialmente las islas meridionales y Out Islands: Acklins, Bimini, Grand Bahama, Great Inagua y Ragged Island, además de impactos agregados en New Providence)",,True,,,pendiente
https://hdl.handle.net/11362/45967,Assessment of the effects and impacts caused by Hurricane Irma: the Bahamas 2017,sectores,"Multisectorial: sectores sociales (vivienda y edificios públicos, educación, salud), sectores de infraestructura (transporte terrestre/aéreo/marítimo, telecomunicaciones, energía eléctrica, agua y saneamiento), sectores productivos (turismo, pesca y agricultura) y sector macroeconómico (PIB, inflación, balance fiscal, deuda pública y balanza de pagos)",agricultura:Agricultura | agua:Agua y recursos hídricos | energia:Energía | transporte:Transporte | salud:Salud | ciudades_vivienda:Ciudades y vivienda,False,,,pendiente
https://hdl.handle.net/11362/45967,Assessment of the effects and impacts caused by Hurricane Irma: the Bahamas 2017,organizaciones,"Comisión Económica para América Latina y el Caribe (CEPAL), Banco Interamericano de Desarrollo (BID), Organización Panamericana de la Salud (OPS/OMS), National Emergency Management Agency (NEMA), Ministerio de Finanzas, Ministerio de Educación, Ministerio de Obras Públicas, Bahamas Power and Light (BPL), Water and Sewerage Corporation (WSC), Bahamas Telecommunications Company (BTC), Caribbean Catastrophe Risk Insurance Facility (CCRIF SPC)",cepal:CEPAL | bid:BID,False,,,pendiente
https://hdl.handle.net/11362/45968,Assessment of the effects and impacts of Hurricane Dorian in the Bahamas,autoria,Comisión Económica para América Latina y el Caribe (CEPAL) / Banco Interamericano de Desarrollo (BID) / Organización Panamericana de la Salud (OPS),Comisión Económica para América Latina | el Caribe (CEPAL) / Banco Interamericano de Desarrollo (BID) / Organización Panamericana de la Salud (OPS),False,,,pendiente
https://hdl.handle.net/11362/45968,Assessment of the effects and impacts of Hurricane Dorian in the Bahamas,tipo_documento,Estudio de caso / Evaluación de desastre,,True,,,pendiente
https://hdl.handle.net/11362/45968,Assessment of the effects and impacts of Hurricane Dorian in the Bahamas,ambito_aplicacion,"Las Bahamas (específicamente las islas de Gran Bahama y Ábaco, junto con los cayos adyacentes como Elbow Cay, Green Turtle Cay y Man-o-War Cay)",,False,,,pendiente
https://hdl.handle.net/11362/45968,Assessment of the effects and impacts of Hurricane Dorian in the Bahamas,paises,"Las Bahamas (específicamente las islas de Gran Bahama y Ábaco, junto con los cayos adyacentes como Elbow Cay, Green Turtle Cay y Man-o-War Cay)",bahamas:Bahamas,False,,,pendiente
https://hdl.handle.net/11362/45968,Assessment of the effects and impacts of Hurricane Dorian in the Bahamas,subregiones,"Las Bahamas (específicamente las islas de Gran Bahama y Ábaco, junto con los cayos adyacentes como Elbow Cay, Green Turtle Cay y Man-o-War Cay)",,True,,,pendiente
https://hdl.handle.net/11362/45968,Assessment of the effects and impacts of Hurricane Dorian in the Bahamas,sectores,"Sectores sociales (vivienda, salud, educación, edificios públicos), infraestructura (red vial, puertos y aeropuertos, telecomunicaciones, energía eléctrica, agua y saneamiento), sectores productivos (turismo, pesca y agricultura, comercio), sector ambiental (bosques de pino, manglares, arrecifes de coral, acuíferos y derrame de hidrocarburos) y macroeconomía (PIB, empleo, recaudación fiscal y balanza de pagos)",agricultura:Agricultura | agua:Agua y recursos hídricos | energia:Energía | transporte:Transporte | salud:Salud | ciudades_vivienda:Ciudades y vivienda | comercio:Comercio | ecosistemas:Ecosistemas y biodiversidad | empleo:Empleo,False,,,pendiente
https://hdl.handle.net/11362/45968,Assessment of the effects and impacts of Hurricane Dorian in the Bahamas,organizaciones,"Comisión Económica para América Latina y el Caribe (CEPAL), Banco Interamericano de Desarrollo (BID), Organización Panamericana de la Salud (OPS/PAHO), National Emergency Management Agency (NEMA), Ministry of Disaster Preparedness, Management and Reconstruction, Bahamas Power and Light (BPL), Grand Bahama Power Company (GBPC), Water and Sewerage Corporation (WSC), Grand Bahama Utility Company (GBUC), Bahamas Telecommunications Company (BTC), ALIV, Caribbean Catastrophe Risk Insurance Facility (CCRIF SPC)",cepal:CEPAL | bid:BID,False,,,pendiente
https://hdl.handle.net/11362/46019,Escenarios para un desarrollo sostenible en la República Dominicana: un modelo econométrico estructural de emisiones de dióxido de carbono,autoria,"Luis Miguel Galindo, Alexis Cruz-Rodríguez, Yanna Dishmey, Martin Francos, Juan Carlos López, José Eduardo Alatorre, Rafael van der Borght",Luis Miguel Galindo | Alexis Cruz-Rodríguez | Yanna Dishmey | Martin Francos | Juan Carlos López | José Eduardo Alatorre | Rafael van der Borght,False,,,pendiente
https://hdl.handle.net/11362/46019,Escenarios para un desarrollo sostenible en la República Dominicana: un modelo econométrico estructural de emisiones de dióxido de carbono,tipo_documento,Documentos de Proyectos,,True,,,pendiente
https://hdl.handle.net/11362/46019,Escenarios para un desarrollo sostenible en la República Dominicana: un modelo econométrico estructural de emisiones de dióxido de carbono,ambito_aplicacion,República Dominicana,,False,,,pendiente
https://hdl.handle.net/11362/46019,Escenarios para un desarrollo sostenible en la República Dominicana: un modelo econométrico estructural de emisiones de dióxido de carbono,paises,República Dominicana,republica_dominicana:República Dominicana,False,,,pendiente
https://hdl.handle.net/11362/46019,Escenarios para un desarrollo sostenible en la República Dominicana: un modelo econométrico estructural de emisiones de dióxido de carbono,subregiones,República Dominicana,,True,,,pendiente
https://hdl.handle.net/11362/46019,Escenarios para un desarrollo sostenible en la República Dominicana: un modelo econométrico estructural de emisiones de dióxido de carbono,sectores,"Macroeconómico multisectorial, energía (demanda de gasolinas, electricidad total y residencial), recursos hídricos (demanda de agua total y residencial), mercado laboral (empleo y salarios), sector externo (importaciones y exportaciones) y emisiones de gases de efecto invernadero (CO2 del sector energético)",agua:Agua y recursos hídricos | energia:Energía | comercio:Comercio | empleo:Empleo,False,,,pendiente
https://hdl.handle.net/11362/46019,Escenarios para un desarrollo sostenible en la República Dominicana: un modelo econométrico estructural de emisiones de dióxido de carbono,organizaciones,"CEPAL, Ministerio de Economía, Planificación y Desarrollo de la República Dominicana (MEPyD), Ministerio Federal de Cooperación Económica y Desarrollo de Alemania (BMZ), Deutsche Gesellschaft für Internationale Zusammenarbeit (GIZ), Expertise France, Banco Central de la República Dominicana, Banco Mundial",cepal:CEPAL | banco_mundial:Banco Mundial,False,,,pendiente
https://hdl.handle.net/11362/46227,Construir un nuevo futuro: una recuperación transformadora con igualdad y sostenibilidad,autoria,Comisión Económica para América Latina y el Caribe (CEPAL),Comisión Económica para América Latina | el Caribe (CEPAL),False,,,pendiente
https://hdl.handle.net/11362/46227,Construir un nuevo futuro: una recuperación transformadora con igualdad y sostenibilidad,tipo_documento,Informe institucional insignia,informe:Informe,False,,,pendiente
https://hdl.handle.net/11362/46227,Construir un nuevo futuro: una recuperación transformadora con igualdad y sostenibilidad,ambito_aplicacion,"América Latina y el Caribe, con análisis comparados de la economía mundial y estudios de caso de Brasil y Chile.",regional:Regional | subregional:Subregional,True,,,pendiente
https://hdl.handle.net/11362/46227,Construir un nuevo futuro: una recuperación transformadora con igualdad y sostenibilidad,paises,"América Latina y el Caribe, con análisis comparados de la economía mundial y estudios de caso de Brasil y Chile.",brasil:Brasil | chile:Chile,False,,,pendiente
https://hdl.handle.net/11362/46227,Construir un nuevo futuro: una recuperación transformadora con igualdad y sostenibilidad,subregiones,"América Latina y el Caribe, con análisis comparados de la economía mundial y estudios de caso de Brasil y Chile.",alc:América Latina y el Caribe | caribe:Caribe,False,,,pendiente
https://hdl.handle.net/11362/46227,Construir un nuevo futuro: una recuperación transformadora con igualdad y sostenibilidad,sectores,"Energías renovables no convencionales, electromovilidad, transformación digital, industria manufacturera de la salud, bioeconomía, economía circular y turismo, junto con fiscalidad, protección social, educación, cuidados y gobernanza.",salud:Salud | industria:Industria | proteccion_social:Protección social,False,,,pendiente
https://hdl.handle.net/11362/46227,Construir un nuevo futuro: una recuperación transformadora con igualdad y sostenibilidad,organizaciones,"Escenarios internacionales, cooperación Norte-Sur, Acuerdo de París, Agenda 2030, OMC, Unión Europea y experiencias sectoriales de países de la región; se usan como referencias para calibrar políticas regionales.",,True,,,pendiente
https://hdl.handle.net/11362/46317,Cambio climático y adaptación basada en la naturaleza: el potencial de la cobertura boscosa para reducir el impacto económico de las inundaciones en la República Dominicana,autoria,"Rafael Van der Borght, Alexis Cruz-Rodríguez y José Eduardo Alatorre",Rafael Van der Borght | Alexis Cruz-Rodríguez | José Eduardo Alatorre,False,,,pendiente
https://hdl.handle.net/11362/46317,Cambio climático y adaptación basada en la naturaleza: el potencial de la cobertura boscosa para reducir el impacto económico de las inundaciones en la República Dominicana,tipo_documento,Documentos de Proyectos,,True,,,pendiente
https://hdl.handle.net/11362/46317,Cambio climático y adaptación basada en la naturaleza: el potencial de la cobertura boscosa para reducir el impacto económico de las inundaciones en la República Dominicana,ambito_aplicacion,República Dominicana (análisis espacial a nivel de píxel en todo el territorio nacional),,False,,,pendiente
https://hdl.handle.net/11362/46317,Cambio climático y adaptación basada en la naturaleza: el potencial de la cobertura boscosa para reducir el impacto económico de las inundaciones en la República Dominicana,paises,República Dominicana (análisis espacial a nivel de píxel en todo el territorio nacional),republica_dominicana:República Dominicana,False,,,pendiente
https://hdl.handle.net/11362/46317,Cambio climático y adaptación basada en la naturaleza: el potencial de la cobertura boscosa para reducir el impacto económico de las inundaciones en la República Dominicana,subregiones,República Dominicana (análisis espacial a nivel de píxel en todo el territorio nacional),,True,,,pendiente
https://hdl.handle.net/11362/46317,Cambio climático y adaptación basada en la naturaleza: el potencial de la cobertura boscosa para reducir el impacto económico de las inundaciones en la República Dominicana,sectores,"Adaptación basada en la naturaleza, cobertura boscosa y recursos forestales, gestión del riesgo de desastres y pérdidas económicas por inundaciones, monitoreo satelital de la actividad económica (luces nocturnas) y planificación fiscal y climática (NDC)",,True,,,pendiente
https://hdl.handle.net/11362/46317,Cambio climático y adaptación basada en la naturaleza: el potencial de la cobertura boscosa para reducir el impacto económico de las inundaciones en la República Dominicana,organizaciones,"División de Desarrollo Sostenible y Asentamientos Humanos de la CEPAL (Unidad de Economía del Cambio Climático), Ministerio de Economía, Planificación y Desarrollo de la República Dominicana (MEPyD), Oficina Nacional de Meteorología (ONAMET), Ministerio para Europa y de Asuntos Exteriores de Francia (Expertise France), y Ministerio Federal de Cooperación Económica y Desarrollo de Alemania (BMZ / GIZ)",cepal:CEPAL,False,,,pendiente
https://hdl.handle.net/11362/46433,Fortalecimiento de la cadena de valor de café en la República Dominicana: en respuesta al cambio climático,autoria,Comisión Económica para América Latina y el Caribe (CEPAL) / Instituto Dominicano del Café (INDOCAFE) / Consejo Nacional para el Cambio Climático y Mecanismo de Desarrollo Limpio (CNCCMDL),Comisión Económica para América Latina | el Caribe (CEPAL) / Instituto Dominicano del Café (INDOCAFE) / Consejo Nacional para el Cambio Climático | Mecanismo de Desarrollo Limpio (CNCCMDL),False,,,pendiente
https://hdl.handle.net/11362/46433,Fortalecimiento de la cadena de valor de café en la República Dominicana: en respuesta al cambio climático,tipo_documento,Documentos de proyectos,,True,,,pendiente
https://hdl.handle.net/11362/46433,Fortalecimiento de la cadena de valor de café en la República Dominicana: en respuesta al cambio climático,ambito_aplicacion,República Dominicana (zonas cafetaleras y cadena de valor nacional de café),,False,,,pendiente
https://hdl.handle.net/11362/46433,Fortalecimiento de la cadena de valor de café en la República Dominicana: en respuesta al cambio climático,paises,República Dominicana (zonas cafetaleras y cadena de valor nacional de café),republica_dominicana:República Dominicana,False,,,pendiente
https://hdl.handle.net/11362/46433,Fortalecimiento de la cadena de valor de café en la República Dominicana: en respuesta al cambio climático,subregiones,República Dominicana (zonas cafetaleras y cadena de valor nacional de café),,True,,,pendiente
https://hdl.handle.net/11362/46433,Fortalecimiento de la cadena de valor de café en la República Dominicana: en respuesta al cambio climático,sectores,Sector agropecuario y agroindustrial / Cadena de valor del café / Cambio climático (mitigación y adaptación en el marco de la NAMA Café Plus),agricultura:Agricultura,False,,,pendiente
https://hdl.handle.net/11362/46433,Fortalecimiento de la cadena de valor de café en la República Dominicana: en respuesta al cambio climático,organizaciones,"Instituto Dominicano del Café (INDOCAFE), Consejo Nacional para el Cambio Climático y Mecanismo de Desarrollo Limpio (CNCCMDL), Ministerio de Agricultura, Ministerio de Medio Ambiente y Recursos Naturales (MIMARENA), Banco Agrícola, Instituto Dominicano de Investigaciones Agropecuarias y Forestales (IDIAF), IDECOOP, CONIAF, UTEPDA, PROMECAFÉ",,True,,,pendiente
https://hdl.handle.net/11362/46482,Transición energética de la República Dominicana: ¿cómo las estrategias de descarbonización del sector eléctrico aceleran la participación del sector privado en la contribución determinada a nivel nacional CDN?,autoria,"Rafael Berigüete, Omar Ramírez Tejada, Luis Miguel Galindo, José Eduardo Alatorre",Rafael Berigüete | Omar Ramírez Tejada | Luis Miguel Galindo | José Eduardo Alatorre,False,,,pendiente
https://hdl.handle.net/11362/46482,Transición energética de la República Dominicana: ¿cómo las estrategias de descarbonización del sector eléctrico aceleran la participación del sector privado en la contribución determinada a nivel nacional CDN?,tipo_documento,Documentos de Proyectos,,True,,,pendiente
https://hdl.handle.net/11362/46482,Transición energética de la República Dominicana: ¿cómo las estrategias de descarbonización del sector eléctrico aceleran la participación del sector privado en la contribución determinada a nivel nacional CDN?,ambito_aplicacion,República Dominicana (Sistema Eléctrico Nacional Interconectado SENI y sistemas aislados),,False,,,pendiente
https://hdl.handle.net/11362/46482,Transición energética de la República Dominicana: ¿cómo las estrategias de descarbonización del sector eléctrico aceleran la participación del sector privado en la contribución determinada a nivel nacional CDN?,paises,República Dominicana (Sistema Eléctrico Nacional Interconectado SENI y sistemas aislados),republica_dominicana:República Dominicana,False,,,pendiente
https://hdl.handle.net/11362/46482,Transición energética de la República Dominicana: ¿cómo las estrategias de descarbonización del sector eléctrico aceleran la participación del sector privado en la contribución determinada a nivel nacional CDN?,subregiones,República Dominicana (Sistema Eléctrico Nacional Interconectado SENI y sistemas aislados),,True,,,pendiente
https://hdl.handle.net/11362/46482,Transición energética de la República Dominicana: ¿cómo las estrategias de descarbonización del sector eléctrico aceleran la participación del sector privado en la contribución determinada a nivel nacional CDN?,sectores,"Sector eléctrico (generación térmica y renovable, transmisión, distribución y comercialización, autoproducción y sistemas aislados) e interrelaciones con transporte, industria, agua y edificación",agua:Agua y recursos hídricos | transporte:Transporte | industria:Industria,False,,,pendiente
https://hdl.handle.net/11362/46482,Transición energética de la República Dominicana: ¿cómo las estrategias de descarbonización del sector eléctrico aceleran la participación del sector privado en la contribución determinada a nivel nacional CDN?,organizaciones,"Experiencias internacionales y regionales de transición energética (IRENA, BID, CEPAL, CMNUCC)",cepal:CEPAL | bid:BID,False,,,pendiente
https://hdl.handle.net/11362/46499,"Análisis espacial de datos históricos y escenarios de cambio climático en México, Centroamérica, Cuba, Haití y la República Dominicana",autoria,"Diana Ramírez, Jaime Olivares y Julie Lennox",Diana Ramírez | Jaime Olivares | Julie Lennox,False,,,pendiente
https://hdl.handle.net/11362/46499,"Análisis espacial de datos históricos y escenarios de cambio climático en México, Centroamérica, Cuba, Haití y la República Dominicana",tipo_documento,Documento de proyecto / Copublicación regional,estudio_tecnico:Estudio técnico,False,,,pendiente
https://hdl.handle.net/11362/46499,"Análisis espacial de datos históricos y escenarios de cambio climático en México, Centroamérica, Cuba, Haití y la República Dominicana",ambito_aplicacion,"México, los siete países de Centroamérica (Belice, Costa Rica, El Salvador, Guatemala, Honduras, Nicaragua y Panamá) y tres países de las Antillas Mayores (Cuba, Haití y República Dominicana), con desagregación a nivel de departamentos y municipios.",subregional:Subregional,True,,,pendiente
https://hdl.handle.net/11362/46499,"Análisis espacial de datos históricos y escenarios de cambio climático en México, Centroamérica, Cuba, Haití y la República Dominicana",paises,"México, los siete países de Centroamérica (Belice, Costa Rica, El Salvador, Guatemala, Honduras, Nicaragua y Panamá) y tres países de las Antillas Mayores (Cuba, Haití y República Dominicana), con desagregación a nivel de departamentos y municipios.",belice:Belice | costa_rica:Costa Rica | cuba:Cuba | el_salvador:El Salvador | guatemala:Guatemala | haiti:Haití | honduras:Honduras | mexico:México | nicaragua:Nicaragua | panama:Panamá | republica_dominicana:República Dominicana,False,,,pendiente
https://hdl.handle.net/11362/46499,"Análisis espacial de datos históricos y escenarios de cambio climático en México, Centroamérica, Cuba, Haití y la República Dominicana",subregiones,"México, los siete países de Centroamérica (Belice, Costa Rica, El Salvador, Guatemala, Honduras, Nicaragua y Panamá) y tres países de las Antillas Mayores (Cuba, Haití y República Dominicana), con desagregación a nivel de departamentos y municipios.",centroamerica:Centroamérica,False,,,pendiente
https://hdl.handle.net/11362/46499,"Análisis espacial de datos históricos y escenarios de cambio climático en México, Centroamérica, Cuba, Haití y la República Dominicana",sectores,"Climatología espacial y territorial, sector agropecuario, seguridad alimentaria y nutricional (SAN), recursos hídricos, ecosistemas terrestres, gestión integral de riesgos de desastres y políticas de inversión pública.",agricultura:Agricultura | agua:Agua y recursos hídricos | finanzas:Finanzas y financiamiento | ecosistemas:Ecosistemas y biodiversidad,False,,,pendiente
https://hdl.handle.net/11362/46499,"Análisis espacial de datos históricos y escenarios de cambio climático en México, Centroamérica, Cuba, Haití y la República Dominicana",organizaciones,"CEPAL (Sede Subregional en México), Consejo Agropecuario Centroamericano (CAC/SICA), COSEFIN, CEPREDENAC, IPCC, CIAT, CCAFS, Universidad de Costa Rica y Universidad Nacional Autónoma de México (UNAM).",cepal:CEPAL | ipcc:IPCC,False,,,pendiente
https://hdl.handle.net/11362/46529,Caribbean in Brief: an information document for Caribbean Small Island Developing States,autoria,,,False,,,pendiente
https://hdl.handle.net/11362/46529,Caribbean in Brief: an information document for Caribbean Small Island Developing States,tipo_documento,Documento informativo,,True,,,pendiente
https://hdl.handle.net/11362/46529,Caribbean in Brief: an information document for Caribbean Small Island Developing States,ambito_aplicacion,Pequeños Estados Insulares en Desarrollo (SIDS) del Caribe y Estados miembros de CARICOM,subregional:Subregional,True,,,pendiente
https://hdl.handle.net/11362/46529,Caribbean in Brief: an information document for Caribbean Small Island Developing States,paises,Pequeños Estados Insulares en Desarrollo (SIDS) del Caribe y Estados miembros de CARICOM,,True,,,pendiente
https://hdl.handle.net/11362/46529,Caribbean in Brief: an information document for Caribbean Small Island Developing States,subregiones,Pequeños Estados Insulares en Desarrollo (SIDS) del Caribe y Estados miembros de CARICOM,caribe:Caribe,False,,,pendiente
https://hdl.handle.net/11362/46529,Caribbean in Brief: an information document for Caribbean Small Island Developing States,sectores,"Economía oceánica / economía azul, pesca artesanal y acuicultura, turismo costero y marino, conservación y restauración de ecosistemas marinos (arrecifes de coral y manglares), gestión de contaminación marina (plásticos y aguas residuales terrestres), mitigación y adaptación al cambio climático, acidificación de los océanos, planificación espacial marina (MSP) e investigación científica y transferencia de tecnología marina",agricultura:Agricultura | ecosistemas:Ecosistemas y biodiversidad,False,,,pendiente
https://hdl.handle.net/11362/46529,Caribbean in Brief: an information document for Caribbean Small Island Developing States,organizaciones,"CEPAL (Sede Subregional para el Caribe), Conferencia de las Naciones Unidas sobre los Océanos (Lisboa, copresidida por Kenia y Portugal), Asamblea General de las Naciones Unidas (Decenio de las Ciencias Oceánicas 2021-2030), CARICOM, PNUMA, UNESCO/COI, FAO, CANARI, UWI (Centre for Resources Management and Environmental Studies y Five Islands Campus) y Convenio de Cartagena",cepal:CEPAL | fao:FAO | naciones_unidas:Naciones Unidas,False,,,pendiente
https://hdl.handle.net/11362/46575,"Amenazas de cambio climático, métricas de mitigación y adaptación en ciudades de América Latina y el Caribe",autoria,Paola Gabriela Siclari Bravo,Paola Gabriela Siclari Bravo,False,,,pendiente
https://hdl.handle.net/11362/46575,"Amenazas de cambio climático, métricas de mitigación y adaptación en ciudades de América Latina y el Caribe",tipo_documento,Documentos de Proyectos,,True,,,pendiente
https://hdl.handle.net/11362/46575,"Amenazas de cambio climático, métricas de mitigación y adaptación en ciudades de América Latina y el Caribe",ambito_aplicacion,"América Latina y el Caribe (con análisis detallado en Ciudad de México, Medellín, Guayaquil, Región Puno y Recife)",regional:Regional | subregional:Subregional | subnacional:Subnacional,True,,,pendiente
https://hdl.handle.net/11362/46575,"Amenazas de cambio climático, métricas de mitigación y adaptación en ciudades de América Latina y el Caribe",paises,"América Latina y el Caribe (con análisis detallado en Ciudad de México, Medellín, Guayaquil, Región Puno y Recife)",mexico:México,False,,,pendiente
https://hdl.handle.net/11362/46575,"Amenazas de cambio climático, métricas de mitigación y adaptación en ciudades de América Latina y el Caribe",subregiones,"América Latina y el Caribe (con análisis detallado en Ciudad de México, Medellín, Guayaquil, Región Puno y Recife)",alc:América Latina y el Caribe | caribe:Caribe,False,,,pendiente
https://hdl.handle.net/11362/46575,"Amenazas de cambio climático, métricas de mitigación y adaptación en ciudades de América Latina y el Caribe",sectores,"Desarrollo urbano, energía estacionaria, transporte y movilidad, gestión integral de residuos sólidos, agua y saneamiento, gestión del riesgo de desastres",agua:Agua y recursos hídricos | energia:Energía | transporte:Transporte | ciudades_vivienda:Ciudades y vivienda,False,,,pendiente
https://hdl.handle.net/11362/46575,"Amenazas de cambio climático, métricas de mitigación y adaptación en ciudades de América Latina y el Caribe",organizaciones,"IPCC, ONU-Hábitat, Banco Mundial, C40 Cities Climate Leadership Group, ICLEI, CAF, GIZ/BMZ",ipcc:IPCC | naciones_unidas:Naciones Unidas | banco_mundial:Banco Mundial,False,,,pendiente
https://hdl.handle.net/11362/46643,A dimensão de gênero no Big Push para a Sustentabilidade no Brasil: As mulheres no contexto da transformação social e ecológica da economia brasileira,autoria,"Margarita Olivera, Maria Gabriela Podcameni, Maria Cecília Lustosa e Letícia Graça",Margarita Olivera | Maria Gabriela Podcameni | Maria Cecília Lustosa | Letícia Graça,False,,,pendiente
https://hdl.handle.net/11362/46643,A dimensão de gênero no Big Push para a Sustentabilidade no Brasil: As mulheres no contexto da transformação social e ecológica da economia brasileira,tipo_documento,Documentos de Proyectos,,True,,,pendiente
https://hdl.handle.net/11362/46643,A dimensão de gênero no Big Push para a Sustentabilidade no Brasil: As mulheres no contexto da transformação social e ecológica da economia brasileira,ambito_aplicacion,"Brasil, abrangendo a dinâmica macroeconômica nacional, o mercado de trabalho formal e informal, os setores de infraestrutura sustentável e as assimetrias socioespaciais e raciais em áreas urbanas e rurais.",,False,,,pendiente
https://hdl.handle.net/11362/46643,A dimensão de gênero no Big Push para a Sustentabilidade no Brasil: As mulheres no contexto da transformação social e ecológica da economia brasileira,paises,"Brasil, abrangendo a dinâmica macroeconômica nacional, o mercado de trabalho formal e informal, os setores de infraestrutura sustentável e as assimetrias socioespaciais e raciais em áreas urbanas e rurais.",brasil:Brasil,False,,,pendiente
https://hdl.handle.net/11362/46643,A dimensão de gênero no Big Push para a Sustentabilidade no Brasil: As mulheres no contexto da transformação social e ecológica da economia brasileira,subregiones,"Brasil, abrangendo a dinâmica macroeconômica nacional, o mercado de trabalho formal e informal, os setores de infraestrutura sustentável e as assimetrias socioespaciais e raciais em áreas urbanas e rurais.",,True,,,pendiente
https://hdl.handle.net/11362/46643,A dimensão de gênero no Big Push para a Sustentabilidade no Brasil: As mulheres no contexto da transformação social e ecológica da economia brasileira,sectores,"Setores prioritários do Big Push para a Sustentabilidade: energias renováveis e setor elétrico, água e esgotamento sanitário, mobilidade urbana e transporte público, Complexo Econômico-Industrial da Saúde, agricultura familiar agroecológica e infraestrutura e serviços do Sistema Nacional de Cuidados.",agricultura:Agricultura | transporte:Transporte | industria:Industria,False,,,pendiente
https://hdl.handle.net/11362/46643,A dimensão de gênero no Big Push para a Sustentabilidade no Brasil: As mulheres no contexto da transformação social e ecológica da economia brasileira,organizaciones,"Comissão Econômica para a América Latina e o Caribe (CEPAL), Fundação Friedrich Ebert Stiftung (FES Brasil), Convenção-Quadro das Nações Unidas sobre Mudança do Clima (UNFCCC), Agenda 2030 (ODS 5 e ODS 13), Estratégia de Montevidéu e Compromisso de Santiago.",cepal:CEPAL,False,,,pendiente
https://hdl.handle.net/11362/46681,Evaluación de los efectos e impactos de las depresiones tropicales Eta y Iota en Guatemala,autoria,"Omar D. Bello, Leda Peralta (coords.)",Omar D. Bello | Leda Peralta (coords.),False,,,pendiente
https://hdl.handle.net/11362/46681,Evaluación de los efectos e impactos de las depresiones tropicales Eta y Iota en Guatemala,tipo_documento,Documentos de Proyectos,,True,,,pendiente
https://hdl.handle.net/11362/46681,Evaluación de los efectos e impactos de las depresiones tropicales Eta y Iota en Guatemala,ambito_aplicacion,"Guatemala, con foco prioritario en los diez departamentos declarados en estado de calamidad pública: Alta Verapaz, Izabal, Quiché, Huehuetenango, Petén, Zacapa, Chiquimula, Jalapa, Jutiapa y Santa Rosa.",,False,,,pendiente
https://hdl.handle.net/11362/46681,Evaluación de los efectos e impactos de las depresiones tropicales Eta y Iota en Guatemala,paises,"Guatemala, con foco prioritario en los diez departamentos declarados en estado de calamidad pública: Alta Verapaz, Izabal, Quiché, Huehuetenango, Petén, Zacapa, Chiquimula, Jalapa, Jutiapa y Santa Rosa.",guatemala:Guatemala,False,,,pendiente
https://hdl.handle.net/11362/46681,Evaluación de los efectos e impactos de las depresiones tropicales Eta y Iota en Guatemala,subregiones,"Guatemala, con foco prioritario en los diez departamentos declarados en estado de calamidad pública: Alta Verapaz, Izabal, Quiché, Huehuetenango, Petén, Zacapa, Chiquimula, Jalapa, Jutiapa y Santa Rosa.",,True,,,pendiente
https://hdl.handle.net/11362/46681,Evaluación de los efectos e impactos de las depresiones tropicales Eta y Iota en Guatemala,sectores,"Evaluación multisectorial que comprende los sectores sociales (salud, educación, vivienda), productivos (agropecuario, turismo, manufactura y comercio), infraestructura (energía, agua y saneamiento, transporte), transversal ambiental (bosques, áreas protegidas, recursos hídricos) e impacto macroeconómico y fiscal.",agricultura:Agricultura | agua:Agua y recursos hídricos | energia:Energía | transporte:Transporte | salud:Salud | ciudades_vivienda:Ciudades y vivienda | industria:Industria | comercio:Comercio | ecosistemas:Ecosistemas y biodiversidad,False,,,pendiente
https://hdl.handle.net/11362/46681,Evaluación de los efectos e impactos de las depresiones tropicales Eta y Iota en Guatemala,organizaciones,"Metodología DaLA de la CEPAL; Secretaría de Planificación y Programación de la Presidencia (SEGEPLAN); Coordinadora Nacional para la Reducción de Desastres (CONRED); ministerios sectoriales (MSPAS, MINEDUC, CIV, MAGA, MEM, MARN, MIDES, MINFIN); Instituto Nacional de Sismología, Vulcanología, Meteorología e Hidrología (INSIVUMEH); Instituto Nacional de Bosques (INAB); Consejo Nacional de Áreas Protegidas (CONAP); Banco de Guatemala (BANGUAT); Sistema de Naciones Unidas en Guatemala (OPS/OMS, UNICEF, OIM, OCHA, PMA, PNUD).",cepal:CEPAL | naciones_unidas:Naciones Unidas,False,,,pendiente
https://hdl.handle.net/11362/46682,Construir un futuro mejor: acciones para fortalecer la Agenda 2030 para el Desarrollo Sostenible,autoria,Comisión Económica para América Latina y el Caribe (CEPAL),Comisión Económica para América Latina | el Caribe (CEPAL),False,,,pendiente
https://hdl.handle.net/11362/46682,Construir un futuro mejor: acciones para fortalecer la Agenda 2030 para el Desarrollo Sostenible,tipo_documento,Informe institucional insignia,informe:Informe,False,,,pendiente
https://hdl.handle.net/11362/46682,Construir un futuro mejor: acciones para fortalecer la Agenda 2030 para el Desarrollo Sostenible,ambito_aplicacion,"América Latina y el Caribe, con diagnóstico regional, referencias nacionales y subregionales, y propuestas para gobiernos, organismos regionales, sistema multilateral, empresas y sociedad civil.",regional:Regional | subregional:Subregional,True,,,pendiente
https://hdl.handle.net/11362/46682,Construir un futuro mejor: acciones para fortalecer la Agenda 2030 para el Desarrollo Sostenible,paises,"América Latina y el Caribe, con diagnóstico regional, referencias nacionales y subregionales, y propuestas para gobiernos, organismos regionales, sistema multilateral, empresas y sociedad civil.",,True,,,pendiente
https://hdl.handle.net/11362/46682,Construir un futuro mejor: acciones para fortalecer la Agenda 2030 para el Desarrollo Sostenible,subregiones,"América Latina y el Caribe, con diagnóstico regional, referencias nacionales y subregionales, y propuestas para gobiernos, organismos regionales, sistema multilateral, empresas y sociedad civil.",alc:América Latina y el Caribe | caribe:Caribe,False,,,pendiente
https://hdl.handle.net/11362/46682,Construir un futuro mejor: acciones para fortalecer la Agenda 2030 para el Desarrollo Sostenible,sectores,"Salud, protección social, empleo, igualdad, estructura productiva, mipymes, digitalización, energía, movilidad, salud manufacturera, bioeconomía, cuidados, economía circular, turismo, fiscalidad, cooperación financiera, institucionalidad y ambiente.",energia:Energía | transporte:Transporte | salud:Salud | empleo:Empleo | proteccion_social:Protección social,False,,,pendiente
https://hdl.handle.net/11362/46682,Construir un futuro mejor: acciones para fortalecer la Agenda 2030 para el Desarrollo Sostenible,organizaciones,Agenda 2030 y Objetivos de Desarrollo Sostenible; Acuerdo de París y contribuciones determinadas a nivel nacional; Acuerdo de Escazú; Nueva Agenda Urbana; COVAX; sistema de las Naciones Unidas y mecanismos regionales de cooperación.,naciones_unidas:Naciones Unidas,False,,,pendiente
https://hdl.handle.net/11362/46853,Evaluación de los efectos e impactos causados por la tormenta tropical Eta y el huracán Iota en Honduras,autoria,Comisión Económica para América Latina y el Caribe (CEPAL) y Banco Interamericano de Desarrollo (BID),Comisión Económica para América Latina | el Caribe (CEPAL) | Banco Interamericano de Desarrollo (BID),False,,,pendiente
https://hdl.handle.net/11362/46853,Evaluación de los efectos e impactos causados por la tormenta tropical Eta y el huracán Iota en Honduras,tipo_documento,Evaluación de impacto de desastres (metodología DaLA),,True,,,pendiente
https://hdl.handle.net/11362/46853,Evaluación de los efectos e impactos causados por la tormenta tropical Eta y el huracán Iota en Honduras,ambito_aplicacion,"Honduras a nivel nacional, con énfasis prioritario en los departamentos de la zona norte y noroccidental (especialmente el Valle de Sula, Cortés, Yoro, Atlántida, Colón, Santa Bárbara y Copán), que concentraron los mayores daños y pérdidas por inundaciones y deslizamientos.",nacional:Nacional | multinivel:Multinivel,True,,,pendiente
https://hdl.handle.net/11362/46853,Evaluación de los efectos e impactos causados por la tormenta tropical Eta y el huracán Iota en Honduras,paises,"Honduras a nivel nacional, con énfasis prioritario en los departamentos de la zona norte y noroccidental (especialmente el Valle de Sula, Cortés, Yoro, Atlántida, Colón, Santa Bárbara y Copán), que concentraron los mayores daños y pérdidas por inundaciones y deslizamientos.",honduras:Honduras,False,,,pendiente
https://hdl.handle.net/11362/46853,Evaluación de los efectos e impactos causados por la tormenta tropical Eta y el huracán Iota en Honduras,subregiones,"Honduras a nivel nacional, con énfasis prioritario en los departamentos de la zona norte y noroccidental (especialmente el Valle de Sula, Cortés, Yoro, Atlántida, Colón, Santa Bárbara y Copán), que concentraron los mayores daños y pérdidas por inundaciones y deslizamientos.",,True,,,pendiente
https://hdl.handle.net/11362/46853,Evaluación de los efectos e impactos causados por la tormenta tropical Eta y el huracán Iota en Honduras,sectores,"Multisectorial integral según la metodología DaLA (Evaluación de Daños y Pérdidas): sector social (salud, educación, vivienda), sector productivo (agricultura, ganadería, pesca, silvicultura, turismo, comercio e industria manufacturera), sector infraestructura (electricidad, agua potable y saneamiento, control de inundaciones, transporte y vialidad, telecomunicaciones), sectores transversales (medio ambiente y áreas protegidas) y análisis del impacto macroeconómico (PIB, finanzas públicas, sector externo, inflación y empleo).",agricultura:Agricultura | agua:Agua y recursos hídricos | energia:Energía | transporte:Transporte | salud:Salud | ciudades_vivienda:Ciudades y vivienda | industria:Industria | comercio:Comercio | finanzas:Finanzas y financiamiento | empleo:Empleo,False,,,pendiente
https://hdl.handle.net/11362/46853,Evaluación de los efectos e impactos causados por la tormenta tropical Eta y el huracán Iota en Honduras,organizaciones,"La evaluación fue realizada conjuntamente por la CEPAL y el Banco Interamericano de Desarrollo (BID), con la coordinación del Gobierno de Honduras (Secretaría de Coordinación General de Gobierno - SCGG y Secretaría de Finanzas - SEFIN) y la colaboración del Banco Mundial, el Sistema de las Naciones Unidas en Honduras (OPS/OMS, FAO, UNESCO, UNICEF, OIM, UNOPS, UNFPA, ONU Mujeres, ACNUR, PNUD) y entidades sectoriales hondureñas (COPECO, CONASA, SEDUC, SESAL, INSEP, INVEST-H, SEDECOAS, CONVIVIENDA, ICF, SAG, HONDUTEL, CONATEL, ENEE, ERSAPS, entre otras).",cepal:CEPAL | bid:BID | fao:FAO | naciones_unidas:Naciones Unidas | banco_mundial:Banco Mundial,False,,,pendiente
https://hdl.handle.net/11362/46957,Metodología para la estimación del precio social del carbono en Chile y los países de América Latina y el Caribe,autoria,,,False,,,pendiente
https://hdl.handle.net/11362/46957,Metodología para la estimación del precio social del carbono en Chile y los países de América Latina y el Caribe,tipo_documento,Documento de proyecto o estudio técnico,estudio_tecnico:Estudio técnico,False,,,pendiente
https://hdl.handle.net/11362/46957,Metodología para la estimación del precio social del carbono en Chile y los países de América Latina y el Caribe,ambito_aplicacion,"Chile y países de América Latina y el Caribe; con una aplicación regional ilustrada para Centroamérica y referencias específicas a Brasil, Colombia y Perú",regional:Regional | subregional:Subregional,True,,,pendiente
https://hdl.handle.net/11362/46957,Metodología para la estimación del precio social del carbono en Chile y los países de América Latina y el Caribe,paises,"Chile y países de América Latina y el Caribe; con una aplicación regional ilustrada para Centroamérica y referencias específicas a Brasil, Colombia y Perú",brasil:Brasil | chile:Chile | colombia:Colombia | peru:Perú,False,,,pendiente
https://hdl.handle.net/11362/46957,Metodología para la estimación del precio social del carbono en Chile y los países de América Latina y el Caribe,subregiones,"Chile y países de América Latina y el Caribe; con una aplicación regional ilustrada para Centroamérica y referencias específicas a Brasil, Colombia y Perú",alc:América Latina y el Caribe | centroamerica:Centroamérica | caribe:Caribe,False,,,pendiente
https://hdl.handle.net/11362/46957,Metodología para la estimación del precio social del carbono en Chile y los países de América Latina y el Caribe,sectores,"Evaluación social de proyectos de inversión pública, emisiones de GEI, energía, transporte, forestal, tecnologías bajas en carbono y Sistemas Nacionales de Inversión Pública",energia:Energía | transporte:Transporte | finanzas:Finanzas y financiamiento | ecosistemas:Ecosistemas y biodiversidad,False,,,pendiente
https://hdl.handle.net/11362/46957,Metodología para la estimación del precio social del carbono en Chile y los países de América Latina y el Caribe,organizaciones,"Acuerdo de París, Comisión de Alto Nivel sobre los Precios del Carbono, Bancos Multilaterales de Desarrollo, MAPS Chile, Climate Watch, OECD y experiencias de mercados de carbono",ocde:OCDE,False,,,pendiente
https://hdl.handle.net/11362/46992,Technologies for adapting to climate change: A case study of Korean cities and implications for Latin American cities,autoria,Hyejung Kim,Hyejung Kim,False,,,pendiente
https://hdl.handle.net/11362/46992,Technologies for adapting to climate change: A case study of Korean cities and implications for Latin American cities,tipo_documento,Projects Documents / estudio técnico,estudio_tecnico:Estudio técnico,False,,,pendiente
https://hdl.handle.net/11362/46992,Technologies for adapting to climate change: A case study of Korean cities and implications for Latin American cities,ambito_aplicacion,"Subnacional: ciudades de la República de Corea (Seúl, Busan, Incheon, Daegu y Sejong), con evaluación aplicada a Seúl, Busan y Daegu, y transferencia de implicaciones a ciudades de América Latina y el Caribe.",regional:Regional | subregional:Subregional | subnacional:Subnacional,True,,,pendiente
https://hdl.handle.net/11362/46992,Technologies for adapting to climate change: A case study of Korean cities and implications for Latin American cities,paises,"Subnacional: ciudades de la República de Corea (Seúl, Busan, Incheon, Daegu y Sejong), con evaluación aplicada a Seúl, Busan y Daegu, y transferencia de implicaciones a ciudades de América Latina y el Caribe.",,True,,,pendiente
https://hdl.handle.net/11362/46992,Technologies for adapting to climate change: A case study of Korean cities and implications for Latin American cities,subregiones,"Subnacional: ciudades de la República de Corea (Seúl, Busan, Incheon, Daegu y Sejong), con evaluación aplicada a Seúl, Busan y Daegu, y transferencia de implicaciones a ciudades de América Latina y el Caribe.",alc:América Latina y el Caribe | caribe:Caribe,False,,,pendiente
https://hdl.handle.net/11362/46992,Technologies for adapting to climate change: A case study of Korean cities and implications for Latin American cities,sectores,"Agua, inundaciones, olas de calor, salud, agricultura, infraestructura y edificios, zonas costeras, pesca, información climática, alerta temprana y economía circular.",agricultura:Agricultura | agua:Agua y recursos hídricos | salud:Salud,False,,,pendiente
https://hdl.handle.net/11362/46992,Technologies for adapting to climate change: A case study of Korean cities and implications for Latin American cities,organizaciones,"UNFCCC Technology Framework, Technology Mechanism y CTCN; GCF; marcos nacionales y locales coreanos de adaptación; TNA y cooperación internacional.",,True,,,pendiente
https://hdl.handle.net/11362/46996,La igualdad de género ante el cambio climático: ¿qué pueden hacer los mecanismos para el adelanto de las mujeres de América Latina y el Caribe?,autoria,Lorena Aguilar Revelo,Lorena Aguilar Revelo,False,,,pendiente
https://hdl.handle.net/11362/46996,La igualdad de género ante el cambio climático: ¿qué pueden hacer los mecanismos para el adelanto de las mujeres de América Latina y el Caribe?,tipo_documento,Documento de proyecto o estudio técnico,estudio_tecnico:Estudio técnico,False,,,pendiente
https://hdl.handle.net/11362/46996,La igualdad de género ante el cambio climático: ¿qué pueden hacer los mecanismos para el adelanto de las mujeres de América Latina y el Caribe?,ambito_aplicacion,"América Latina y el Caribe; con recomendaciones para los ámbitos regional, subregional, nacional y subnacional, y referencias específicas a Costa Rica, Cuba, Haití, México, Panamá, Perú y República Dominicana.",regional:Regional | subregional:Subregional | subnacional:Subnacional | multinivel:Multinivel,True,,,pendiente
https://hdl.handle.net/11362/46996,La igualdad de género ante el cambio climático: ¿qué pueden hacer los mecanismos para el adelanto de las mujeres de América Latina y el Caribe?,paises,"América Latina y el Caribe; con recomendaciones para los ámbitos regional, subregional, nacional y subnacional, y referencias específicas a Costa Rica, Cuba, Haití, México, Panamá, Perú y República Dominicana.",costa_rica:Costa Rica | cuba:Cuba | haiti:Haití | mexico:México | panama:Panamá | peru:Perú | republica_dominicana:República Dominicana,False,,,pendiente
https://hdl.handle.net/11362/46996,La igualdad de género ante el cambio climático: ¿qué pueden hacer los mecanismos para el adelanto de las mujeres de América Latina y el Caribe?,subregiones,"América Latina y el Caribe; con recomendaciones para los ámbitos regional, subregional, nacional y subnacional, y referencias específicas a Costa Rica, Cuba, Haití, México, Panamá, Perú y República Dominicana.",alc:América Latina y el Caribe | caribe:Caribe,False,,,pendiente
https://hdl.handle.net/11362/46996,La igualdad de género ante el cambio climático: ¿qué pueden hacer los mecanismos para el adelanto de las mujeres de América Latina y el Caribe?,sectores,"Gobernanza climática y de género; adaptación, mitigación, reducción del riesgo de desastres, financiamiento climático, estadísticas, energía, agricultura, forestal, agua, costas, biodiversidad, transporte, urbanismo, salud, cuidados y participación pública.",agricultura:Agricultura | agua:Agua y recursos hídricos | energia:Energía | transporte:Transporte | salud:Salud | ciudades_vivienda:Ciudades y vivienda | finanzas:Finanzas y financiamiento | ecosistemas:Ecosistemas y biodiversidad,False,,,pendiente
https://hdl.handle.net/11362/46996,La igualdad de género ante el cambio climático: ¿qué pueden hacer los mecanismos para el adelanto de las mujeres de América Latina y el Caribe?,organizaciones,"CMNUCC, CDB, CNULD, Acuerdo de Escazú, Agenda 2030, Estrategia de Montevideo, Compromiso de Santiago, Foro Generación Igualdad, IPCC, UICN, PNUMA, PNUD y los fondos climáticos FVC, FMAM, FA y CIF.",ipcc:IPCC,False,,,pendiente
https://hdl.handle.net/11362/47041,Estado de la implementación del Programa de Acción de Viena en favor de los Países en Desarrollo Sin Litoral para el Decenio 2014-2024,autoria,Gabriel Pérez; Ricardo J. Sánchez,Gabriel Pérez | Ricardo J. Sánchez,False,,,pendiente
https://hdl.handle.net/11362/47041,Estado de la implementación del Programa de Acción de Viena en favor de los Países en Desarrollo Sin Litoral para el Decenio 2014-2024,tipo_documento,Documento de proyecto o estudio técnico,estudio_tecnico:Estudio técnico,False,,,pendiente
https://hdl.handle.net/11362/47041,Estado de la implementación del Programa de Acción de Viena en favor de los Países en Desarrollo Sin Litoral para el Decenio 2014-2024,ambito_aplicacion,"Estado Plurinacional de Bolivia y Paraguay, con referencias a países de tránsito y cooperación regional",regional:Regional,True,,,pendiente
https://hdl.handle.net/11362/47041,Estado de la implementación del Programa de Acción de Viena en favor de los Países en Desarrollo Sin Litoral para el Decenio 2014-2024,paises,"Estado Plurinacional de Bolivia y Paraguay, con referencias a países de tránsito y cooperación regional",bolivia:Bolivia (Estado Plurinacional de) | paraguay:Paraguay,False,,,pendiente
https://hdl.handle.net/11362/47041,Estado de la implementación del Programa de Acción de Viena en favor de los Países en Desarrollo Sin Litoral para el Decenio 2014-2024,subregiones,"Estado Plurinacional de Bolivia y Paraguay, con referencias a países de tránsito y cooperación regional",,True,,,pendiente
https://hdl.handle.net/11362/47041,Estado de la implementación del Programa de Acción de Viena en favor de los Países en Desarrollo Sin Litoral para el Decenio 2014-2024,sectores,"Transporte, logística, comercio, energía, TIC, transformación productiva e infraestructura resiliente",energia:Energía | transporte:Transporte | comercio:Comercio,False,,,pendiente
https://hdl.handle.net/11362/47041,Estado de la implementación del Programa de Acción de Viena en favor de los Países en Desarrollo Sin Litoral para el Decenio 2014-2024,organizaciones,"Agenda 2030, Programa de Acción de Viena, organismos internacionales y fuentes estadísticas citadas por el estudio",,True,,,pendiente
https://hdl.handle.net/11362/47109,Impacto de las medidas y/o tecnologías de Remoción de Dióxido de Carbono sobre los Objetivos de Desarrollo Sostenible en América Latina y el Caribe: Resumen para responsables de políticas,autoria,"Joseluis Samaniego, Kai-Uwe Schmidt, Hernán Carlino, Luciano Caratori, Micaela Carlino, Agustín Gogorza, Alfonso Rodríguez Vagaría y Gabriel Vázquez Amábile",Joseluis Samaniego | Kai-Uwe Schmidt | Hernán Carlino | Luciano Caratori | Micaela Carlino | Agustín Gogorza | Alfonso Rodríguez Vagaría | Gabriel Vázquez Amábile,False,,,pendiente
https://hdl.handle.net/11362/47109,Impacto de las medidas y/o tecnologías de Remoción de Dióxido de Carbono sobre los Objetivos de Desarrollo Sostenible en América Latina y el Caribe: Resumen para responsables de políticas,tipo_documento,Resumen para responsables de políticas,,True,,,pendiente
https://hdl.handle.net/11362/47109,Impacto de las medidas y/o tecnologías de Remoción de Dióxido de Carbono sobre los Objetivos de Desarrollo Sostenible en América Latina y el Caribe: Resumen para responsables de políticas,ambito_aplicacion,"América Latina y el Caribe, con análisis detallado de Argentina y Colombia",regional:Regional | subregional:Subregional,True,,,pendiente
https://hdl.handle.net/11362/47109,Impacto de las medidas y/o tecnologías de Remoción de Dióxido de Carbono sobre los Objetivos de Desarrollo Sostenible en América Latina y el Caribe: Resumen para responsables de políticas,paises,"América Latina y el Caribe, con análisis detallado de Argentina y Colombia",argentina:Argentina | colombia:Colombia,False,,,pendiente
https://hdl.handle.net/11362/47109,Impacto de las medidas y/o tecnologías de Remoción de Dióxido de Carbono sobre los Objetivos de Desarrollo Sostenible en América Latina y el Caribe: Resumen para responsables de políticas,subregiones,"América Latina y el Caribe, con análisis detallado de Argentina y Colombia",alc:América Latina y el Caribe | caribe:Caribe,False,,,pendiente
https://hdl.handle.net/11362/47109,Impacto de las medidas y/o tecnologías de Remoción de Dióxido de Carbono sobre los Objetivos de Desarrollo Sostenible en América Latina y el Caribe: Resumen para responsables de políticas,sectores,"Forestación y reforestación, restauración de manglares, agricultura y ganadería, biocarbón, bioenergía con captura y almacenamiento de carbono (BECCS), captura directa de aire (DACCS), intemperización reforzada, fertilización oceánica y alcalinización oceánica",agricultura:Agricultura,False,,,pendiente
https://hdl.handle.net/11362/47109,Impacto de las medidas y/o tecnologías de Remoción de Dióxido de Carbono sobre los Objetivos de Desarrollo Sostenible en América Latina y el Caribe: Resumen para responsables de políticas,organizaciones,"IPCC, Acuerdo de París, Unión Europea, C2G, CEPAL y Programa Euroclima+",cepal:CEPAL | ipcc:IPCC,False,,,pendiente
https://hdl.handle.net/11362/47270,Prácticas promisorias que promueven la igualdad de género y la autonomía de las mujeres en la respuesta al cambio climático en América Latina y el Caribe,autoria,Lorena Aguilar Revelo,Lorena Aguilar Revelo,False,,,pendiente
https://hdl.handle.net/11362/47270,Prácticas promisorias que promueven la igualdad de género y la autonomía de las mujeres en la respuesta al cambio climático en América Latina y el Caribe,tipo_documento,Documento de proyecto o estudio técnico,estudio_tecnico:Estudio técnico,False,,,pendiente
https://hdl.handle.net/11362/47270,Prácticas promisorias que promueven la igualdad de género y la autonomía de las mujeres en la respuesta al cambio climático en América Latina y el Caribe,ambito_aplicacion,"América Latina y el Caribe, con experiencias nacionales y subnacionales en países de la región",regional:Regional | subregional:Subregional | subnacional:Subnacional,True,,,pendiente
https://hdl.handle.net/11362/47270,Prácticas promisorias que promueven la igualdad de género y la autonomía de las mujeres en la respuesta al cambio climático en América Latina y el Caribe,paises,"América Latina y el Caribe, con experiencias nacionales y subnacionales en países de la región",,True,,,pendiente
https://hdl.handle.net/11362/47270,Prácticas promisorias que promueven la igualdad de género y la autonomía de las mujeres en la respuesta al cambio climático en América Latina y el Caribe,subregiones,"América Latina y el Caribe, con experiencias nacionales y subnacionales en países de la región",alc:América Latina y el Caribe | caribe:Caribe,False,,,pendiente
https://hdl.handle.net/11362/47270,Prácticas promisorias que promueven la igualdad de género y la autonomía de las mujeres en la respuesta al cambio climático en América Latina y el Caribe,sectores,"Políticas de igualdad, adaptación, mitigación, bosques, energía renovable, agricultura, transporte, gestión de riesgos, economía verde, datos y financiamiento climático",agricultura:Agricultura | energia:Energía | transporte:Transporte | finanzas:Finanzas y financiamiento | ecosistemas:Ecosistemas y biodiversidad,False,,,pendiente
https://hdl.handle.net/11362/47270,Prácticas promisorias que promueven la igualdad de género y la autonomía de las mujeres en la respuesta al cambio climático en América Latina y el Caribe,organizaciones,"CMNUCC, Acuerdo de París, Agenda Regional de Género, Estrategia de Montevideo, Acuerdo de Escazú, ONU Mujeres, PNUD, FLACSO y mecanismos financieros climáticos internacionales",naciones_unidas:Naciones Unidas,False,,,pendiente
https://hdl.handle.net/11362/47534,Salud y cambio climático: metodologías y políticas públicas,autoria,,,False,,,pendiente
https://hdl.handle.net/11362/47534,Salud y cambio climático: metodologías y políticas públicas,tipo_documento,Estudio técnico,estudio_tecnico:Estudio técnico,False,,,pendiente
https://hdl.handle.net/11362/47534,Salud y cambio climático: metodologías y políticas públicas,ambito_aplicacion,"Centroamérica y la República Dominicana, con estudios de caso nacionales",subregional:Subregional,True,,,pendiente
https://hdl.handle.net/11362/47534,Salud y cambio climático: metodologías y políticas públicas,paises,"Centroamérica y la República Dominicana, con estudios de caso nacionales",republica_dominicana:República Dominicana,False,,,pendiente
https://hdl.handle.net/11362/47534,Salud y cambio climático: metodologías y políticas públicas,subregiones,"Centroamérica y la República Dominicana, con estudios de caso nacionales",centroamerica:Centroamérica,False,,,pendiente
https://hdl.handle.net/11362/47534,Salud y cambio climático: metodologías y políticas públicas,sectores,"Salud pública, vigilancia epidemiológica, infraestructura sanitaria y adaptación",salud:Salud,False,,,pendiente
https://hdl.handle.net/11362/47534,Salud y cambio climático: metodologías y políticas públicas,organizaciones,"Agenda internacional, marcos regionales, OMS, OPS y evidencia epidemiológica comparada",,True,,,pendiente
https://hdl.handle.net/11362/47604,Conceptualizing a circular economy in the Caribbean: perspectives and possibilities. Policy Brief,autoria,,,False,,,pendiente
https://hdl.handle.net/11362/47604,Conceptualizing a circular economy in the Caribbean: perspectives and possibilities. Policy Brief,tipo_documento,Policy Brief,policy_brief:Policy brief,False,,,pendiente
https://hdl.handle.net/11362/47604,Conceptualizing a circular economy in the Caribbean: perspectives and possibilities. Policy Brief,ambito_aplicacion,"Estados insulares pequeños del Caribe y la subregión caribeña, con referencias específicas a CARICOM, Barbados, Guyana, Trinidad y Tobago, Suriname, Jamaica, Antigua y Barbuda, las Bahamas, Dominica, Saint Lucia, Saint Kitts and Nevis y otros países caribeños.",subregional:Subregional,True,,,pendiente
https://hdl.handle.net/11362/47604,Conceptualizing a circular economy in the Caribbean: perspectives and possibilities. Policy Brief,paises,"Estados insulares pequeños del Caribe y la subregión caribeña, con referencias específicas a CARICOM, Barbados, Guyana, Trinidad y Tobago, Suriname, Jamaica, Antigua y Barbuda, las Bahamas, Dominica, Saint Lucia, Saint Kitts and Nevis y otros países caribeños.",antigua_barbuda:Antigua y Barbuda | bahamas:Bahamas | barbados:Barbados | dominica:Dominica | guyana:Guyana | jamaica:Jamaica | san_cristobal_nieves:Saint Kitts y Nevis | santa_lucia:Santa Lucía | suriname:Suriname,False,,,pendiente
https://hdl.handle.net/11362/47604,Conceptualizing a circular economy in the Caribbean: perspectives and possibilities. Policy Brief,subregiones,"Estados insulares pequeños del Caribe y la subregión caribeña, con referencias específicas a CARICOM, Barbados, Guyana, Trinidad y Tobago, Suriname, Jamaica, Antigua y Barbuda, las Bahamas, Dominica, Saint Lucia, Saint Kitts and Nevis y otros países caribeños.",caribe:Caribe,False,,,pendiente
https://hdl.handle.net/11362/47604,Conceptualizing a circular economy in the Caribbean: perspectives and possibilities. Policy Brief,sectores,"Energía renovable; residuos, reciclaje y compostaje; agua y aguas residuales; eventos culturales; transporte terrestre; impuestos ambientales; bonos verdes y azules; turismo; servicios comunitarios y contratación pública.",agua:Agua y recursos hídricos | energia:Energía | transporte:Transporte | finanzas:Finanzas y financiamiento,False,,,pendiente
https://hdl.handle.net/11362/47604,Conceptualizing a circular economy in the Caribbean: perspectives and possibilities. Policy Brief,organizaciones,"IRENA, IDB, CARICOM, el Acuerdo de París, los ODS y la literatura de economía circular de Korhonen, Honkasalo y Seppälä; se usan como fuentes de marcos, metas o evidencia, no como ámbitos de aplicación.",,True,,,pendiente
https://hdl.handle.net/11362/47624,Essential elements of the ECLAC Caribbean Resilience Fund: a segregated portfolio trust fund. Policy Brief,autoria,,,False,,,pendiente
https://hdl.handle.net/11362/47624,Essential elements of the ECLAC Caribbean Resilience Fund: a segregated portfolio trust fund. Policy Brief,tipo_documento,Policy Brief,policy_brief:Policy brief,False,,,pendiente
https://hdl.handle.net/11362/47624,Essential elements of the ECLAC Caribbean Resilience Fund: a segregated portfolio trust fund. Policy Brief,ambito_aplicacion,"Países del Caribe y la subregión pan-Caribeña; la propuesta se prueba inicialmente en Antigua and Barbuda, Saint Lucia y Saint Vincent and the Grenadines.",subregional:Subregional,True,,,pendiente
https://hdl.handle.net/11362/47624,Essential elements of the ECLAC Caribbean Resilience Fund: a segregated portfolio trust fund. Policy Brief,paises,"Países del Caribe y la subregión pan-Caribeña; la propuesta se prueba inicialmente en Antigua and Barbuda, Saint Lucia y Saint Vincent and the Grenadines.",antigua_barbuda:Antigua y Barbuda | santa_lucia:Santa Lucía | san_vicente_granadinas:San Vicente y las Granadinas,False,,,pendiente
https://hdl.handle.net/11362/47624,Essential elements of the ECLAC Caribbean Resilience Fund: a segregated portfolio trust fund. Policy Brief,subregiones,"Países del Caribe y la subregión pan-Caribeña; la propuesta se prueba inicialmente en Antigua and Barbuda, Saint Lucia y Saint Vincent and the Grenadines.",caribe:Caribe,False,,,pendiente
https://hdl.handle.net/11362/47624,Essential elements of the ECLAC Caribbean Resilience Fund: a segregated portfolio trust fund. Policy Brief,sectores,"Financiamiento público y privado, deuda soberana, infraestructura resiliente, adaptación y mitigación, industrias verdes y mercados de capitales.",finanzas:Finanzas y financiamiento,False,,,pendiente
https://hdl.handle.net/11362/47624,Essential elements of the ECLAC Caribbean Resilience Fund: a segregated portfolio trust fund. Policy Brief,organizaciones,"ECLAC Debt for Climate Adaptation Swap Initiative; CDB, IDB, GCF e IFI como potenciales fuentes o socios financieros; CCRIF como referencia institucional para la localización.",,True,,,pendiente
https://hdl.handle.net/11362/47676,Soluciones basadas en la naturaleza: el potencial de la restauración y conservación de bosques para la adaptación al cambio climático en Centroamérica,autoria,Joseluis Samaniego; José Eduardo Alatorre; Rafael Van Der Borght,Joseluis Samaniego | José Eduardo Alatorre | Rafael Van Der Borght,False,,,pendiente
https://hdl.handle.net/11362/47676,Soluciones basadas en la naturaleza: el potencial de la restauración y conservación de bosques para la adaptación al cambio climático en Centroamérica,tipo_documento,Documento de proyecto o estudio técnico,estudio_tecnico:Estudio técnico,False,,,pendiente
https://hdl.handle.net/11362/47676,Soluciones basadas en la naturaleza: el potencial de la restauración y conservación de bosques para la adaptación al cambio climático en Centroamérica,ambito_aplicacion,"Centroamérica; seis países: Costa Rica, El Salvador, Guatemala, Honduras, Nicaragua y Panamá",subregional:Subregional,True,,,pendiente
https://hdl.handle.net/11362/47676,Soluciones basadas en la naturaleza: el potencial de la restauración y conservación de bosques para la adaptación al cambio climático en Centroamérica,paises,"Centroamérica; seis países: Costa Rica, El Salvador, Guatemala, Honduras, Nicaragua y Panamá",costa_rica:Costa Rica | el_salvador:El Salvador | guatemala:Guatemala | honduras:Honduras | nicaragua:Nicaragua | panama:Panamá,False,,,pendiente
https://hdl.handle.net/11362/47676,Soluciones basadas en la naturaleza: el potencial de la restauración y conservación de bosques para la adaptación al cambio climático en Centroamérica,subregiones,"Centroamérica; seis países: Costa Rica, El Salvador, Guatemala, Honduras, Nicaragua y Panamá",centroamerica:Centroamérica,False,,,pendiente
https://hdl.handle.net/11362/47676,Soluciones basadas en la naturaleza: el potencial de la restauración y conservación de bosques para la adaptación al cambio climático en Centroamérica,sectores,"Adaptación al cambio climático, bosques y vegetación, lluvias extremas, inundaciones y actividad económica local",ecosistemas:Ecosistemas y biodiversidad,False,,,pendiente
https://hdl.handle.net/11362/47676,Soluciones basadas en la naturaleza: el potencial de la restauración y conservación de bosques para la adaptación al cambio climático en Centroamérica,organizaciones,"NOAA/NCEI, NOAA CDR/CMORPH, NASA/MODIS, Banco Mundial y literatura hidrológica y económica internacional",banco_mundial:Banco Mundial,False,,,pendiente
https://hdl.handle.net/11362/47714,La autonomía de las mujeres y la igualdad de género en el centro de la acción climática en América Latina y el Caribe,autoria,Lorena Aguilar,Lorena Aguilar,False,,,pendiente
https://hdl.handle.net/11362/47714,La autonomía de las mujeres y la igualdad de género en el centro de la acción climática en América Latina y el Caribe,tipo_documento,Documento de referencia para consulta regional,,True,,,pendiente
https://hdl.handle.net/11362/47714,La autonomía de las mujeres y la igualdad de género en el centro de la acción climática en América Latina y el Caribe,ambito_aplicacion,"América Latina y el Caribe, con referencias a Caribe, América Central, países de la región y niveles nacional, regional y local",regional:Regional | subregional:Subregional | subnacional:Subnacional | multinivel:Multinivel,True,,,pendiente
https://hdl.handle.net/11362/47714,La autonomía de las mujeres y la igualdad de género en el centro de la acción climática en América Latina y el Caribe,paises,"América Latina y el Caribe, con referencias a Caribe, América Central, países de la región y niveles nacional, regional y local",,True,,,pendiente
https://hdl.handle.net/11362/47714,La autonomía de las mujeres y la igualdad de género en el centro de la acción climática en América Latina y el Caribe,subregiones,"América Latina y el Caribe, con referencias a Caribe, América Central, países de la región y niveles nacional, regional y local",alc:América Latina y el Caribe | caribe:Caribe,False,,,pendiente
https://hdl.handle.net/11362/47714,La autonomía de las mujeres y la igualdad de género en el centro de la acción climática en América Latina y el Caribe,sectores,"Políticas climáticas y ambientales; adaptación, mitigación, reducción del riesgo de desastres, financiamiento climático, estadísticas, participación pública, cuidados, agricultura, pesca, bosques, energía, empleo y protección de defensoras ambientales",agricultura:Agricultura | energia:Energía | finanzas:Finanzas y financiamiento | ecosistemas:Ecosistemas y biodiversidad | empleo:Empleo,False,,,pendiente
https://hdl.handle.net/11362/47714,La autonomía de las mujeres y la igualdad de género en el centro de la acción climática en América Latina y el Caribe,organizaciones,"ONU Mujeres, PNUD, CMNUCC, CEDAW, Acuerdo de París, Acuerdo de Escazú, IPCC y mecanismos financieros climáticos internacionales",ipcc:IPCC | naciones_unidas:Naciones Unidas,False,,,pendiente
https://hdl.handle.net/11362/47720,Cómo financiar el desarrollo sostenible: recuperación de los efectos del COVID-19 en América Latina y el Caribe,autoria,,,False,,,pendiente
https://hdl.handle.net/11362/47720,Cómo financiar el desarrollo sostenible: recuperación de los efectos del COVID-19 en América Latina y el Caribe,tipo_documento,Informe Especial COVID-19,informe:Informe,False,,,pendiente
https://hdl.handle.net/11362/47720,Cómo financiar el desarrollo sostenible: recuperación de los efectos del COVID-19 en América Latina y el Caribe,ambito_aplicacion,"América Latina y el Caribe, considerada como región y con datos de países seleccionados como Brasil, Chile, Colombia, Panamá, Jamaica, México, Perú y otros países latinoamericanos y caribeños.",regional:Regional | subregional:Subregional | subnacional:Subnacional,True,,,pendiente
https://hdl.handle.net/11362/47720,Cómo financiar el desarrollo sostenible: recuperación de los efectos del COVID-19 en América Latina y el Caribe,paises,"América Latina y el Caribe, considerada como región y con datos de países seleccionados como Brasil, Chile, Colombia, Panamá, Jamaica, México, Perú y otros países latinoamericanos y caribeños.",brasil:Brasil | chile:Chile | colombia:Colombia | jamaica:Jamaica | mexico:México | panama:Panamá | peru:Perú,False,,,pendiente
https://hdl.handle.net/11362/47720,Cómo financiar el desarrollo sostenible: recuperación de los efectos del COVID-19 en América Latina y el Caribe,subregiones,"América Latina y el Caribe, considerada como región y con datos de países seleccionados como Brasil, Chile, Colombia, Panamá, Jamaica, México, Perú y otros países latinoamericanos y caribeños.",alc:América Latina y el Caribe | caribe:Caribe,False,,,pendiente
https://hdl.handle.net/11362/47720,Cómo financiar el desarrollo sostenible: recuperación de los efectos del COVID-19 en América Latina y el Caribe,sectores,"Energías renovables; transporte público y tecnologías limpias; agua y saneamiento; economía circular; restauración ambiental; bioeconomía; soluciones basadas en la naturaleza; economía digital; turismo sostenible; manufactura de la salud; economía del cuidado; fiscalidad, bonos verdes y fondos climáticos.",agua:Agua y recursos hídricos | transporte:Transporte | salud:Salud | industria:Industria | finanzas:Finanzas y financiamiento,False,,,pendiente
https://hdl.handle.net/11362/47720,Cómo financiar el desarrollo sostenible: recuperación de los efectos del COVID-19 en América Latina y el Caribe,organizaciones,"Agenda 2030, Acuerdo de París, CEPAL, PNUMA, Universidad de Oxford, FMI, IPCC, CIDH, INPE y WWF; se usan como marcos, fuentes de datos o referencias externas.",cepal:CEPAL | ipcc:IPCC,False,,,pendiente
https://hdl.handle.net/11362/47729,Aumento de la ambición en la adaptación al cambio climático en América Latina y el Caribe: necesidad de métricas comunes,autoria,Patricio Bofill,Patricio Bofill,False,,,pendiente
https://hdl.handle.net/11362/47729,Aumento de la ambición en la adaptación al cambio climático en América Latina y el Caribe: necesidad de métricas comunes,tipo_documento,Documento de proyecto o estudio técnico,estudio_tecnico:Estudio técnico,False,,,pendiente
https://hdl.handle.net/11362/47729,Aumento de la ambición en la adaptación al cambio climático en América Latina y el Caribe: necesidad de métricas comunes,ambito_aplicacion,"América Latina y el Caribe, con análisis regional y referencias a países, sectores y grupos subregionales.",regional:Regional | subregional:Subregional,True,,,pendiente
https://hdl.handle.net/11362/47729,Aumento de la ambición en la adaptación al cambio climático en América Latina y el Caribe: necesidad de métricas comunes,paises,"América Latina y el Caribe, con análisis regional y referencias a países, sectores y grupos subregionales.",,True,,,pendiente
https://hdl.handle.net/11362/47729,Aumento de la ambición en la adaptación al cambio climático en América Latina y el Caribe: necesidad de métricas comunes,subregiones,"América Latina y el Caribe, con análisis regional y referencias a países, sectores y grupos subregionales.",alc:América Latina y el Caribe | caribe:Caribe,False,,,pendiente
https://hdl.handle.net/11362/47729,Aumento de la ambición en la adaptación al cambio climático en América Latina y el Caribe: necesidad de métricas comunes,sectores,Adaptación climática; recursos hídricos; agricultura; biodiversidad; salud; energía; transporte; infraestructura; costas; gestión del riesgo; monitoreo y evaluación.,agricultura:Agricultura | agua:Agua y recursos hídricos | energia:Energía | transporte:Transporte | salud:Salud | ecosistemas:Ecosistemas y biodiversidad,False,,,pendiente
https://hdl.handle.net/11362/47729,Aumento de la ambición en la adaptación al cambio climático en América Latina y el Caribe: necesidad de métricas comunes,organizaciones,"Acuerdo de París, CMNUCC, IPCC, IPBES, COP25, NDC, ND-GAIN, World Risk Index, Global Climate Risk Index, DARA, Marco de Sendai y ODS.",ipcc:IPCC,False,,,pendiente
https://hdl.handle.net/11362/47730,Efecto del impuesto al CO2 en el sector de la energía de países seleccionados de América Latina y el Caribe,autoria,Luis Abdón Cifuentes,Luis Abdón Cifuentes,False,,,pendiente
https://hdl.handle.net/11362/47730,Efecto del impuesto al CO2 en el sector de la energía de países seleccionados de América Latina y el Caribe,tipo_documento,Documento de proyecto o estudio técnico,estudio_tecnico:Estudio técnico,False,,,pendiente
https://hdl.handle.net/11362/47730,Efecto del impuesto al CO2 en el sector de la energía de países seleccionados de América Latina y el Caribe,ambito_aplicacion,"Sector eléctrico de Honduras, Nicaragua, Costa Rica, Panamá y Chile, con comparación regional de escenarios.",regional:Regional,True,,,pendiente
https://hdl.handle.net/11362/47730,Efecto del impuesto al CO2 en el sector de la energía de países seleccionados de América Latina y el Caribe,paises,"Sector eléctrico de Honduras, Nicaragua, Costa Rica, Panamá y Chile, con comparación regional de escenarios.",chile:Chile | costa_rica:Costa Rica | honduras:Honduras | nicaragua:Nicaragua | panama:Panamá,False,,,pendiente
https://hdl.handle.net/11362/47730,Efecto del impuesto al CO2 en el sector de la energía de países seleccionados de América Latina y el Caribe,subregiones,"Sector eléctrico de Honduras, Nicaragua, Costa Rica, Panamá y Chile, con comparación regional de escenarios.",,True,,,pendiente
https://hdl.handle.net/11362/47730,Efecto del impuesto al CO2 en el sector de la energía de países seleccionados de América Latina y el Caribe,sectores,"Generación eléctrica, demanda, capacidad instalada, tecnologías fósiles y renovables, emisiones de GEI, transmisión, despacho y descarbonización del sistema chileno.",,True,,,pendiente
https://hdl.handle.net/11362/47730,Efecto del impuesto al CO2 en el sector de la energía de países seleccionados de América Latina y el Caribe,organizaciones,"NDC de los cinco países, CEPAL, Unión Europea, Banco Mundial, organismos nacionales de energía y documentos oficiales citados por el estudio.",cepal:CEPAL | banco_mundial:Banco Mundial,False,,,pendiente
https://hdl.handle.net/11362/47732,Herramientas para acelerar la implementación de los planes de acción climática en América Latina y el Caribe,autoria,Estefani Rondón Toro; Bruno Lana; Macarena González Fernández; José Eduardo Alatorre; Natalia Yunis Alcántara; Marina Casas Varez; Mauro Reyes Pontet; Julia Guimarães Rennó; Juan Herrera Jiménez,Estefani Rondón Toro | Bruno Lana | Macarena González Fernández | José Eduardo Alatorre | Natalia Yunis Alcántara | Marina Casas Varez | Mauro Reyes Pontet | Julia Guimarães Rennó | Juan Herrera Jiménez,False,,,pendiente
https://hdl.handle.net/11362/47732,Herramientas para acelerar la implementación de los planes de acción climática en América Latina y el Caribe,tipo_documento,Documento de proyecto o estudio técnico,estudio_tecnico:Estudio técnico,False,,,pendiente
https://hdl.handle.net/11362/47732,Herramientas para acelerar la implementación de los planes de acción climática en América Latina y el Caribe,ambito_aplicacion,"América Latina y el Caribe, con aplicación piloto en San José (Costa Rica), Quito (Ecuador) y Ciudad de México (México).",regional:Regional | subregional:Subregional | subnacional:Subnacional,True,,,pendiente
https://hdl.handle.net/11362/47732,Herramientas para acelerar la implementación de los planes de acción climática en América Latina y el Caribe,paises,"América Latina y el Caribe, con aplicación piloto en San José (Costa Rica), Quito (Ecuador) y Ciudad de México (México).",costa_rica:Costa Rica | ecuador:Ecuador | mexico:México,False,,,pendiente
https://hdl.handle.net/11362/47732,Herramientas para acelerar la implementación de los planes de acción climática en América Latina y el Caribe,subregiones,"América Latina y el Caribe, con aplicación piloto en San José (Costa Rica), Quito (Ecuador) y Ciudad de México (México).",alc:América Latina y el Caribe | caribe:Caribe,False,,,pendiente
https://hdl.handle.net/11362/47732,Herramientas para acelerar la implementación de los planes de acción climática en América Latina y el Caribe,sectores,"Mitigación y adaptación urbana; energía, transporte, residuos, agua, infraestructura, ecosistemas, salud, producción de alimentos, género, financiamiento y seguimiento.",agua:Agua y recursos hídricos | energia:Energía | transporte:Transporte | salud:Salud | finanzas:Finanzas y financiamiento | ecosistemas:Ecosistemas y biodiversidad,False,,,pendiente
https://hdl.handle.net/11362/47732,Herramientas para acelerar la implementación de los planes de acción climática en América Latina y el Caribe,organizaciones,"Pacto Global de Alcaldes por el Clima y la Energía (GCoM), Marco Común de Reporte, Agenda 2030, NDC y casos de implementación de ciudades de la región.",,True,,,pendiente
https://hdl.handle.net/11362/47733,Panorama de las actualizaciones de las contribuciones determinadas a nivel nacional de cara a la COP 26,autoria,Joseluis Samaniego; José Eduardo Alatorre; Rafael Van der Borght; Jimy Ferrer,Joseluis Samaniego | José Eduardo Alatorre | Rafael Van der Borght | Jimy Ferrer,False,,,pendiente
https://hdl.handle.net/11362/47733,Panorama de las actualizaciones de las contribuciones determinadas a nivel nacional de cara a la COP 26,tipo_documento,Documento de proyecto,estudio_tecnico:Estudio técnico,False,,,pendiente
https://hdl.handle.net/11362/47733,Panorama de las actualizaciones de las contribuciones determinadas a nivel nacional de cara a la COP 26,ambito_aplicacion,"América Latina y el Caribe: 17 países con CDN actualizada a agosto de 2021 y, para los escenarios de emisiones, los 33 países de la región.",regional:Regional | subregional:Subregional | subnacional:Subnacional,True,,,pendiente
https://hdl.handle.net/11362/47733,Panorama de las actualizaciones de las contribuciones determinadas a nivel nacional de cara a la COP 26,paises,"América Latina y el Caribe: 17 países con CDN actualizada a agosto de 2021 y, para los escenarios de emisiones, los 33 países de la región.",,True,,,pendiente
https://hdl.handle.net/11362/47733,Panorama de las actualizaciones de las contribuciones determinadas a nivel nacional de cara a la COP 26,subregiones,"América Latina y el Caribe: 17 países con CDN actualizada a agosto de 2021 y, para los escenarios de emisiones, los 33 países de la región.",alc:América Latina y el Caribe | caribe:Caribe,False,,,pendiente
https://hdl.handle.net/11362/47733,Panorama de las actualizaciones de las contribuciones determinadas a nivel nacional de cara a la COP 26,sectores,"Mitigación y adaptación en energía, transporte, agricultura y ganadería, silvicultura y otros usos de la tierra, residuos, procesos industriales, edificios, agua, salud, infraestructura, ciudades, zonas costeras, turismo y gestión del riesgo.",agricultura:Agricultura | agua:Agua y recursos hídricos | energia:Energía | transporte:Transporte | salud:Salud | ciudades_vivienda:Ciudades y vivienda,False,,,pendiente
https://hdl.handle.net/11362/47733,Panorama de las actualizaciones de las contribuciones determinadas a nivel nacional de cara a la COP 26,organizaciones,Acuerdo de París; CMNUCC y sus decisiones 9/CMA.1 y 4/CMA.1; IPCC; PNUMA; Climate Action Tracker; Agencia Internacional de la Energía; CEPALSTAT y Climate Watch.,ipcc:IPCC,False,,,pendiente
https://hdl.handle.net/11362/47855,Panorama de las relaciones fiscales entre niveles de gobierno de países de América Latina y el Caribe,autoria,"Axel Radics, Francisco Vázquez Ahued, Noel Pérez Benítez e Ignacio Ruelas",Axel Radics | Francisco Vázquez Ahued | Noel Pérez Benítez | Ignacio Ruelas,False,,,pendiente
https://hdl.handle.net/11362/47855,Panorama de las relaciones fiscales entre niveles de gobierno de países de América Latina y el Caribe,tipo_documento,Panorama regional y fichas de países; monografía del BID,estudio_tecnico:Estudio técnico,False,,,pendiente
https://hdl.handle.net/11362/47855,Panorama de las relaciones fiscales entre niveles de gobierno de países de América Latina y el Caribe,ambito_aplicacion,"26 países de América Latina y el Caribe prestatarios del BID, con análisis regional y fichas nacionales de Argentina, Brasil, Chile, Paraguay, Uruguay, Bolivia, Colombia, Ecuador, Perú, Venezuela, México, Centroamérica, República Dominicana, Haití y el Caribe.",regional:Regional | subregional:Subregional,True,,,pendiente
https://hdl.handle.net/11362/47855,Panorama de las relaciones fiscales entre niveles de gobierno de países de América Latina y el Caribe,paises,"26 países de América Latina y el Caribe prestatarios del BID, con análisis regional y fichas nacionales de Argentina, Brasil, Chile, Paraguay, Uruguay, Bolivia, Colombia, Ecuador, Perú, Venezuela, México, Centroamérica, República Dominicana, Haití y el Caribe.",argentina:Argentina | bolivia:Bolivia (Estado Plurinacional de) | brasil:Brasil | chile:Chile | colombia:Colombia | ecuador:Ecuador | haiti:Haití | mexico:México | paraguay:Paraguay | peru:Perú | republica_dominicana:República Dominicana | uruguay:Uruguay | venezuela:Venezuela (República Bolivariana de),False,,,pendiente
https://hdl.handle.net/11362/47855,Panorama de las relaciones fiscales entre niveles de gobierno de países de América Latina y el Caribe,subregiones,"26 países de América Latina y el Caribe prestatarios del BID, con análisis regional y fichas nacionales de Argentina, Brasil, Chile, Paraguay, Uruguay, Bolivia, Colombia, Ecuador, Perú, Venezuela, México, Centroamérica, República Dominicana, Haití y el Caribe.",alc:América Latina y el Caribe | centroamerica:Centroamérica | caribe:Caribe,False,,,pendiente
https://hdl.handle.net/11362/47855,Panorama de las relaciones fiscales entre niveles de gobierno de países de América Latina y el Caribe,sectores,"Finanzas públicas subnacionales, descentralización, transferencias, tributación, gasto e inversión pública, deuda, coordinación intergubernamental, transparencia y, en un recuadro específico, financiamiento climático y competencias ambientales.",finanzas:Finanzas y financiamiento,False,,,pendiente
https://hdl.handle.net/11362/47855,Panorama de las relaciones fiscales entre niveles de gobierno de países de América Latina y el Caribe,organizaciones,"BID, CEPAL, OCDE, Banco Mundial, AECID, FMI y fuentes fiscales oficiales de los países; las comparaciones internacionales con la OCDE funcionan como referencia, no como ámbito de aplicación.",cepal:CEPAL | bid:BID | ocde:OCDE | banco_mundial:Banco Mundial,False,,,pendiente
https://hdl.handle.net/11362/47868,Reducing emissions from the energy sector for a more resilient and low-carbon post-pandemic recovery in Latin America and the Caribbean,autoria,"Carolina Grottera; contribuciones de Tatiana Bruce da Silva, Lilia Caiado Couto y Eduarda Zoghbi",Carolina Grottera | contribuciones de Tatiana Bruce da Silva | Lilia Caiado Couto | Eduarda Zoghbi,False,,,pendiente
https://hdl.handle.net/11362/47868,Reducing emissions from the energy sector for a more resilient and low-carbon post-pandemic recovery in Latin America and the Caribbean,tipo_documento,Documento de proyecto o estudio técnico,estudio_tecnico:Estudio técnico,False,,,pendiente
https://hdl.handle.net/11362/47868,Reducing emissions from the energy sector for a more resilient and low-carbon post-pandemic recovery in Latin America and the Caribbean,ambito_aplicacion,"América Latina y el Caribe, con análisis regional y referencias a países y subregiones; el foco es el sector energético, la generación eléctrica, las energías renovables no convencionales, la electrificación, el hidrógeno y la recuperación económica pos-COVID-19.",regional:Regional | subregional:Subregional,True,,,pendiente
https://hdl.handle.net/11362/47868,Reducing emissions from the energy sector for a more resilient and low-carbon post-pandemic recovery in Latin America and the Caribbean,paises,"América Latina y el Caribe, con análisis regional y referencias a países y subregiones; el foco es el sector energético, la generación eléctrica, las energías renovables no convencionales, la electrificación, el hidrógeno y la recuperación económica pos-COVID-19.",,True,,,pendiente
https://hdl.handle.net/11362/47868,Reducing emissions from the energy sector for a more resilient and low-carbon post-pandemic recovery in Latin America and the Caribbean,subregiones,"América Latina y el Caribe, con análisis regional y referencias a países y subregiones; el foco es el sector energético, la generación eléctrica, las energías renovables no convencionales, la electrificación, el hidrógeno y la recuperación económica pos-COVID-19.",alc:América Latina y el Caribe | caribe:Caribe,False,,,pendiente
https://hdl.handle.net/11362/47868,Reducing emissions from the energy sector for a more resilient and low-carbon post-pandemic recovery in Latin America and the Caribbean,sectores,"Energía y electricidad; renovables no convencionales, hidrógeno, gas natural, transporte eléctrico, redes, regulación, financiamiento, empleo, género y desarrollo productivo.",energia:Energía | transporte:Transporte | finanzas:Finanzas y financiamiento | empleo:Empleo,False,,,pendiente
https://hdl.handle.net/11362/47868,Reducing emissions from the energy sector for a more resilient and low-carbon post-pandemic recovery in Latin America and the Caribbean,organizaciones,"Escenarios de políticas actuales, escenarios de cumplimiento de NDC, cooperación internacional y compromisos del Acuerdo de París; se usan comparaciones globales y experiencias de países de la región.",,True,,,pendiente
https://hdl.handle.net/11362/47883,Las tres brechas del desarrollo sostenible y el cierre de la brecha ambiental en Chile: oportunidades para una recuperación pospandemia más sostenible y con bajas emisiones de carbono en América Latina y el Caribe,autoria,"Pablo A. Marquet, Aurora Gaxiola, M. Isidora Ávila-Thieme, Andrés Pica-Téllez, Sebastián Vicuña, Alberto Alaniz, Gabriel Etcheberry, Diego González, Valentina Jara y Luna Menares",Pablo A. Marquet | Aurora Gaxiola | M. Isidora Ávila-Thieme | Andrés Pica-Téllez | Sebastián Vicuña | Alberto Alaniz | Gabriel Etcheberry | Diego González | Valentina Jara | Luna Menares,False,,,pendiente
https://hdl.handle.net/11362/47883,Las tres brechas del desarrollo sostenible y el cierre de la brecha ambiental en Chile: oportunidades para una recuperación pospandemia más sostenible y con bajas emisiones de carbono en América Latina y el Caribe,tipo_documento,Documento de proyecto / estudio técnico sobre límites ambientales y desarrollo sostenible en Chile,estudio_tecnico:Estudio técnico,False,,,pendiente
https://hdl.handle.net/11362/47883,Las tres brechas del desarrollo sostenible y el cierre de la brecha ambiental en Chile: oportunidades para una recuperación pospandemia más sostenible y con bajas emisiones de carbono en América Latina y el Caribe,ambito_aplicacion,"Chile, con análisis nacional y desagregación por macrozonas, cuencas hidrográficas y sectores productivos y ambientales.",multinivel:Multinivel,True,,,pendiente
https://hdl.handle.net/11362/47883,Las tres brechas del desarrollo sostenible y el cierre de la brecha ambiental en Chile: oportunidades para una recuperación pospandemia más sostenible y con bajas emisiones de carbono en América Latina y el Caribe,paises,"Chile, con análisis nacional y desagregación por macrozonas, cuencas hidrográficas y sectores productivos y ambientales.",chile:Chile,False,,,pendiente
https://hdl.handle.net/11362/47883,Las tres brechas del desarrollo sostenible y el cierre de la brecha ambiental en Chile: oportunidades para una recuperación pospandemia más sostenible y con bajas emisiones de carbono en América Latina y el Caribe,subregiones,"Chile, con análisis nacional y desagregación por macrozonas, cuencas hidrográficas y sectores productivos y ambientales.",,True,,,pendiente
https://hdl.handle.net/11362/47883,Las tres brechas del desarrollo sostenible y el cierre de la brecha ambiental en Chile: oportunidades para una recuperación pospandemia más sostenible y con bajas emisiones de carbono en América Latina y el Caribe,sectores,"Límites de nitrógeno, fósforo, ozono estratosférico, cambio climático, agua dulce, uso del suelo, biodiversidad, contaminación atmosférica, contaminación química y pesquerías; crecimiento, agricultura, bosques, áreas protegidas, energía, transporte, salmonicultura y gestión hídrica.",agricultura:Agricultura | agua:Agua y recursos hídricos | energia:Energía | transporte:Transporte | ecosistemas:Ecosistemas y biodiversidad,False,,,pendiente
https://hdl.handle.net/11362/47883,Las tres brechas del desarrollo sostenible y el cierre de la brecha ambiental en Chile: oportunidades para una recuperación pospandemia más sostenible y con bajas emisiones de carbono en América Latina y el Caribe,organizaciones,CEPAL y su enfoque de las tres brechas y del gran impulso para la sostenibilidad; marco de límites planetarios de Rockström y actualizaciones; Agenda 2030; NDC y ECLP de Chile; Protocolo de Montreal; OMS y FAO como marcos y fuentes de comparación.,cepal:CEPAL | fao:FAO,False,,,pendiente
https://hdl.handle.net/11362/47903,Cuentas ambientales para la formulación e implementación de la política climática,autoria,Rodrigo Pizarro Gariazzo,Rodrigo Pizarro Gariazzo,False,,,pendiente
https://hdl.handle.net/11362/47903,Cuentas ambientales para la formulación e implementación de la política climática,tipo_documento,Documento de proyecto o estudio técnico,estudio_tecnico:Estudio técnico,False,,,pendiente
https://hdl.handle.net/11362/47903,Cuentas ambientales para la formulación e implementación de la política climática,ambito_aplicacion,"América Latina y el Caribe, con atención a la información que los países necesitan para formular y evaluar política climática.",regional:Regional | subregional:Subregional,True,,,pendiente
https://hdl.handle.net/11362/47903,Cuentas ambientales para la formulación e implementación de la política climática,paises,"América Latina y el Caribe, con atención a la información que los países necesitan para formular y evaluar política climática.",,True,,,pendiente
https://hdl.handle.net/11362/47903,Cuentas ambientales para la formulación e implementación de la política climática,subregiones,"América Latina y el Caribe, con atención a la información que los países necesitan para formular y evaluar política climática.",alc:América Latina y el Caribe | caribe:Caribe,False,,,pendiente
https://hdl.handle.net/11362/47903,Cuentas ambientales para la formulación e implementación de la política climática,sectores,"Política climática transversal: emisiones, energía, agua, uso del suelo, ecosistemas, carbono, gasto ambiental, indicadores y modelamiento económico-ambiental.",agua:Agua y recursos hídricos | energia:Energía | ecosistemas:Ecosistemas y biodiversidad,False,,,pendiente
https://hdl.handle.net/11362/47903,Cuentas ambientales para la formulación e implementación de la política climática,organizaciones,"Naciones Unidas y el estándar internacional SCAE/SEEA; IPCC; Eurostat; OCDE; y experiencias de cuentas ambientales de Canadá, Dinamarca, Suecia, Noruega, Países Bajos, Rwanda, Australia y Guatemala, usadas como marcos o ejemplos comparativos.",ipcc:IPCC | naciones_unidas:Naciones Unidas | ocde:OCDE,False,,,pendiente
https://hdl.handle.net/11362/48071,La autonomía de las mujeres y la igualdad de género en el centro de la acción climática en América Latina y el Caribe,autoria,Lorena Aguilar Revelo,Lorena Aguilar Revelo,False,,,pendiente
https://hdl.handle.net/11362/48071,La autonomía de las mujeres y la igualdad de género en el centro de la acción climática en América Latina y el Caribe,tipo_documento,Documento de Proyectos,,True,,,pendiente
https://hdl.handle.net/11362/48071,La autonomía de las mujeres y la igualdad de género en el centro de la acción climática en América Latina y el Caribe,ambito_aplicacion,"América Latina y el Caribe, con referencias específicas al Caribe, América Central y a instrumentos nacionales de países de la región",regional:Regional | subregional:Subregional | subnacional:Subnacional,True,,,pendiente
https://hdl.handle.net/11362/48071,La autonomía de las mujeres y la igualdad de género en el centro de la acción climática en América Latina y el Caribe,paises,"América Latina y el Caribe, con referencias específicas al Caribe, América Central y a instrumentos nacionales de países de la región",,True,,,pendiente
https://hdl.handle.net/11362/48071,La autonomía de las mujeres y la igualdad de género en el centro de la acción climática en América Latina y el Caribe,subregiones,"América Latina y el Caribe, con referencias específicas al Caribe, América Central y a instrumentos nacionales de países de la región",alc:América Latina y el Caribe | caribe:Caribe,False,,,pendiente
https://hdl.handle.net/11362/48071,La autonomía de las mujeres y la igualdad de género en el centro de la acción climática en América Latina y el Caribe,sectores,"Políticas climáticas y ambientales; adaptación, mitigación y reducción del riesgo de desastres; participación y derechos; cuidados; planificación, información y financiamiento climático",finanzas:Finanzas y financiamiento,False,,,pendiente
https://hdl.handle.net/11362/48071,La autonomía de las mujeres y la igualdad de género en el centro de la acción climática en América Latina y el Caribe,organizaciones,"CMNUCC, Acuerdo de París, CEDAW, Acuerdo de Escazú, ONU-Mujeres, PNUD, PNUMA, IPCC y mecanismos financieros climáticos internacionales",ipcc:IPCC | naciones_unidas:Naciones Unidas,False,,,pendiente
https://hdl.handle.net/11362/48097,"Climate action guidelines 2022–2030: City of Belmopan, Belize",autoria,Indhira De Jesús,Indhira De Jesús,False,,,pendiente
https://hdl.handle.net/11362/48097,"Climate action guidelines 2022–2030: City of Belmopan, Belize",tipo_documento,Documento de proyecto o estudio técnico,estudio_tecnico:Estudio técnico,False,,,pendiente
https://hdl.handle.net/11362/48097,"Climate action guidelines 2022–2030: City of Belmopan, Belize",ambito_aplicacion,"Ciudad de Belmopan, Belize; con vínculos al nivel nacional de Belize",subnacional:Subnacional | multinivel:Multinivel,True,,,pendiente
https://hdl.handle.net/11362/48097,"Climate action guidelines 2022–2030: City of Belmopan, Belize",paises,"Ciudad de Belmopan, Belize; con vínculos al nivel nacional de Belize",belice:Belice,False,,,pendiente
https://hdl.handle.net/11362/48097,"Climate action guidelines 2022–2030: City of Belmopan, Belize",subregiones,"Ciudad de Belmopan, Belize; con vínculos al nivel nacional de Belize",,True,,,pendiente
https://hdl.handle.net/11362/48097,"Climate action guidelines 2022–2030: City of Belmopan, Belize",sectores,"Gobernanza municipal, energía, transporte, residuos, agua y drenaje, uso del suelo, infraestructura, educación y gestión de información",agua:Agua y recursos hídricos | energia:Energía | transporte:Transporte,False,,,pendiente
https://hdl.handle.net/11362/48097,"Climate action guidelines 2022–2030: City of Belmopan, Belize",organizaciones,"Belize NDC, Belize Climate Change Office, UN-ECLAC, MCR2030/UNDRR, CCCCC, BEL, fondos climáticos y cooperación bilateral/multilateral",,True,,,pendiente
https://hdl.handle.net/11362/48102,Compendio preliminar de proyectos de inversión en acción climática para América Latina y el Caribe,autoria,Joseluis Samaniego Leyva y Lourdes Jeannette Sánchez Zurita (coordinadores),Joseluis Samaniego Leyva | Lourdes Jeannette Sánchez Zurita (coordinadores),False,,,pendiente
https://hdl.handle.net/11362/48102,Compendio preliminar de proyectos de inversión en acción climática para América Latina y el Caribe,tipo_documento,Compendio preliminar y cartera de proyectos de inversión climática,,True,,,pendiente
https://hdl.handle.net/11362/48102,Compendio preliminar de proyectos de inversión en acción climática para América Latina y el Caribe,ambito_aplicacion,"América Latina y el Caribe, con proyectos en 24 países y un bloque específico para los PEID del Caribe; los proyectos individuales se aplican en países y ciudades concretas.",regional:Regional | subregional:Subregional,True,,,pendiente
https://hdl.handle.net/11362/48102,Compendio preliminar de proyectos de inversión en acción climática para América Latina y el Caribe,paises,"América Latina y el Caribe, con proyectos en 24 países y un bloque específico para los PEID del Caribe; los proyectos individuales se aplican en países y ciudades concretas.",,True,,,pendiente
https://hdl.handle.net/11362/48102,Compendio preliminar de proyectos de inversión en acción climática para América Latina y el Caribe,subregiones,"América Latina y el Caribe, con proyectos en 24 países y un bloque específico para los PEID del Caribe; los proyectos individuales se aplican en países y ciudades concretas.",alc:América Latina y el Caribe | caribe:Caribe,False,,,pendiente
https://hdl.handle.net/11362/48102,Compendio preliminar de proyectos de inversión en acción climática para América Latina y el Caribe,sectores,"Transición energética, electromovilidad, minerales fundamentales y estratégicos, economía circular, agroindustria, agua y resiliencia climática de los PEID del Caribe.",agua:Agua y recursos hídricos | energia:Energía,False,,,pendiente
https://hdl.handle.net/11362/48102,Compendio preliminar de proyectos de inversión en acción climática para América Latina y el Caribe,organizaciones,"CEPAL, BID, CAF, GEF, GCF, AFD, LAIF, CELAC, CARICOM y socios financieros privados; la COP27 y los ODS funcionan como marco internacional.",cepal:CEPAL | bid:BID,False,,,pendiente
https://hdl.handle.net/11362/48118,"Llaqtapa Allinllanakuy, Willakuyman Yaykunapaq, Lliw Llaqta Runakunaman Chayananpaq, Chaynallataq Pachamamamanta Kamachikunapaq, América Latina y el Caribe Suyukunapi",autoria,,,False,,,pendiente
https://hdl.handle.net/11362/48118,"Llaqtapa Allinllanakuy, Willakuyman Yaykunapaq, Lliw Llaqta Runakunaman Chayananpaq, Chaynallataq Pachamamamanta Kamachikunapaq, América Latina y el Caribe Suyukunapi",tipo_documento,Acuerdo internacional traducido; texto normativo,,True,,,pendiente
https://hdl.handle.net/11362/48118,"Llaqtapa Allinllanakuy, Willakuyman Yaykunapaq, Lliw Llaqta Runakunaman Chayananpaq, Chaynallataq Pachamamamanta Kamachikunapaq, América Latina y el Caribe Suyukunapi",ambito_aplicacion,América Latina y el Caribe; Estados Parte del Acuerdo de Escazú.,regional:Regional | subregional:Subregional,True,,,pendiente
https://hdl.handle.net/11362/48118,"Llaqtapa Allinllanakuy, Willakuyman Yaykunapaq, Lliw Llaqta Runakunaman Chayananpaq, Chaynallataq Pachamamamanta Kamachikunapaq, América Latina y el Caribe Suyukunapi",paises,América Latina y el Caribe; Estados Parte del Acuerdo de Escazú.,,True,,,pendiente
https://hdl.handle.net/11362/48118,"Llaqtapa Allinllanakuy, Willakuyman Yaykunapaq, Lliw Llaqta Runakunaman Chayananpaq, Chaynallataq Pachamamamanta Kamachikunapaq, América Latina y el Caribe Suyukunapi",subregiones,América Latina y el Caribe; Estados Parte del Acuerdo de Escazú.,alc:América Latina y el Caribe | caribe:Caribe,False,,,pendiente
https://hdl.handle.net/11362/48118,"Llaqtapa Allinllanakuy, Willakuyman Yaykunapaq, Lliw Llaqta Runakunaman Chayananpaq, Chaynallataq Pachamamamanta Kamachikunapaq, América Latina y el Caribe Suyukunapi",sectores,"Información ambiental, participación pública, evaluación de impacto ambiental, defensores ambientales y justicia ambiental.",,True,,,pendiente
https://hdl.handle.net/11362/48118,"Llaqtapa Allinllanakuy, Willakuyman Yaykunapaq, Lliw Llaqta Runakunaman Chayananpaq, Chaynallataq Pachamamamanta Kamachikunapaq, América Latina y el Caribe Suyukunapi",organizaciones,"Costa Rica, Naciones Unidas, CEPAL y el Depositario del Acuerdo.",cepal:CEPAL | naciones_unidas:Naciones Unidas,False,,,pendiente
https://hdl.handle.net/11362/48122,Panorama de los planes de acción climática en ciudades de América Latina y el Caribe,autoria,Estefani Rondón Toro; Mauro Reyes Pontet; Juan Herrera Jiménez,Estefani Rondón Toro | Mauro Reyes Pontet | Juan Herrera Jiménez,False,,,pendiente
https://hdl.handle.net/11362/48122,Panorama de los planes de acción climática en ciudades de América Latina y el Caribe,tipo_documento,Documento de proyecto o estudio técnico,estudio_tecnico:Estudio técnico,False,,,pendiente
https://hdl.handle.net/11362/48122,Panorama de los planes de acción climática en ciudades de América Latina y el Caribe,ambito_aplicacion,"Diez ciudades y gobiernos locales de América Latina y el Caribe: Ciudad de México, Quito, San José, Bogotá, Buenos Aires, Santiago, Montevideo, São Paulo, Lima y Belice; el análisis compara los PAC y extrae tendencias regionales.",regional:Regional | subregional:Subregional | subnacional:Subnacional,True,,,pendiente
https://hdl.handle.net/11362/48122,Panorama de los planes de acción climática en ciudades de América Latina y el Caribe,paises,"Diez ciudades y gobiernos locales de América Latina y el Caribe: Ciudad de México, Quito, San José, Bogotá, Buenos Aires, Santiago, Montevideo, São Paulo, Lima y Belice; el análisis compara los PAC y extrae tendencias regionales.",belice:Belice | mexico:México,False,,,pendiente
https://hdl.handle.net/11362/48122,Panorama de los planes de acción climática en ciudades de América Latina y el Caribe,subregiones,"Diez ciudades y gobiernos locales de América Latina y el Caribe: Ciudad de México, Quito, San José, Bogotá, Buenos Aires, Santiago, Montevideo, São Paulo, Lima y Belice; el análisis compara los PAC y extrae tendencias regionales.",alc:América Latina y el Caribe | caribe:Caribe,False,,,pendiente
https://hdl.handle.net/11362/48122,Panorama de los planes de acción climática en ciudades de América Latina y el Caribe,sectores,"Mitigación y adaptación urbana, con atención a información general, gobernanza, participación ciudadana, género, financiamiento, transporte, residuos, energía, vivienda, infraestructura, biodiversidad, gestión de riesgos, recursos hídricos, salud y sectores agropecuario, forestal e industrial.",agricultura:Agricultura | agua:Agua y recursos hídricos | energia:Energía | transporte:Transporte | salud:Salud | ciudades_vivienda:Ciudades y vivienda | industria:Industria | finanzas:Finanzas y financiamiento | ecosistemas:Ecosistemas y biodiversidad,False,,,pendiente
https://hdl.handle.net/11362/48122,Panorama de los planes de acción climática en ciudades de América Latina y el Caribe,organizaciones,"CEPAL, CC35, C40 Cities, Rondón et al. (2021), Bárcena et al. (2020), Samaniego et al. (2019), WWF (2021), redes internacionales, Unión Europea, Banco Mundial, GIZ, PNUD y Adapt Chile como organizaciones o marcos mencionados en la selección y evaluación de los planes.",cepal:CEPAL | banco_mundial:Banco Mundial,False,,,pendiente
https://hdl.handle.net/11362/48144,"Resilient and affordable housing in the Caribbean: Policy recommendations towards a transformative, green and inclusive recovery strategy. Policy Brief",autoria,,,False,,,pendiente
https://hdl.handle.net/11362/48144,"Resilient and affordable housing in the Caribbean: Policy recommendations towards a transformative, green and inclusive recovery strategy. Policy Brief",tipo_documento,Policy Brief,policy_brief:Policy brief,False,,,pendiente
https://hdl.handle.net/11362/48144,"Resilient and affordable housing in the Caribbean: Policy recommendations towards a transformative, green and inclusive recovery strategy. Policy Brief",ambito_aplicacion,"Los 16 países caribeños analizados del Caribbean Development and Cooperation Committee (CDCC), con atención a los pequeños Estados insulares en desarrollo del Caribe.",subregional:Subregional,True,,,pendiente
https://hdl.handle.net/11362/48144,"Resilient and affordable housing in the Caribbean: Policy recommendations towards a transformative, green and inclusive recovery strategy. Policy Brief",paises,"Los 16 países caribeños analizados del Caribbean Development and Cooperation Committee (CDCC), con atención a los pequeños Estados insulares en desarrollo del Caribe.",,True,,,pendiente
https://hdl.handle.net/11362/48144,"Resilient and affordable housing in the Caribbean: Policy recommendations towards a transformative, green and inclusive recovery strategy. Policy Brief",subregiones,"Los 16 países caribeños analizados del Caribbean Development and Cooperation Committee (CDCC), con atención a los pequeños Estados insulares en desarrollo del Caribe.",caribe:Caribe,False,,,pendiente
https://hdl.handle.net/11362/48144,"Resilient and affordable housing in the Caribbean: Policy recommendations towards a transformative, green and inclusive recovery strategy. Policy Brief",sectores,"Vivienda asequible, resiliente y sostenible; planificación urbana y territorial; infraestructura y servicios básicos; transporte urbano; protección social; construcción y financiamiento.",transporte:Transporte | ciudades_vivienda:Ciudades y vivienda | finanzas:Finanzas y financiamiento | proteccion_social:Protección social,False,,,pendiente
https://hdl.handle.net/11362/48144,"Resilient and affordable housing in the Caribbean: Policy recommendations towards a transformative, green and inclusive recovery strategy. Policy Brief",organizaciones,Agenda 2030 y ODS 11; Acuerdo de París; Marco de Sendai; Nueva Agenda Urbana; Trayectoria SAMOA; Adaptation Fund; AAAA; literatura y organismos multilaterales citados.,,True,,,pendiente
https://hdl.handle.net/11362/48156,"Gobernanza corporativa en América Latina y el Caribe: el uso de instrumentos de deuda ambientales, sociales y de gobernanza para financiar proyectos de inversión sostenible",autoria,Georgina Núñez; Helvia Velloso; Filipe Da Silva,Georgina Núñez | Helvia Velloso | Filipe Da Silva,False,,,pendiente
https://hdl.handle.net/11362/48156,"Gobernanza corporativa en América Latina y el Caribe: el uso de instrumentos de deuda ambientales, sociales y de gobernanza para financiar proyectos de inversión sostenible",tipo_documento,Documento de proyecto o estudio técnico,estudio_tecnico:Estudio técnico,False,,,pendiente
https://hdl.handle.net/11362/48156,"Gobernanza corporativa en América Latina y el Caribe: el uso de instrumentos de deuda ambientales, sociales y de gobernanza para financiar proyectos de inversión sostenible",ambito_aplicacion,"América Latina y el Caribe, con énfasis en los mercados internacionales y en Brasil, Chile y México; incluye emisores soberanos, corporativos, cuasisoberanos y supranacionales, y seis estudios de caso empresariales.",regional:Regional | subregional:Subregional,True,,,pendiente
https://hdl.handle.net/11362/48156,"Gobernanza corporativa en América Latina y el Caribe: el uso de instrumentos de deuda ambientales, sociales y de gobernanza para financiar proyectos de inversión sostenible",paises,"América Latina y el Caribe, con énfasis en los mercados internacionales y en Brasil, Chile y México; incluye emisores soberanos, corporativos, cuasisoberanos y supranacionales, y seis estudios de caso empresariales.",brasil:Brasil | chile:Chile | mexico:México,False,,,pendiente
https://hdl.handle.net/11362/48156,"Gobernanza corporativa en América Latina y el Caribe: el uso de instrumentos de deuda ambientales, sociales y de gobernanza para financiar proyectos de inversión sostenible",subregiones,"América Latina y el Caribe, con énfasis en los mercados internacionales y en Brasil, Chile y México; incluye emisores soberanos, corporativos, cuasisoberanos y supranacionales, y seis estudios de caso empresariales.",alc:América Latina y el Caribe | caribe:Caribe,False,,,pendiente
https://hdl.handle.net/11362/48156,"Gobernanza corporativa en América Latina y el Caribe: el uso de instrumentos de deuda ambientales, sociales y de gobernanza para financiar proyectos de inversión sostenible",sectores,"Mercados de capitales y deuda sostenible; gobernanza corporativa; sectores forestal y papel, alimentos y bebidas, repuestos y equipos para automóviles, energía, financiero, químico, telecomunicaciones, transporte e inmobiliario.",energia:Energía | transporte:Transporte | ecosistemas:Ecosistemas y biodiversidad,False,,,pendiente
https://hdl.handle.net/11362/48156,"Gobernanza corporativa en América Latina y el Caribe: el uso de instrumentos de deuda ambientales, sociales y de gobernanza para financiar proyectos de inversión sostenible",organizaciones,"International Capital Market Association (ICMA), Acuerdo de París, Agenda 2030 y ODS, TCFD, IFRS/Consejo Internacional de Normas de Sostenibilidad, IPSF, CDP, Science Based Targets, bancos de desarrollo, calificadoras y revisores externos.",,True,,,pendiente
https://hdl.handle.net/11362/48166,"Lineamientos para la acción climática de Santo Domingo, Distrito Nacional, 2022-2030",autoria,Indhira De Jesús,Indhira De Jesús,False,,,pendiente
https://hdl.handle.net/11362/48166,"Lineamientos para la acción climática de Santo Domingo, Distrito Nacional, 2022-2030",tipo_documento,Documento de proyecto,estudio_tecnico:Estudio técnico,False,,,pendiente
https://hdl.handle.net/11362/48166,"Lineamientos para la acción climática de Santo Domingo, Distrito Nacional, 2022-2030",ambito_aplicacion,"Distrito Nacional de Santo Domingo, República Dominicana (local/urbano)",subnacional:Subnacional | multinivel:Multinivel,True,,,pendiente
https://hdl.handle.net/11362/48166,"Lineamientos para la acción climática de Santo Domingo, Distrito Nacional, 2022-2030",paises,"Distrito Nacional de Santo Domingo, República Dominicana (local/urbano)",republica_dominicana:República Dominicana,False,,,pendiente
https://hdl.handle.net/11362/48166,"Lineamientos para la acción climática de Santo Domingo, Distrito Nacional, 2022-2030",subregiones,"Distrito Nacional de Santo Domingo, República Dominicana (local/urbano)",,True,,,pendiente
https://hdl.handle.net/11362/48166,"Lineamientos para la acción climática de Santo Domingo, Distrito Nacional, 2022-2030",sectores,"planificación urbana, energía, transporte, agua y saneamiento, residuos, infraestructura verde, gestión de riesgos y salud",agua:Agua y recursos hídricos | energia:Energía | transporte:Transporte | salud:Salud,False,,,pendiente
https://hdl.handle.net/11362/48166,"Lineamientos para la acción climática de Santo Domingo, Distrito Nacional, 2022-2030",organizaciones,"República Dominicana, Gran Santo Domingo, CEPAL, UNDRR, CC35, CNCCMDL, MEPYD, INTRANT y CAASD",cepal:CEPAL,False,,,pendiente
https://hdl.handle.net/11362/48200,La recuperación del turismo como pilar del gran impulso para la sostenibilidad,autoria,Leda Peralta,Leda Peralta,False,,,pendiente
https://hdl.handle.net/11362/48200,La recuperación del turismo como pilar del gran impulso para la sostenibilidad,tipo_documento,Documento de proyecto o estudio técnico,estudio_tecnico:Estudio técnico,False,,,pendiente
https://hdl.handle.net/11362/48200,La recuperación del turismo como pilar del gran impulso para la sostenibilidad,ambito_aplicacion,"Subregión del Sistema de la Integración Centroamericana (SICA): Belice, Costa Rica, El Salvador, Guatemala, Honduras, Nicaragua, Panamá y República Dominicana.",,False,,,pendiente
https://hdl.handle.net/11362/48200,La recuperación del turismo como pilar del gran impulso para la sostenibilidad,paises,"Subregión del Sistema de la Integración Centroamericana (SICA): Belice, Costa Rica, El Salvador, Guatemala, Honduras, Nicaragua, Panamá y República Dominicana.",belice:Belice | costa_rica:Costa Rica | el_salvador:El Salvador | guatemala:Guatemala | honduras:Honduras | nicaragua:Nicaragua | panama:Panamá | republica_dominicana:República Dominicana,False,,,pendiente
https://hdl.handle.net/11362/48200,La recuperación del turismo como pilar del gran impulso para la sostenibilidad,subregiones,"Subregión del Sistema de la Integración Centroamericana (SICA): Belice, Costa Rica, El Salvador, Guatemala, Honduras, Nicaragua, Panamá y República Dominicana.",,True,,,pendiente
https://hdl.handle.net/11362/48200,La recuperación del turismo como pilar del gran impulso para la sostenibilidad,sectores,"Turismo, empleo, patrimonio, agricultura, infraestructura, riesgos, recursos naturales y datos.",agricultura:Agricultura | empleo:Empleo,False,,,pendiente
https://hdl.handle.net/11362/48200,La recuperación del turismo como pilar del gran impulso para la sostenibilidad,organizaciones,"Organización Mundial del Turismo, PNUMA, OMM y planes nacionales de turismo.",,True,,,pendiente
https://hdl.handle.net/11362/48290,Reglas de procedimiento de la Conferencia de las Partes,autoria,,,False,,,pendiente
https://hdl.handle.net/11362/48290,Reglas de procedimiento de la Conferencia de las Partes,tipo_documento,Reglas de procedimiento / documento normativo institucional,,True,,,pendiente
https://hdl.handle.net/11362/48290,Reglas de procedimiento de la Conferencia de las Partes,ambito_aplicacion,Conferencia de las Partes y órganos subsidiarios del Acuerdo de Escazú en América Latina y el Caribe,regional:Regional | subregional:Subregional,True,,,pendiente
https://hdl.handle.net/11362/48290,Reglas de procedimiento de la Conferencia de las Partes,paises,Conferencia de las Partes y órganos subsidiarios del Acuerdo de Escazú en América Latina y el Caribe,,True,,,pendiente
https://hdl.handle.net/11362/48290,Reglas de procedimiento de la Conferencia de las Partes,subregiones,Conferencia de las Partes y órganos subsidiarios del Acuerdo de Escazú en América Latina y el Caribe,alc:América Latina y el Caribe | caribe:Caribe,False,,,pendiente
https://hdl.handle.net/11362/48290,Reglas de procedimiento de la Conferencia de las Partes,sectores,"Gobernanza ambiental, participación pública y funcionamiento de órganos intergubernamentales",,True,,,pendiente
https://hdl.handle.net/11362/48290,Reglas de procedimiento de la Conferencia de las Partes,organizaciones,"Acuerdo Regional sobre el Acceso a la Información, la Participación Pública y el Acceso a la Justicia en Asuntos Ambientales; Reglamento de la CEPAL como régimen subsidiario",cepal:CEPAL,False,,,pendiente
https://hdl.handle.net/11362/48304,"Hacia la transformación del modelo de desarrollo en América Latina y el Caribe: producción, inclusión y sostenibilidad. Síntesis",autoria,Comisión Económica para América Latina y el Caribe (CEPAL),Comisión Económica para América Latina | el Caribe (CEPAL),False,,,pendiente
https://hdl.handle.net/11362/48304,"Hacia la transformación del modelo de desarrollo en América Latina y el Caribe: producción, inclusión y sostenibilidad. Síntesis",tipo_documento,Síntesis de informe institucional / informe de período de sesiones,informe:Informe,False,,,pendiente
https://hdl.handle.net/11362/48304,"Hacia la transformación del modelo de desarrollo en América Latina y el Caribe: producción, inclusión y sostenibilidad. Síntesis",ambito_aplicacion,"América Latina y el Caribe; con atención específica a México, Centroamérica, el Caribe y la región en conjunto",regional:Regional | subregional:Subregional | subnacional:Subnacional,True,,,pendiente
https://hdl.handle.net/11362/48304,"Hacia la transformación del modelo de desarrollo en América Latina y el Caribe: producción, inclusión y sostenibilidad. Síntesis",paises,"América Latina y el Caribe; con atención específica a México, Centroamérica, el Caribe y la región en conjunto",mexico:México,False,,,pendiente
https://hdl.handle.net/11362/48304,"Hacia la transformación del modelo de desarrollo en América Latina y el Caribe: producción, inclusión y sostenibilidad. Síntesis",subregiones,"América Latina y el Caribe; con atención específica a México, Centroamérica, el Caribe y la región en conjunto",alc:América Latina y el Caribe | centroamerica:Centroamérica | caribe:Caribe,False,,,pendiente
https://hdl.handle.net/11362/48304,"Hacia la transformación del modelo de desarrollo en América Latina y el Caribe: producción, inclusión y sostenibilidad. Síntesis",sectores,"Estructura productiva, transición energética, electromovilidad, economía circular, bioeconomía, manufactura de la salud, transformación digital, economía del cuidado, turismo sostenible, mipymes y economía social y solidaria; políticas macroeconómicas, sociales, fiscales y de integración regional",energia:Energía | salud:Salud | industria:Industria,False,,,pendiente
https://hdl.handle.net/11362/48304,"Hacia la transformación del modelo de desarrollo en América Latina y el Caribe: producción, inclusión y sostenibilidad. Síntesis",organizaciones,"Economías avanzadas, economías emergentes y en desarrollo de Asia, Estados Unidos, China, Europa, Japón, OCDE y Federación de Rusia/Ucrania como referentes del contexto internacional",ocde:OCDE,False,,,pendiente
https://hdl.handle.net/11362/48413,Acción climática con igualdad de género: hacia una recuperación transformadora para la sostenibilidad y la igualdad de género en América Latina y el Caribe,autoria,Comisión Económica para América Latina y el Caribe (CEPAL),Comisión Económica para América Latina | el Caribe (CEPAL),False,,,pendiente
https://hdl.handle.net/11362/48413,Acción climática con igualdad de género: hacia una recuperación transformadora para la sostenibilidad y la igualdad de género en América Latina y el Caribe,tipo_documento,Documento de proyecto / estudio técnico regional,estudio_tecnico:Estudio técnico,False,,,pendiente
https://hdl.handle.net/11362/48413,Acción climática con igualdad de género: hacia una recuperación transformadora para la sostenibilidad y la igualdad de género en América Latina y el Caribe,ambito_aplicacion,"América Latina y el Caribe, con experiencias nacionales y subnacionales",regional:Regional | subregional:Subregional,True,,,pendiente
https://hdl.handle.net/11362/48413,Acción climática con igualdad de género: hacia una recuperación transformadora para la sostenibilidad y la igualdad de género en América Latina y el Caribe,paises,"América Latina y el Caribe, con experiencias nacionales y subnacionales",,True,,,pendiente
https://hdl.handle.net/11362/48413,Acción climática con igualdad de género: hacia una recuperación transformadora para la sostenibilidad y la igualdad de género en América Latina y el Caribe,subregiones,"América Latina y el Caribe, con experiencias nacionales y subnacionales",alc:América Latina y el Caribe | caribe:Caribe,False,,,pendiente
https://hdl.handle.net/11362/48413,Acción climática con igualdad de género: hacia una recuperación transformadora para la sostenibilidad y la igualdad de género en América Latina y el Caribe,sectores,"Gobernanza climática, NDC, planificación, financiamiento, estadísticas, energía, cuidados y participación",energia:Energía | finanzas:Finanzas y financiamiento,False,,,pendiente
https://hdl.handle.net/11362/48413,Acción climática con igualdad de género: hacia una recuperación transformadora para la sostenibilidad y la igualdad de género en América Latina y el Caribe,organizaciones,"Unión Europea, CMNUCC, Acuerdo de París, Plan de Acción de Género y fondos climáticos internacionales",,True,,,pendiente
https://hdl.handle.net/11362/48491,Diagnóstico situacional de los sistemas nacionales de inversión pública: Panamá 2020,autoria,,,False,,,pendiente
https://hdl.handle.net/11362/48491,Diagnóstico situacional de los sistemas nacionales de inversión pública: Panamá 2020,tipo_documento,Documento de proyecto o estudio técnico,estudio_tecnico:Estudio técnico,False,,,pendiente
https://hdl.handle.net/11362/48491,Diagnóstico situacional de los sistemas nacionales de inversión pública: Panamá 2020,ambito_aplicacion,"Panamá, con referencias regionales al SICA/COSEFIN",,False,,,pendiente
https://hdl.handle.net/11362/48491,Diagnóstico situacional de los sistemas nacionales de inversión pública: Panamá 2020,paises,"Panamá, con referencias regionales al SICA/COSEFIN",panama:Panamá,False,,,pendiente
https://hdl.handle.net/11362/48491,Diagnóstico situacional de los sistemas nacionales de inversión pública: Panamá 2020,subregiones,"Panamá, con referencias regionales al SICA/COSEFIN",,True,,,pendiente
https://hdl.handle.net/11362/48491,Diagnóstico situacional de los sistemas nacionales de inversión pública: Panamá 2020,sectores,"Sistema Nacional de Inversión Pública; agua y saneamiento, educación, agropecuario, salud e información territorial e hidrometeorológica",agricultura:Agricultura | agua:Agua y recursos hídricos | salud:Salud | finanzas:Finanzas y financiamiento,False,,,pendiente
https://hdl.handle.net/11362/48491,Diagnóstico situacional de los sistemas nacionales de inversión pública: Panamá 2020,organizaciones,"CMNUCC, ODS, Marco de Sendai, CEPREDENAC y Euroclima+",,True,,,pendiente
https://hdl.handle.net/11362/48524,"Impactos macroeconómicos del cambio climático en América Latina y el Caribe: revisión de la literatura, 2010-2021",autoria,José Eduardo Alatorre e Ignacio Fernández Sepúlveda,José Eduardo Alatorre | Ignacio Fernández Sepúlveda,False,,,pendiente
https://hdl.handle.net/11362/48524,"Impactos macroeconómicos del cambio climático en América Latina y el Caribe: revisión de la literatura, 2010-2021",tipo_documento,Documento de Proyecto / estudio técnico,estudio_tecnico:Estudio técnico,False,,,pendiente
https://hdl.handle.net/11362/48524,"Impactos macroeconómicos del cambio climático en América Latina y el Caribe: revisión de la literatura, 2010-2021",ambito_aplicacion,"América Latina y el Caribe, con resultados regionales y desagregación para el Caribe, Centroamérica y México, y América del Sur; algunos estudios cubren países específicos de la región.",regional:Regional | subregional:Subregional | subnacional:Subnacional,True,,,pendiente
https://hdl.handle.net/11362/48524,"Impactos macroeconómicos del cambio climático en América Latina y el Caribe: revisión de la literatura, 2010-2021",paises,"América Latina y el Caribe, con resultados regionales y desagregación para el Caribe, Centroamérica y México, y América del Sur; algunos estudios cubren países específicos de la región.",mexico:México,False,,,pendiente
https://hdl.handle.net/11362/48524,"Impactos macroeconómicos del cambio climático en América Latina y el Caribe: revisión de la literatura, 2010-2021",subregiones,"América Latina y el Caribe, con resultados regionales y desagregación para el Caribe, Centroamérica y México, y América del Sur; algunos estudios cubren países específicos de la región.",alc:América Latina y el Caribe | centroamerica:Centroamérica | caribe:Caribe,False,,,pendiente
https://hdl.handle.net/11362/48524,"Impactos macroeconómicos del cambio climático en América Latina y el Caribe: revisión de la literatura, 2010-2021",sectores,"Macroeconomía, PIB y crecimiento; salud; oferta y productividad laboral; agricultura; turismo; desastres hidrometeorológicos, ciclones y desbordes de ríos.",agricultura:Agricultura | salud:Salud | empleo:Empleo,False,,,pendiente
https://hdl.handle.net/11362/48524,"Impactos macroeconómicos del cambio climático en América Latina y el Caribe: revisión de la literatura, 2010-2021",organizaciones,"Literatura y modelos globales; IPCC, Climate Analytics/Climate Impact Explorer, NGFS, Swiss Re Institute, IMF y estudios para Estados Unidos, India, África Subsahariana y otros países.",ipcc:IPCC,False,,,pendiente
https://hdl.handle.net/11362/48541,Enfoques y prácticas de gobernanza en América Latina y el Caribe para el cambio transformativo a favor de la biodiversidad,autoria,"Georgina Catacora-Vargas, Marcia Tambutti, Víctor Alvarado y Aleksandar Rankovic",Georgina Catacora-Vargas | Marcia Tambutti | Víctor Alvarado | Aleksandar Rankovic,False,,,pendiente
https://hdl.handle.net/11362/48541,Enfoques y prácticas de gobernanza en América Latina y el Caribe para el cambio transformativo a favor de la biodiversidad,tipo_documento,Documento de proyecto / estudio técnico,estudio_tecnico:Estudio técnico,False,,,pendiente
https://hdl.handle.net/11362/48541,Enfoques y prácticas de gobernanza en América Latina y el Caribe para el cambio transformativo a favor de la biodiversidad,ambito_aplicacion,"América Latina y el Caribe; diez experiencias en Brasil, Chile, Colombia, Costa Rica, Ecuador, Guatemala, México y Perú",regional:Regional | subregional:Subregional,True,,,pendiente
https://hdl.handle.net/11362/48541,Enfoques y prácticas de gobernanza en América Latina y el Caribe para el cambio transformativo a favor de la biodiversidad,paises,"América Latina y el Caribe; diez experiencias en Brasil, Chile, Colombia, Costa Rica, Ecuador, Guatemala, México y Perú",brasil:Brasil | chile:Chile | colombia:Colombia | costa_rica:Costa Rica | ecuador:Ecuador | guatemala:Guatemala | mexico:México | peru:Perú,False,,,pendiente
https://hdl.handle.net/11362/48541,Enfoques y prácticas de gobernanza en América Latina y el Caribe para el cambio transformativo a favor de la biodiversidad,subregiones,"América Latina y el Caribe; diez experiencias en Brasil, Chile, Colombia, Costa Rica, Ecuador, Guatemala, México y Perú",alc:América Latina y el Caribe | caribe:Caribe,False,,,pendiente
https://hdl.handle.net/11362/48541,Enfoques y prácticas de gobernanza en América Latina y el Caribe para el cambio transformativo a favor de la biodiversidad,sectores,"Agricultura, pesca, forestería, turismo, manufactura, infraestructura y sector financiero; ecosistemas terrestres, marinos y cuencas",agricultura:Agricultura | industria:Industria | ecosistemas:Ecosistemas y biodiversidad,False,,,pendiente
https://hdl.handle.net/11362/48541,Enfoques y prácticas de gobernanza en América Latina y el Caribe para el cambio transformativo a favor de la biodiversidad,organizaciones,"IPBES, Convenio sobre la Diversidad Biológica, Protocolo de Nagoya, Marco Mundial de la Biodiversidad posterior a 2020 y Agenda 2030",,True,,,pendiente
https://hdl.handle.net/11362/48543,"Experiencias de integración de la biodiversidad en los sectores productivos, económicos y financieros de América Latina y el Caribe",autoria,Víctor Alvarado; Marcia Tambutti; Aleksandar Rankovic,Víctor Alvarado | Marcia Tambutti | Aleksandar Rankovic,False,,,pendiente
https://hdl.handle.net/11362/48543,"Experiencias de integración de la biodiversidad en los sectores productivos, económicos y financieros de América Latina y el Caribe",tipo_documento,Documento de proyecto,estudio_tecnico:Estudio técnico,False,,,pendiente
https://hdl.handle.net/11362/48543,"Experiencias de integración de la biodiversidad en los sectores productivos, económicos y financieros de América Latina y el Caribe",ambito_aplicacion,América Latina y el Caribe; diez iniciativas en siete países de la región,regional:Regional | subregional:Subregional | subnacional:Subnacional,True,,,pendiente
https://hdl.handle.net/11362/48543,"Experiencias de integración de la biodiversidad en los sectores productivos, económicos y financieros de América Latina y el Caribe",paises,América Latina y el Caribe; diez iniciativas en siete países de la región,,True,,,pendiente
https://hdl.handle.net/11362/48543,"Experiencias de integración de la biodiversidad en los sectores productivos, económicos y financieros de América Latina y el Caribe",subregiones,América Latina y el Caribe; diez iniciativas en siete países de la región,alc:América Latina y el Caribe | caribe:Caribe,False,,,pendiente
https://hdl.handle.net/11362/48543,"Experiencias de integración de la biodiversidad en los sectores productivos, económicos y financieros de América Latina y el Caribe",sectores,"Agricultura, pesca, sector forestal, finanzas, manufactura, infraestructura, turismo, gobiernos subnacionales y ciudades",agricultura:Agricultura | ciudades_vivienda:Ciudades y vivienda | industria:Industria | finanzas:Finanzas y financiamiento | ecosistemas:Ecosistemas y biodiversidad,False,,,pendiente
https://hdl.handle.net/11362/48543,"Experiencias de integración de la biodiversidad en los sectores productivos, económicos y financieros de América Latina y el Caribe",organizaciones,"Convenio sobre la Diversidad Biológica, Marco Mundial de Biodiversidad posterior a 2020, Agenda 2030, IPBES, IPCC y cooperación internacional",ipcc:IPCC,False,,,pendiente
https://hdl.handle.net/11362/48555,Potential trade implications of Latin America and the Caribbean’s climate commitments under the Paris Agreement,autoria,Jon Saalfield,Jon Saalfield,False,,,pendiente
https://hdl.handle.net/11362/48555,Potential trade implications of Latin America and the Caribbean’s climate commitments under the Paris Agreement,tipo_documento,Estudio técnico,estudio_tecnico:Estudio técnico,False,,,pendiente
https://hdl.handle.net/11362/48555,Potential trade implications of Latin America and the Caribbean’s climate commitments under the Paris Agreement,ambito_aplicacion,"América Latina y el Caribe, con desagregación entre América Latina y el Caribe y análisis por sectores exportadores y países de la región",regional:Regional | subregional:Subregional | subnacional:Subnacional,True,,,pendiente
https://hdl.handle.net/11362/48555,Potential trade implications of Latin America and the Caribbean’s climate commitments under the Paris Agreement,paises,"América Latina y el Caribe, con desagregación entre América Latina y el Caribe y análisis por sectores exportadores y países de la región",,True,,,pendiente
https://hdl.handle.net/11362/48555,Potential trade implications of Latin America and the Caribbean’s climate commitments under the Paris Agreement,subregiones,"América Latina y el Caribe, con desagregación entre América Latina y el Caribe y análisis por sectores exportadores y países de la región",alc:América Latina y el Caribe | caribe:Caribe,False,,,pendiente
https://hdl.handle.net/11362/48555,Potential trade implications of Latin America and the Caribbean’s climate commitments under the Paris Agreement,sectores,"Comercio exterior, energía renovable, bienes de capital, combustibles, agricultura, ganadería, silvicultura, industrias extractivas, pesca, manufactura y turismo",agricultura:Agricultura | energia:Energía | industria:Industria | comercio:Comercio,False,,,pendiente
https://hdl.handle.net/11362/48555,Potential trade implications of Latin America and the Caribbean’s climate commitments under the Paris Agreement,organizaciones,"Acuerdo de París; UNFCCC; economías avanzadas, especialmente Estados Unidos, Europa y Asia Oriental, como origen de bienes de capital, tecnología e inversión; China como economía emergente comparada",,True,,,pendiente
https://hdl.handle.net/11362/48611,Diagnóstico situacional de los sistemas nacionales de inversión pública: Nicaragua 2020,autoria,Nancy Zapata y María del Carmen Tejada,Nancy Zapata | María del Carmen Tejada,False,,,pendiente
https://hdl.handle.net/11362/48611,Diagnóstico situacional de los sistemas nacionales de inversión pública: Nicaragua 2020,tipo_documento,Documento de proyecto o estudio técnico,estudio_tecnico:Estudio técnico,False,,,pendiente
https://hdl.handle.net/11362/48611,Diagnóstico situacional de los sistemas nacionales de inversión pública: Nicaragua 2020,ambito_aplicacion,"Nicaragua, con atención al SNIP y a los sectores de agua y saneamiento rural y salud pública.",subnacional:Subnacional,True,,,pendiente
https://hdl.handle.net/11362/48611,Diagnóstico situacional de los sistemas nacionales de inversión pública: Nicaragua 2020,paises,"Nicaragua, con atención al SNIP y a los sectores de agua y saneamiento rural y salud pública.",nicaragua:Nicaragua,False,,,pendiente
https://hdl.handle.net/11362/48611,Diagnóstico situacional de los sistemas nacionales de inversión pública: Nicaragua 2020,subregiones,"Nicaragua, con atención al SNIP y a los sectores de agua y saneamiento rural y salud pública.",,True,,,pendiente
https://hdl.handle.net/11362/48611,Diagnóstico situacional de los sistemas nacionales de inversión pública: Nicaragua 2020,sectores,"Inversión pública, planificación, salud, agua y saneamiento, información territorial y gestión del riesgo.",agua:Agua y recursos hídricos | salud:Salud | finanzas:Finanzas y financiamiento,False,,,pendiente
https://hdl.handle.net/11362/48611,Diagnóstico situacional de los sistemas nacionales de inversión pública: Nicaragua 2020,organizaciones,"COSEFIN/SICA, CEPAL, COSUDE y marcos internacionales de desarrollo sostenible y reducción del riesgo.",cepal:CEPAL,False,,,pendiente
https://hdl.handle.net/11362/48736,Diagnóstico situacional de los sistemas nacionales de inversión pública: Honduras 2020,autoria,N. Zapata y M. C. Tejada,N. Zapata | M. C. Tejada,False,,,pendiente
https://hdl.handle.net/11362/48736,Diagnóstico situacional de los sistemas nacionales de inversión pública: Honduras 2020,tipo_documento,Documento técnico,,True,,,pendiente
https://hdl.handle.net/11362/48736,Diagnóstico situacional de los sistemas nacionales de inversión pública: Honduras 2020,ambito_aplicacion,"Honduras, con foco en el Sistema Nacional de Inversión Pública de Honduras (SNIPH).",,False,,,pendiente
https://hdl.handle.net/11362/48736,Diagnóstico situacional de los sistemas nacionales de inversión pública: Honduras 2020,paises,"Honduras, con foco en el Sistema Nacional de Inversión Pública de Honduras (SNIPH).",honduras:Honduras,False,,,pendiente
https://hdl.handle.net/11362/48736,Diagnóstico situacional de los sistemas nacionales de inversión pública: Honduras 2020,subregiones,"Honduras, con foco en el Sistema Nacional de Inversión Pública de Honduras (SNIPH).",,True,,,pendiente
https://hdl.handle.net/11362/48736,Diagnóstico situacional de los sistemas nacionales de inversión pública: Honduras 2020,sectores,"Inversión pública; agricultura, salud, educación, infraestructura vial, agua, bosques, información y formación de capacidades.",agricultura:Agricultura | agua:Agua y recursos hídricos | transporte:Transporte | salud:Salud | finanzas:Finanzas y financiamiento | ecosistemas:Ecosistemas y biodiversidad,False,,,pendiente
https://hdl.handle.net/11362/48736,Diagnóstico situacional de los sistemas nacionales de inversión pública: Honduras 2020,organizaciones,"SICA/COSEFIN, CEPREDENAC, organismos de cooperación y estándares multilaterales citados como apoyo técnico y financiero.",,True,,,pendiente
https://hdl.handle.net/11362/48823,América Latina y el Caribe en la mitad del camino hacia 2030: avances y propuestas de aceleración,autoria,Comisión Económica para América Latina y el Caribe (CEPAL),Comisión Económica para América Latina | el Caribe (CEPAL),False,,,pendiente
https://hdl.handle.net/11362/48823,América Latina y el Caribe en la mitad del camino hacia 2030: avances y propuestas de aceleración,tipo_documento,Informe institucional insignia,informe:Informe,False,,,pendiente
https://hdl.handle.net/11362/48823,América Latina y el Caribe en la mitad del camino hacia 2030: avances y propuestas de aceleración,ambito_aplicacion,"América Latina y el Caribe; análisis regional, subregional, nacional y subnacional",regional:Regional | subregional:Subregional | subnacional:Subnacional | multinivel:Multinivel,True,,,pendiente
https://hdl.handle.net/11362/48823,América Latina y el Caribe en la mitad del camino hacia 2030: avances y propuestas de aceleración,paises,"América Latina y el Caribe; análisis regional, subregional, nacional y subnacional",,True,,,pendiente
https://hdl.handle.net/11362/48823,América Latina y el Caribe en la mitad del camino hacia 2030: avances y propuestas de aceleración,subregiones,"América Latina y el Caribe; análisis regional, subregional, nacional y subnacional",alc:América Latina y el Caribe | caribe:Caribe,False,,,pendiente
https://hdl.handle.net/11362/48823,América Latina y el Caribe en la mitad del camino hacia 2030: avances y propuestas de aceleración,sectores,"Agua y saneamiento; energía; industria, infraestructura e innovación; ciudades; alianzas, financiamiento, datos, cuidados, turismo, bioeconomía, digitalización e integración regional",agua:Agua y recursos hídricos | energia:Energía | ciudades_vivienda:Ciudades y vivienda | industria:Industria | finanzas:Finanzas y financiamiento,False,,,pendiente
https://hdl.handle.net/11362/48823,América Latina y el Caribe en la mitad del camino hacia 2030: avances y propuestas de aceleración,organizaciones,"Sistema de las Naciones Unidas, Agenda 2030, Acuerdo de París, países y regiones utilizados como referencias comparativas, y organismos de cooperación internacional",naciones_unidas:Naciones Unidas,False,,,pendiente
https://hdl.handle.net/11362/48880,Costos asociados a la inacción frente al cambio climático en Chile: síntesis,autoria,"Óscar Melo, Joseluis Samaniego, Jimy Ferrer Carbonell, Maritza Jadrijevic y Sandra Briceño (coordinadores)",Óscar Melo | Joseluis Samaniego | Jimy Ferrer Carbonell | Maritza Jadrijevic | Sandra Briceño (coordinadores),False,,,pendiente
https://hdl.handle.net/11362/48880,Costos asociados a la inacción frente al cambio climático en Chile: síntesis,tipo_documento,Documento de proyecto / síntesis de estudios técnicos,estudio_tecnico:Estudio técnico,False,,,pendiente
https://hdl.handle.net/11362/48880,Costos asociados a la inacción frente al cambio climático en Chile: síntesis,ambito_aplicacion,"Chile, con desagregación por regiones, macrozonas, comunas, caletas, ecosistemas y sectores económicos; el análisis cubre ocho sectores: agricultura, agua potable, biodiversidad y turismo, energía, minería, pesca y acuicultura, puertos y playas, y salud.",,False,,,pendiente
https://hdl.handle.net/11362/48880,Costos asociados a la inacción frente al cambio climático en Chile: síntesis,paises,"Chile, con desagregación por regiones, macrozonas, comunas, caletas, ecosistemas y sectores económicos; el análisis cubre ocho sectores: agricultura, agua potable, biodiversidad y turismo, energía, minería, pesca y acuicultura, puertos y playas, y salud.",chile:Chile,False,,,pendiente
https://hdl.handle.net/11362/48880,Costos asociados a la inacción frente al cambio climático en Chile: síntesis,subregiones,"Chile, con desagregación por regiones, macrozonas, comunas, caletas, ecosistemas y sectores económicos; el análisis cubre ocho sectores: agricultura, agua potable, biodiversidad y turismo, energía, minería, pesca y acuicultura, puertos y playas, y salud.",,True,,,pendiente
https://hdl.handle.net/11362/48880,Costos asociados a la inacción frente al cambio climático en Chile: síntesis,sectores,"Impactos físicos y costos económicos de la inacción en ocho sectores, incluyendo empleo, producción, servicios ecosistémicos, salud, oferta y demanda de agua, energía, transporte marítimo y actividades pesqueras.",agua:Agua y recursos hídricos | energia:Energía | transporte:Transporte | salud:Salud | empleo:Empleo,False,,,pendiente
https://hdl.handle.net/11362/48880,Costos asociados a la inacción frente al cambio climático en Chile: síntesis,organizaciones,"CEPAL (2012), ARCLIM, CR2, Centro de Cambio Global UC, DGA, MMA, IPCC y literatura internacional de valoración económica y modelación climática; el escenario climático central es RCP 8.5.",cepal:CEPAL | ipcc:IPCC,False,,,pendiente
https://hdl.handle.net/11362/48901,Estudo comparativo sobre normas e critérios de patenteabilidade de invenções biotecnológicas. Sumário executivo,autoria,Ana Claudia Dias de Oliveira,Ana Claudia Dias de Oliveira,False,,,pendiente
https://hdl.handle.net/11362/48901,Estudo comparativo sobre normas e critérios de patenteabilidade de invenções biotecnológicas. Sumário executivo,tipo_documento,Documento de proyecto — sumário executivo,estudio_tecnico:Estudio técnico,False,,,pendiente
https://hdl.handle.net/11362/48901,Estudo comparativo sobre normas e critérios de patenteabilidade de invenções biotecnológicas. Sumário executivo,ambito_aplicacion,"Brasil como foco de la encuesta y comparación con 42 países u oficinas regionales, incluidos países de América Latina y el Caribe, otros países megabiodiversos y oficinas de referencia.",regional:Regional | subregional:Subregional,True,,,pendiente
https://hdl.handle.net/11362/48901,Estudo comparativo sobre normas e critérios de patenteabilidade de invenções biotecnológicas. Sumário executivo,paises,"Brasil como foco de la encuesta y comparación con 42 países u oficinas regionales, incluidos países de América Latina y el Caribe, otros países megabiodiversos y oficinas de referencia.",brasil:Brasil,False,,,pendiente
https://hdl.handle.net/11362/48901,Estudo comparativo sobre normas e critérios de patenteabilidade de invenções biotecnológicas. Sumário executivo,subregiones,"Brasil como foco de la encuesta y comparación con 42 países u oficinas regionales, incluidos países de América Latina y el Caribe, otros países megabiodiversos y oficinas de referencia.",alc:América Latina y el Caribe | caribe:Caribe,False,,,pendiente
https://hdl.handle.net/11362/48901,Estudo comparativo sobre normas e critérios de patenteabilidade de invenções biotecnológicas. Sumário executivo,sectores,"Patentes e innovación en biotecnología, con conexiones a salud, agricultura, medio ambiente, alimentos, medicamentos, biodiversidad, patrimonio genético y conocimiento tradicional asociado.",agricultura:Agricultura | salud:Salud | ecosistemas:Ecosistemas y biodiversidad,False,,,pendiente
https://hdl.handle.net/11362/48901,Estudo comparativo sobre normas e critérios de patenteabilidade de invenções biotecnológicas. Sumário executivo,organizaciones,"OMPI, Convenio de París, PCT, Acuerdo TRIPS, Convenio sobre Diversidad Biológica, Protocolo de Nagoya, Tratado de Budapest, Unión Europea, Estados Unidos y países seleccionados para contraste normativo.",,True,,,pendiente
https://hdl.handle.net/11362/48958,Advancing geospatial information management for disaster risk management in the Caribbean,autoria,"Artie Dubrie, Elizabeth Emanuel, Jacob Opadeyi y Valrie Grant",Artie Dubrie | Elizabeth Emanuel | Jacob Opadeyi | Valrie Grant,False,,,pendiente
https://hdl.handle.net/11362/48958,Advancing geospatial information management for disaster risk management in the Caribbean,tipo_documento,Estudio técnico,estudio_tecnico:Estudio técnico,False,,,pendiente
https://hdl.handle.net/11362/48958,Advancing geospatial information management for disaster risk management in the Caribbean,ambito_aplicacion,"Caribe, con evidencia de encuestas en diez países: Bahamas, Barbados, Islas Vírgenes Británicas, Granada, Guyana, Jamaica, Saint Kitts y Nevis, Trinidad y Tobago, Sint Maarten y Turks and Caicos Islands; también considera la escala subregional CARICOM/CDEMA.",subregional:Subregional,True,,,pendiente
https://hdl.handle.net/11362/48958,Advancing geospatial information management for disaster risk management in the Caribbean,paises,"Caribe, con evidencia de encuestas en diez países: Bahamas, Barbados, Islas Vírgenes Británicas, Granada, Guyana, Jamaica, Saint Kitts y Nevis, Trinidad y Tobago, Sint Maarten y Turks and Caicos Islands; también considera la escala subregional CARICOM/CDEMA.",bahamas:Bahamas | barbados:Barbados | granada:Granada | guyana:Guyana | jamaica:Jamaica | san_cristobal_nieves:Saint Kitts y Nevis,False,,,pendiente
https://hdl.handle.net/11362/48958,Advancing geospatial information management for disaster risk management in the Caribbean,subregiones,"Caribe, con evidencia de encuestas en diez países: Bahamas, Barbados, Islas Vírgenes Británicas, Granada, Guyana, Jamaica, Saint Kitts y Nevis, Trinidad y Tobago, Sint Maarten y Turks and Caicos Islands; también considera la escala subregional CARICOM/CDEMA.",caribe:Caribe,False,,,pendiente
https://hdl.handle.net/11362/48958,Advancing geospatial information management for disaster risk management in the Caribbean,sectores,"Gestión del riesgo de desastres, información geoespacial, infraestructura de datos espaciales, políticas y estándares, capacidades técnicas, educación, seguros paramétricos y alianzas público-privadas.",,True,,,pendiente
https://hdl.handle.net/11362/48958,Advancing geospatial information management for disaster risk management in the Caribbean,organizaciones,"UN-GGIM, Sendai, OCHA, UNDAC, UNOSAT, UN-SPIDER, GDACS, GFDRR, Banco Mundial, Comisión Europea, NOAA y acuerdos/agencias del sistema de Naciones Unidas.",naciones_unidas:Naciones Unidas | banco_mundial:Banco Mundial,False,,,pendiente
https://hdl.handle.net/11362/49053,Estándares y certificaciones internacionales voluntarias en materia de minería sostenible en los países andinos,autoria,Annie Dufey y Pinhas Zamorano,Annie Dufey | Pinhas Zamorano,False,,,pendiente
https://hdl.handle.net/11362/49053,Estándares y certificaciones internacionales voluntarias en materia de minería sostenible en los países andinos,tipo_documento,Documento técnico de la serie Medio Ambiente y Desarrollo,,True,,,pendiente
https://hdl.handle.net/11362/49053,Estándares y certificaciones internacionales voluntarias en materia de minería sostenible en los países andinos,ambito_aplicacion,"Bolivia, Chile, Colombia, Ecuador y Perú; con análisis regional de los países andinos",regional:Regional,True,,,pendiente
https://hdl.handle.net/11362/49053,Estándares y certificaciones internacionales voluntarias en materia de minería sostenible en los países andinos,paises,"Bolivia, Chile, Colombia, Ecuador y Perú; con análisis regional de los países andinos",bolivia:Bolivia (Estado Plurinacional de) | chile:Chile | colombia:Colombia | ecuador:Ecuador | peru:Perú,False,,,pendiente
https://hdl.handle.net/11362/49053,Estándares y certificaciones internacionales voluntarias en materia de minería sostenible en los países andinos,subregiones,"Bolivia, Chile, Colombia, Ecuador y Perú; con análisis regional de los países andinos",,True,,,pendiente
https://hdl.handle.net/11362/49053,Estándares y certificaciones internacionales voluntarias en materia de minería sostenible en los países andinos,sectores,"Minería metálica, operaciones de extracción, fundición y refinación, cadenas de suministro y tecnologías proveedoras para sostenibilidad",,True,,,pendiente
https://hdl.handle.net/11362/49053,Estándares y certificaciones internacionales voluntarias en materia de minería sostenible en los países andinos,organizaciones,"ICMM, The Copper Mark, IRMA, TSM, LMEpassport y la propuesta de Directiva de debida diligencia de la Unión Europea; GRI, ISO 14001, ISO 45001 y Protocolo GEI como marcos de referencia",,True,,,pendiente
https://hdl.handle.net/11362/67979,Los efectos del cambio climático en la actividad económica de América Latina y el Caribe: una perspectiva empírica,autoria,Rafael Van der Borght; Joseluis Samaniego; Luis Miguel Galindo; José Eduardo Alatorre,Rafael Van der Borght | Joseluis Samaniego | Luis Miguel Galindo | José Eduardo Alatorre,False,,,pendiente
https://hdl.handle.net/11362/67979,Los efectos del cambio climático en la actividad económica de América Latina y el Caribe: una perspectiva empírica,tipo_documento,Documento de proyecto / estudio técnico,estudio_tecnico:Estudio técnico,False,,,pendiente
https://hdl.handle.net/11362/67979,Los efectos del cambio climático en la actividad económica de América Latina y el Caribe: una perspectiva empírica,ambito_aplicacion,América Latina y el Caribe; 33 países de la región y 1.031 ciudades,regional:Regional | subregional:Subregional | subnacional:Subnacional,True,,,pendiente
https://hdl.handle.net/11362/67979,Los efectos del cambio climático en la actividad económica de América Latina y el Caribe: una perspectiva empírica,paises,América Latina y el Caribe; 33 países de la región y 1.031 ciudades,,True,,,pendiente
https://hdl.handle.net/11362/67979,Los efectos del cambio climático en la actividad económica de América Latina y el Caribe: una perspectiva empírica,subregiones,América Latina y el Caribe; 33 países de la región y 1.031 ciudades,alc:América Latina y el Caribe | caribe:Caribe,False,,,pendiente
https://hdl.handle.net/11362/67979,Los efectos del cambio climático en la actividad económica de América Latina y el Caribe: una perspectiva empírica,sectores,"Actividad económica agregada, PIB per cápita, sistema productivo urbano, sectores agrícola, industrial y de servicios",agricultura:Agricultura | ciudades_vivienda:Ciudades y vivienda | industria:Industria,False,,,pendiente
https://hdl.handle.net/11362/67979,Los efectos del cambio climático en la actividad económica de América Latina y el Caribe: una perspectiva empírica,organizaciones,Nueva Economía Climática; Climate Research Unit (CRU); Banco Mundial/WDI; Copernicus ERA5-Land; CHIRPS; VIIRS; escenarios SSP/CMIP6 e IIASA,banco_mundial:Banco Mundial,False,,,pendiente
https://hdl.handle.net/11362/68644,Modelo conceptual para integrar la reducción del riesgo de desastres y la adaptación sostenible e incluyente al cambio climático en la inversión pública,autoria,Róger Vega Rodríguez y Julie Gail Lennox,Róger Vega Rodríguez | Julie Gail Lennox,False,,,pendiente
https://hdl.handle.net/11362/68644,Modelo conceptual para integrar la reducción del riesgo de desastres y la adaptación sostenible e incluyente al cambio climático en la inversión pública,tipo_documento,Documento de proyecto o estudio técnico,estudio_tecnico:Estudio técnico,False,,,pendiente
https://hdl.handle.net/11362/68644,Modelo conceptual para integrar la reducción del riesgo de desastres y la adaptación sostenible e incluyente al cambio climático en la inversión pública,ambito_aplicacion,"Países miembros del COSEFIN/SICA: Centroamérica, Panamá y República Dominicana",subregional:Subregional,True,,,pendiente
https://hdl.handle.net/11362/68644,Modelo conceptual para integrar la reducción del riesgo de desastres y la adaptación sostenible e incluyente al cambio climático en la inversión pública,paises,"Países miembros del COSEFIN/SICA: Centroamérica, Panamá y República Dominicana",panama:Panamá | republica_dominicana:República Dominicana,False,,,pendiente
https://hdl.handle.net/11362/68644,Modelo conceptual para integrar la reducción del riesgo de desastres y la adaptación sostenible e incluyente al cambio climático en la inversión pública,subregiones,"Países miembros del COSEFIN/SICA: Centroamérica, Panamá y República Dominicana",centroamerica:Centroamérica,False,,,pendiente
https://hdl.handle.net/11362/68644,Modelo conceptual para integrar la reducción del riesgo de desastres y la adaptación sostenible e incluyente al cambio climático en la inversión pública,sectores,"Inversión pública, con prioridad inicial en agua potable y saneamiento e infraestructura vial; también considera energía, transporte, educación y salud",agua:Agua y recursos hídricos | energia:Energía | transporte:Transporte | salud:Salud | finanzas:Finanzas y financiamiento,False,,,pendiente
https://hdl.handle.net/11362/68644,Modelo conceptual para integrar la reducción del riesgo de desastres y la adaptación sostenible e incluyente al cambio climático en la inversión pública,organizaciones,"Marco de Sendai, Acuerdo de París, Agenda 2030, CMNUCC, IPCC, UNDRR, OCDE y Naciones Unidas",ipcc:IPCC | naciones_unidas:Naciones Unidas | ocde:OCDE,False,,,pendiente
https://hdl.handle.net/11362/68648,Análisis de vulnerabilidad agrícola al cambio climático para la región del Sistema de la Integración Centroamericana (SICA),autoria,Jorge Rodríguez Rubí,Jorge Rodríguez Rubí,False,,,pendiente
https://hdl.handle.net/11362/68648,Análisis de vulnerabilidad agrícola al cambio climático para la región del Sistema de la Integración Centroamericana (SICA),tipo_documento,Documento técnico,,True,,,pendiente
https://hdl.handle.net/11362/68648,Análisis de vulnerabilidad agrícola al cambio climático para la región del Sistema de la Integración Centroamericana (SICA),ambito_aplicacion,"Belice, Costa Rica, El Salvador, Guatemala, Honduras, Nicaragua, Panamá y República Dominicana, con análisis municipal y aplicaciones regionales, nacionales y locales.",subnacional:Subnacional,True,,,pendiente
https://hdl.handle.net/11362/68648,Análisis de vulnerabilidad agrícola al cambio climático para la región del Sistema de la Integración Centroamericana (SICA),paises,"Belice, Costa Rica, El Salvador, Guatemala, Honduras, Nicaragua, Panamá y República Dominicana, con análisis municipal y aplicaciones regionales, nacionales y locales.",belice:Belice | costa_rica:Costa Rica | el_salvador:El Salvador | guatemala:Guatemala | honduras:Honduras | nicaragua:Nicaragua | panama:Panamá | republica_dominicana:República Dominicana,False,,,pendiente
https://hdl.handle.net/11362/68648,Análisis de vulnerabilidad agrícola al cambio climático para la región del Sistema de la Integración Centroamericana (SICA),subregiones,"Belice, Costa Rica, El Salvador, Guatemala, Honduras, Nicaragua, Panamá y República Dominicana, con análisis municipal y aplicaciones regionales, nacionales y locales.",,True,,,pendiente
https://hdl.handle.net/11362/68648,Análisis de vulnerabilidad agrícola al cambio climático para la región del Sistema de la Integración Centroamericana (SICA),sectores,"Agricultura, seguridad alimentaria y nutricional; cultivos de maíz, frijol, arroz, café, cacao, plátano, yuca y sorgo.",agricultura:Agricultura,False,,,pendiente
https://hdl.handle.net/11362/68648,Análisis de vulnerabilidad agrícola al cambio climático para la región del Sistema de la Integración Centroamericana (SICA),organizaciones,"IPCC, CMIP6, CMNUCC y fuentes nacionales de información climática, territorial y socioeconómica.",ipcc:IPCC,False,,,pendiente
https://hdl.handle.net/11362/68657,Estudo Econômico da América Latina e do Caribe 2023. O financiamento de uma transição sustentável: investimento para crescer e enfrentar a mudança climática. Resumo executivo,autoria,,,False,,,pendiente
https://hdl.handle.net/11362/68657,Estudo Econômico da América Latina e do Caribe 2023. O financiamento de uma transição sustentável: investimento para crescer e enfrentar a mudança climática. Resumo executivo,tipo_documento,Informe insignia / resumen ejecutivo,informe_insignia_panorama:Informe insignia o Panorama,False,,,pendiente
https://hdl.handle.net/11362/68657,Estudo Econômico da América Latina e do Caribe 2023. O financiamento de uma transição sustentável: investimento para crescer e enfrentar a mudança climática. Resumo executivo,ambito_aplicacion,"América Latina y el Caribe, con referencias a subregiones, países y autoridades económicas y financieras de la región.",regional:Regional | subregional:Subregional | subnacional:Subnacional,True,,,pendiente
https://hdl.handle.net/11362/68657,Estudo Econômico da América Latina e do Caribe 2023. O financiamento de uma transição sustentável: investimento para crescer e enfrentar a mudança climática. Resumo executivo,paises,"América Latina y el Caribe, con referencias a subregiones, países y autoridades económicas y financieras de la región.",,True,,,pendiente
https://hdl.handle.net/11362/68657,Estudo Econômico da América Latina e do Caribe 2023. O financiamento de uma transição sustentável: investimento para crescer e enfrentar a mudança climática. Resumo executivo,subregiones,"América Latina y el Caribe, con referencias a subregiones, países y autoridades económicas y financieras de la región.",alc:América Latina y el Caribe | caribe:Caribe,False,,,pendiente
https://hdl.handle.net/11362/68657,Estudo Econômico da América Latina e do Caribe 2023. O financiamento de uma transição sustentável: investimento para crescer e enfrentar a mudança climática. Resumo executivo,sectores,"Política macroeconómica, fiscal y monetaria; inversión pública; mercados de capitales; banca central y supervisión financiera; agricultura, minería y turismo como actividades expuestas al cambio climático.",agricultura:Agricultura | finanzas:Finanzas y financiamiento,False,,,pendiente
https://hdl.handle.net/11362/68657,Estudo Econômico da América Latina e do Caribe 2023. O financiamento de uma transição sustentável: investimento para crescer e enfrentar a mudança climática. Resumo executivo,organizaciones,"Economías avanzadas y en desarrollo, autoridades monetarias de países desarrollados, FMI, OCDE, Naciones Unidas y arquitectura financiera internacional.",naciones_unidas:Naciones Unidas | ocde:OCDE,False,,,pendiente
https://hdl.handle.net/11362/68686,Información climática disponible y recomendaciones para su uso en la inversión pública en los países del COSEFIN/SICA,autoria,Jaime Olivares; Santa Paola Centeno; Verónica Quiroz; Edwin Castellanos,Jaime Olivares | Santa Paola Centeno | Verónica Quiroz | Edwin Castellanos,False,,,pendiente
https://hdl.handle.net/11362/68686,Información climática disponible y recomendaciones para su uso en la inversión pública en los países del COSEFIN/SICA,tipo_documento,Documento técnico / estudio aplicado del proyecto RIDASICC,,True,,,pendiente
https://hdl.handle.net/11362/68686,Información climática disponible y recomendaciones para su uso en la inversión pública en los países del COSEFIN/SICA,ambito_aplicacion,"Regional: países del COSEFIN/SICA —Costa Rica, El Salvador, Guatemala, Honduras, Nicaragua, Panamá y República Dominicana—, con aplicación en los sistemas nacionales de inversión pública, plataformas SIG, módulos de inversión y proyectos de infraestructura.",regional:Regional,True,,,pendiente
https://hdl.handle.net/11362/68686,Información climática disponible y recomendaciones para su uso en la inversión pública en los países del COSEFIN/SICA,paises,"Regional: países del COSEFIN/SICA —Costa Rica, El Salvador, Guatemala, Honduras, Nicaragua, Panamá y República Dominicana—, con aplicación en los sistemas nacionales de inversión pública, plataformas SIG, módulos de inversión y proyectos de infraestructura.",costa_rica:Costa Rica | el_salvador:El Salvador | guatemala:Guatemala | honduras:Honduras | nicaragua:Nicaragua | panama:Panamá | republica_dominicana:República Dominicana,False,,,pendiente
https://hdl.handle.net/11362/68686,Información climática disponible y recomendaciones para su uso en la inversión pública en los países del COSEFIN/SICA,subregiones,"Regional: países del COSEFIN/SICA —Costa Rica, El Salvador, Guatemala, Honduras, Nicaragua, Panamá y República Dominicana—, con aplicación en los sistemas nacionales de inversión pública, plataformas SIG, módulos de inversión y proyectos de infraestructura.",,True,,,pendiente
https://hdl.handle.net/11362/68686,Información climática disponible y recomendaciones para su uso en la inversión pública en los países del COSEFIN/SICA,sectores,"Información meteorológica, climática y de escenarios para infraestructura pública, con énfasis explícito en infraestructura vial, agua potable y saneamiento; también considera agricultura, energía, salud, ecosistemas, ciudades y reducción del riesgo de desastres.",agricultura:Agricultura | agua:Agua y recursos hídricos | energia:Energía | transporte:Transporte | salud:Salud | ciudades_vivienda:Ciudades y vivienda | ecosistemas:Ecosistemas y biodiversidad,False,,,pendiente
https://hdl.handle.net/11362/68686,Información climática disponible y recomendaciones para su uso en la inversión pública en los países del COSEFIN/SICA,organizaciones,"IPCC, OMM, CEPAL/CAC-SICA, Copernicus/ECMWF, CRU, Worldclim, CHIRPS, CCAFS-Climate, AEMET, Banco Mundial, universidades y servicios meteorológicos nacionales; se examinan instrumentos de México como referencia técnica, sin trasladar su alcance institucional al COSEFIN/SICA.",cepal:CEPAL | ipcc:IPCC | banco_mundial:Banco Mundial,False,,,pendiente
https://hdl.handle.net/11362/68704,Criterios para la integración del cambio climático en la evaluación ambiental de proyectos de inversión,autoria,Equipo de trabajo de la Red Latinoamericana de Sistemas de Evaluación de Impacto Ambiental (REDLASEIA) y la Comisión Económica para América Latina y el Caribe (CEPAL),Equipo de trabajo de la Red Latinoamericana de Sistemas de Evaluación de Impacto Ambiental (REDLASEIA) | la Comisión Económica para América Latina | el Caribe (CEPAL),False,,,pendiente
https://hdl.handle.net/11362/68704,Criterios para la integración del cambio climático en la evaluación ambiental de proyectos de inversión,tipo_documento,Documento técnico / guía metodológica,,True,,,pendiente
https://hdl.handle.net/11362/68704,Criterios para la integración del cambio climático en la evaluación ambiental de proyectos de inversión,ambito_aplicacion,"Proyectos de inversión y sistemas de evaluación de impacto ambiental de Argentina, Brasil, Chile, Colombia, Costa Rica y Perú, en el marco regional de la REDLASEIA; la red también incluye a Ecuador y Uruguay.",regional:Regional,True,,,pendiente
https://hdl.handle.net/11362/68704,Criterios para la integración del cambio climático en la evaluación ambiental de proyectos de inversión,paises,"Proyectos de inversión y sistemas de evaluación de impacto ambiental de Argentina, Brasil, Chile, Colombia, Costa Rica y Perú, en el marco regional de la REDLASEIA; la red también incluye a Ecuador y Uruguay.",argentina:Argentina | brasil:Brasil | chile:Chile | colombia:Colombia | costa_rica:Costa Rica | ecuador:Ecuador | peru:Perú | uruguay:Uruguay,False,,,pendiente
https://hdl.handle.net/11362/68704,Criterios para la integración del cambio climático en la evaluación ambiental de proyectos de inversión,subregiones,"Proyectos de inversión y sistemas de evaluación de impacto ambiental de Argentina, Brasil, Chile, Colombia, Costa Rica y Perú, en el marco regional de la REDLASEIA; la red también incluye a Ecuador y Uruguay.",,True,,,pendiente
https://hdl.handle.net/11362/68704,Criterios para la integración del cambio climático en la evaluación ambiental de proyectos de inversión,sectores,"Evaluación ambiental transversal de proyectos, con atención a emisiones de GEI, recursos hídricos, infraestructura, ecosistemas, energía, transporte, agricultura y cadenas de suministro.",agricultura:Agricultura | agua:Agua y recursos hídricos | energia:Energía | transporte:Transporte | ecosistemas:Ecosistemas y biodiversidad,False,,,pendiente
https://hdl.handle.net/11362/68704,Criterios para la integración del cambio climático en la evaluación ambiental de proyectos de inversión,organizaciones,"Tratados climáticos internacionales y legislación, guías y herramientas de Alemania, Canadá, España, Estados Unidos, Nueva Zelanda, Reino Unido y la Unión Europea.",,True,,,pendiente
https://hdl.handle.net/11362/68712,"The economics of climate change in Latin America and the Caribbean, 2023: financing needs and policy tools for the transition to low-carbon and climate-resilient economies",autoria,"Carlos de Miguel, Santiago Lorenzo, José Javier Gómez, José Eduardo Alatorre, Jimy Ferrer, Lucía Rezza e Ignacio Fernández",Carlos de Miguel | Santiago Lorenzo | José Javier Gómez | José Eduardo Alatorre | Jimy Ferrer | Lucía Rezza | Ignacio Fernández,False,,,pendiente
https://hdl.handle.net/11362/68712,"The economics of climate change in Latin America and the Caribbean, 2023: financing needs and policy tools for the transition to low-carbon and climate-resilient economies",tipo_documento,Documento técnico institucional de la CEPAL,estudio_tecnico:Estudio técnico,False,,,pendiente
https://hdl.handle.net/11362/68712,"The economics of climate change in Latin America and the Caribbean, 2023: financing needs and policy tools for the transition to low-carbon and climate-resilient economies",ambito_aplicacion,"América Latina y el Caribe, con análisis regional y desagregación por países, sectores y subregiones.",regional:Regional | subregional:Subregional,True,,,pendiente
https://hdl.handle.net/11362/68712,"The economics of climate change in Latin America and the Caribbean, 2023: financing needs and policy tools for the transition to low-carbon and climate-resilient economies",paises,"América Latina y el Caribe, con análisis regional y desagregación por países, sectores y subregiones.",,True,,,pendiente
https://hdl.handle.net/11362/68712,"The economics of climate change in Latin America and the Caribbean, 2023: financing needs and policy tools for the transition to low-carbon and climate-resilient economies",subregiones,"América Latina y el Caribe, con análisis regional y desagregación por países, sectores y subregiones.",alc:América Latina y el Caribe | caribe:Caribe,False,,,pendiente
https://hdl.handle.net/11362/68712,"The economics of climate change in Latin America and the Caribbean, 2023: financing needs and policy tools for the transition to low-carbon and climate-resilient economies",sectores,"Energía, transporte público, deforestación y uso de la tierra, infraestructura, biodiversidad, sistemas de alerta temprana, pobreza, financiamiento climático, taxonomías, precios del carbono, evaluación ambiental y democracia ambiental.",energia:Energía | transporte:Transporte | finanzas:Finanzas y financiamiento | ecosistemas:Ecosistemas y biodiversidad | proteccion_social:Protección social,False,,,pendiente
https://hdl.handle.net/11362/68712,"The economics of climate change in Latin America and the Caribbean, 2023: financing needs and policy tools for the transition to low-carbon and climate-resilient economies",organizaciones,"IPCC, NGFS, IEA, WMO, el Acuerdo de París, el Acuerdo de Escazú, países y regiones usados como referencias comparativas y modelos internacionales de costo social del carbono.",ipcc:IPCC,False,,,pendiente
https://hdl.handle.net/11362/68756,Canales de impacto del cambio climático en la infraestructura vial,autoria,Juan Fernando Mendoza Sánchez,Juan Fernando Mendoza Sánchez,False,,,pendiente
https://hdl.handle.net/11362/68756,Canales de impacto del cambio climático en la infraestructura vial,tipo_documento,Documento de proyecto o estudio técnico,estudio_tecnico:Estudio técnico,False,,,pendiente
https://hdl.handle.net/11362/68756,Canales de impacto del cambio climático en la infraestructura vial,ambito_aplicacion,"Países miembros del SICA: Belice, Costa Rica, El Salvador, Guatemala, Honduras, Nicaragua, Panamá y República Dominicana; con énfasis regional centroamericano",regional:Regional,True,,,pendiente
https://hdl.handle.net/11362/68756,Canales de impacto del cambio climático en la infraestructura vial,paises,"Países miembros del SICA: Belice, Costa Rica, El Salvador, Guatemala, Honduras, Nicaragua, Panamá y República Dominicana; con énfasis regional centroamericano",belice:Belice | costa_rica:Costa Rica | el_salvador:El Salvador | guatemala:Guatemala | honduras:Honduras | nicaragua:Nicaragua | panama:Panamá | republica_dominicana:República Dominicana,False,,,pendiente
https://hdl.handle.net/11362/68756,Canales de impacto del cambio climático en la infraestructura vial,subregiones,"Países miembros del SICA: Belice, Costa Rica, El Salvador, Guatemala, Honduras, Nicaragua, Panamá y República Dominicana; con énfasis regional centroamericano",,True,,,pendiente
https://hdl.handle.net/11362/68756,Canales de impacto del cambio climático en la infraestructura vial,sectores,"Infraestructura vial, carreteras, puentes, pavimentos, drenaje, taludes, operación y servicios de transporte",transporte:Transporte,False,,,pendiente
https://hdl.handle.net/11362/68756,Canales de impacto del cambio climático en la infraestructura vial,organizaciones,"IPCC, CEPAL/CAC-SICA, COMITRAN, SIECA, CRRH, FHWA, BID, Banco Asiático de Desarrollo, UNDRR y estudios internacionales de infraestructura vial",cepal:CEPAL | bid:BID | ipcc:IPCC,False,,,pendiente
https://hdl.handle.net/11362/68761,Exposición macroeconómica de los países de América Latina en la transición verde,autoria,José Eduardo Alatorre; Álvaro Lalanne; Martín Lavalleja,José Eduardo Alatorre | Álvaro Lalanne | Martín Lavalleja,False,,,pendiente
https://hdl.handle.net/11362/68761,Exposición macroeconómica de los países de América Latina en la transición verde,tipo_documento,Estudio técnico,estudio_tecnico:Estudio técnico,False,,,pendiente
https://hdl.handle.net/11362/68761,Exposición macroeconómica de los países de América Latina en la transición verde,ambito_aplicacion,América Latina; el análisis cuantitativo utiliza 18 países de la región y presenta resultados comparados para los países latinoamericanos incluidos en las bases disponibles.,subnacional:Subnacional | regional:Regional,True,,,pendiente
https://hdl.handle.net/11362/68761,Exposición macroeconómica de los países de América Latina en la transición verde,paises,América Latina; el análisis cuantitativo utiliza 18 países de la región y presenta resultados comparados para los países latinoamericanos incluidos en las bases disponibles.,,True,,,pendiente
https://hdl.handle.net/11362/68761,Exposición macroeconómica de los países de América Latina en la transición verde,subregiones,América Latina; el análisis cuantitativo utiliza 18 países de la región y presenta resultados comparados para los países latinoamericanos incluidos en las bases disponibles.,,True,,,pendiente
https://hdl.handle.net/11362/68761,Exposición macroeconómica de los países de América Latina en la transición verde,sectores,"Sectores potencialmente declinantes intensivos en emisiones, exportaciones, ingresos fiscales, empleo y cadenas de valor; transición energética, electromovilidad, deforestación, diversificación productiva y tecnologías verdes.",energia:Energía | comercio:Comercio | empleo:Empleo,False,,,pendiente
https://hdl.handle.net/11362/68761,Exposición macroeconómica de los países de América Latina en la transición verde,organizaciones,"CEPAL, EORA 26, PRIMAP, OIT-ILOSTAT, CEPALSTAT, OCDE, el Acuerdo de París y la metodología de Espagne et al. (2023); el modelo centro-periferia se usa como marco analítico.",cepal:CEPAL | ocde:OCDE,False,,,pendiente
https://hdl.handle.net/11362/68770,Modelo econométrico estructural de emisiones de gases de efecto invernadero y cambio climático para América Latina y el Caribe,autoria,Luis Miguel Galindo; José Eduardo Alatorre; Jimy Ferrer,Luis Miguel Galindo | José Eduardo Alatorre | Jimy Ferrer,False,,,pendiente
https://hdl.handle.net/11362/68770,Modelo econométrico estructural de emisiones de gases de efecto invernadero y cambio climático para América Latina y el Caribe,tipo_documento,Documento de proyecto / estudio técnico econométrico,estudio_tecnico:Estudio técnico,False,,,pendiente
https://hdl.handle.net/11362/68770,Modelo econométrico estructural de emisiones de gases de efecto invernadero y cambio climático para América Latina y el Caribe,ambito_aplicacion,América Latina y el Caribe como región; el modelo trabaja con magnitudes agregadas regionales.,regional:Regional | subregional:Subregional | subnacional:Subnacional,True,,,pendiente
https://hdl.handle.net/11362/68770,Modelo econométrico estructural de emisiones de gases de efecto invernadero y cambio climático para América Latina y el Caribe,paises,América Latina y el Caribe como región; el modelo trabaja con magnitudes agregadas regionales.,,True,,,pendiente
https://hdl.handle.net/11362/68770,Modelo econométrico estructural de emisiones de gases de efecto invernadero y cambio climático para América Latina y el Caribe,subregiones,América Latina y el Caribe como región; el modelo trabaja con magnitudes agregadas regionales.,alc:América Latina y el Caribe | caribe:Caribe,False,,,pendiente
https://hdl.handle.net/11362/68770,Modelo econométrico estructural de emisiones de gases de efecto invernadero y cambio climático para América Latina y el Caribe,sectores,"Macroeconomía, producto, inversión, empleo, pobreza, distribución del ingreso, energía, emisiones, transporte, agricultura, industria, residuos, uso del suelo e infraestructura.",agricultura:Agricultura | energia:Energía | transporte:Transporte | industria:Industria | finanzas:Finanzas y financiamiento | empleo:Empleo | proteccion_social:Protección social,False,,,pendiente
https://hdl.handle.net/11362/68770,Modelo econométrico estructural de emisiones de gases de efecto invernadero y cambio climático para América Latina y el Caribe,organizaciones,"Acuerdo de París, IPCC, NGFS, literatura de economía climática y fuentes estadísticas del Banco Mundial, CEPAL, OLADE e IEA.",cepal:CEPAL | ipcc:IPCC | banco_mundial:Banco Mundial,False,,,pendiente
https://hdl.handle.net/11362/68796,Geospatial information management to support sustainable development in Caribbean small island developing States. Policy Brief,autoria,,,False,,,pendiente
https://hdl.handle.net/11362/68796,Geospatial information management to support sustainable development in Caribbean small island developing States. Policy Brief,tipo_documento,Policy Brief,policy_brief:Policy brief,False,,,pendiente
https://hdl.handle.net/11362/68796,Geospatial information management to support sustainable development in Caribbean small island developing States. Policy Brief,ambito_aplicacion,"Caribbean small island developing States y la subregión del Caribe, con referencias a países participantes como Barbados, Bahamas, Guyana, Suriname, República Dominicana y Saint Lucia.",subregional:Subregional,True,,,pendiente
https://hdl.handle.net/11362/68796,Geospatial information management to support sustainable development in Caribbean small island developing States. Policy Brief,paises,"Caribbean small island developing States y la subregión del Caribe, con referencias a países participantes como Barbados, Bahamas, Guyana, Suriname, República Dominicana y Saint Lucia.",bahamas:Bahamas | barbados:Barbados | guyana:Guyana | republica_dominicana:República Dominicana | santa_lucia:Santa Lucía | suriname:Suriname,False,,,pendiente
https://hdl.handle.net/11362/68796,Geospatial information management to support sustainable development in Caribbean small island developing States. Policy Brief,subregiones,"Caribbean small island developing States y la subregión del Caribe, con referencias a países participantes como Barbados, Bahamas, Guyana, Suriname, República Dominicana y Saint Lucia.",caribe:Caribe,False,,,pendiente
https://hdl.handle.net/11362/68796,Geospatial information management to support sustainable development in Caribbean small island developing States. Policy Brief,sectores,"Información geoespacial, sistemas GIS, estadísticas, gestión ambiental, cambio climático, gestión del riesgo de desastres, infraestructura, planificación costera, salud, transporte, seguridad alimentaria y formación de capacidades.",transporte:Transporte | salud:Salud,False,,,pendiente
https://hdl.handle.net/11362/68796,Geospatial information management to support sustainable development in Caribbean small island developing States. Policy Brief,organizaciones,"UN-GGIM, UN-GGIM: Americas, UN-IGIF, 2030 Agenda, Paris Agreement, Sendai Framework, SDG Data Alliance y experiencias de Estados Unidos y Bahamas.",,True,,,pendiente
https://hdl.handle.net/11362/68797,Progress in implementation of the Samoa Pathway: Caribbean regional synthesis report,autoria,Laverne Walker; Sylvester Clauzel,Laverne Walker | Sylvester Clauzel,False,,,pendiente
https://hdl.handle.net/11362/68797,Progress in implementation of the Samoa Pathway: Caribbean regional synthesis report,tipo_documento,Documento de proyecto o estudio técnico,estudio_tecnico:Estudio técnico,False,,,pendiente
https://hdl.handle.net/11362/68797,Progress in implementation of the Samoa Pathway: Caribbean regional synthesis report,ambito_aplicacion,"Los 29 pequeños Estados insulares y Estados bajos del Caribe, incluidos los países y territorios insulares, Guyana, Suriname y Belize.",subregional:Subregional,True,,,pendiente
https://hdl.handle.net/11362/68797,Progress in implementation of the Samoa Pathway: Caribbean regional synthesis report,paises,"Los 29 pequeños Estados insulares y Estados bajos del Caribe, incluidos los países y territorios insulares, Guyana, Suriname y Belize.",belice:Belice | guyana:Guyana | suriname:Suriname,False,,,pendiente
https://hdl.handle.net/11362/68797,Progress in implementation of the Samoa Pathway: Caribbean regional synthesis report,subregiones,"Los 29 pequeños Estados insulares y Estados bajos del Caribe, incluidos los países y territorios insulares, Guyana, Suriname y Belize.",caribe:Caribe,False,,,pendiente
https://hdl.handle.net/11362/68797,Progress in implementation of the Samoa Pathway: Caribbean regional synthesis report,sectores,"Desarrollo sostenible de los PEID: crecimiento, turismo, consumo y producción, educación, clima, energía, desastres, océanos, biodiversidad, salud, protección social, alianzas, financiamiento, tecnología y datos.",energia:Energía | salud:Salud | finanzas:Finanzas y financiamiento | ecosistemas:Ecosistemas y biodiversidad | proteccion_social:Protección social,False,,,pendiente
https://hdl.handle.net/11362/68797,Progress in implementation of the Samoa Pathway: Caribbean regional synthesis report,organizaciones,"Samoa Pathway, Barbados Programme of Action, Mauritius Strategy, Agenda 2030, Sendai Framework, Acuerdo de París, organismos de las Naciones Unidas y socios regionales.",naciones_unidas:Naciones Unidas,False,,,pendiente
https://hdl.handle.net/11362/68818,Caribbean Outlook: Considering a Caribbean emissions trading scheme. Policy Brief,autoria,,,False,,,pendiente
https://hdl.handle.net/11362/68818,Caribbean Outlook: Considering a Caribbean emissions trading scheme. Policy Brief,tipo_documento,Policy Brief,policy_brief:Policy brief,False,,,pendiente
https://hdl.handle.net/11362/68818,Caribbean Outlook: Considering a Caribbean emissions trading scheme. Policy Brief,ambito_aplicacion,"Los Estados miembros de CARICOM y la subregión del Caribe, con énfasis en un ETS regional y su posible implementación en cada país participante.",subregional:Subregional | nacional:Nacional | regional:Regional,True,,,pendiente
https://hdl.handle.net/11362/68818,Caribbean Outlook: Considering a Caribbean emissions trading scheme. Policy Brief,paises,"Los Estados miembros de CARICOM y la subregión del Caribe, con énfasis en un ETS regional y su posible implementación en cada país participante.",,True,,,pendiente
https://hdl.handle.net/11362/68818,Caribbean Outlook: Considering a Caribbean emissions trading scheme. Policy Brief,subregiones,"Los Estados miembros de CARICOM y la subregión del Caribe, con énfasis en un ETS regional y su posible implementación en cada país participante.",caribe:Caribe,False,,,pendiente
https://hdl.handle.net/11362/68818,Caribbean Outlook: Considering a Caribbean emissions trading scheme. Policy Brief,sectores,"Diseño y regulación de un sistema de comercio de emisiones para electricidad, transporte, producción industrial pesada y, potencialmente, agricultura y silvicultura; incluye gases, asignaciones, subastas, sanciones y MRV.",agricultura:Agricultura | energia:Energía | transporte:Transporte | industria:Industria | comercio:Comercio,False,,,pendiente
https://hdl.handle.net/11362/68818,Caribbean Outlook: Considering a Caribbean emissions trading scheme. Policy Brief,organizaciones,"La Unión Europea, Estados Unidos, Nueva Zelandia, Quebec, República de Corea, Brasil, Chile y México como experiencias comparadas de sistemas de comercio de emisiones; la UNFCCC, el Protocolo de Kyoto y el balance mundial como marcos internacionales.",,True,,,pendiente
https://hdl.handle.net/11362/68877,Legislación marco de cambio climático en América Latina y el Caribe. Boletín legislativo,autoria,Victoria González y Gastón Poncini (coordinadores),Victoria González | Gastón Poncini (coordinadores),False,,,pendiente
https://hdl.handle.net/11362/68877,Legislación marco de cambio climático en América Latina y el Caribe. Boletín legislativo,tipo_documento,Boletín legislativo comparado,,True,,,pendiente
https://hdl.handle.net/11362/68877,Legislación marco de cambio climático en América Latina y el Caribe. Boletín legislativo,ambito_aplicacion,"América Latina y el Caribe, con estudios de caso de Argentina, Brasil, Bolivia (Estado Plurinacional de), Chile, Colombia, Costa Rica, Guatemala y Uruguay.",regional:Regional | subregional:Subregional,True,,,pendiente
https://hdl.handle.net/11362/68877,Legislación marco de cambio climático en América Latina y el Caribe. Boletín legislativo,paises,"América Latina y el Caribe, con estudios de caso de Argentina, Brasil, Bolivia (Estado Plurinacional de), Chile, Colombia, Costa Rica, Guatemala y Uruguay.",argentina:Argentina | bolivia:Bolivia (Estado Plurinacional de) | brasil:Brasil | chile:Chile | colombia:Colombia | costa_rica:Costa Rica | guatemala:Guatemala | uruguay:Uruguay,False,,,pendiente
https://hdl.handle.net/11362/68877,Legislación marco de cambio climático en América Latina y el Caribe. Boletín legislativo,subregiones,"América Latina y el Caribe, con estudios de caso de Argentina, Brasil, Bolivia (Estado Plurinacional de), Chile, Colombia, Costa Rica, Guatemala y Uruguay.",alc:América Latina y el Caribe | caribe:Caribe,False,,,pendiente
https://hdl.handle.net/11362/68877,Legislación marco de cambio climático en América Latina y el Caribe. Boletín legislativo,sectores,"Legislación marco, institucionalidad climática, instrumentos de adaptación y mitigación, metas de emisiones, participación, información y mecanismos económicos y financieros.",,True,,,pendiente
https://hdl.handle.net/11362/68877,Legislación marco de cambio climático en América Latina y el Caribe. Boletín legislativo,organizaciones,"Convención Marco de las Naciones Unidas sobre el Cambio Climático, Acuerdo de París, IPCC, contribuciones determinadas a nivel nacional y planes nacionales o sectoriales de los países estudiados.",ipcc:IPCC | naciones_unidas:Naciones Unidas,False,,,pendiente
https://hdl.handle.net/11362/69132,América Latina y el Caribe ante el desafío de acelerar el paso hacia el cumplimiento de la Agenda 2030,autoria,Comisión Económica para América Latina y el Caribe (CEPAL),Comisión Económica para América Latina | el Caribe (CEPAL),False,,,pendiente
https://hdl.handle.net/11362/69132,América Latina y el Caribe ante el desafío de acelerar el paso hacia el cumplimiento de la Agenda 2030,tipo_documento,Informe institucional insignia,informe:Informe,False,,,pendiente
https://hdl.handle.net/11362/69132,América Latina y el Caribe ante el desafío de acelerar el paso hacia el cumplimiento de la Agenda 2030,ambito_aplicacion,"América Latina y el Caribe, con desagregación para América del Sur, Centroamérica y México, y el Caribe; incluye referencias y ejemplos nacionales.",regional:Regional | subregional:Subregional,True,,,pendiente
https://hdl.handle.net/11362/69132,América Latina y el Caribe ante el desafío de acelerar el paso hacia el cumplimiento de la Agenda 2030,paises,"América Latina y el Caribe, con desagregación para América del Sur, Centroamérica y México, y el Caribe; incluye referencias y ejemplos nacionales.",mexico:México,False,,,pendiente
https://hdl.handle.net/11362/69132,América Latina y el Caribe ante el desafío de acelerar el paso hacia el cumplimiento de la Agenda 2030,subregiones,"América Latina y el Caribe, con desagregación para América del Sur, Centroamérica y México, y el Caribe; incluye referencias y ejemplos nacionales.",alc:América Latina y el Caribe | centroamerica:Centroamérica | caribe:Caribe,False,,,pendiente
https://hdl.handle.net/11362/69132,América Latina y el Caribe ante el desafío de acelerar el paso hacia el cumplimiento de la Agenda 2030,sectores,"Desarrollo productivo, sistemas alimentarios, energía, digitalización, educación, empleo y protección social, cambio climático, biodiversidad, contaminación, instituciones, comercio y financiamiento.",energia:Energía | comercio:Comercio | finanzas:Finanzas y financiamiento | ecosistemas:Ecosistemas y biodiversidad | empleo:Empleo | proteccion_social:Protección social,False,,,pendiente
https://hdl.handle.net/11362/69132,América Latina y el Caribe ante el desafío de acelerar el paso hacia el cumplimiento de la Agenda 2030,organizaciones,"Naciones Unidas, Grupo de las Naciones Unidas para el Desarrollo Sostenible, OMC, G20, Club de París, OCDE, FMI, Banco Mundial, bancos multilaterales de desarrollo y Unión Europea.",naciones_unidas:Naciones Unidas | ocde:OCDE | banco_mundial:Banco Mundial,False,,,pendiente
https://hdl.handle.net/11362/69216,"Panorama Fiscal de América Latina y el Caribe, 2024: política fiscal para enfrentar los desafíos del cambio climático",autoria,,,False,,,pendiente
https://hdl.handle.net/11362/69216,"Panorama Fiscal de América Latina y el Caribe, 2024: política fiscal para enfrentar los desafíos del cambio climático",tipo_documento,Informe insignia o Panorama fiscal anual,informe_insignia_panorama:Informe insignia o Panorama,False,,,pendiente
https://hdl.handle.net/11362/69216,"Panorama Fiscal de América Latina y el Caribe, 2024: política fiscal para enfrentar los desafíos del cambio climático",ambito_aplicacion,"América Latina y el Caribe como región; el análisis detallado del gasto climático cubre Argentina, Colombia, Honduras, México, Nicaragua y Perú, y las simulaciones de impuesto al carbono cubren Guatemala, Perú y República Dominicana.",regional:Regional | subregional:Subregional | subnacional:Subnacional,True,,,pendiente
https://hdl.handle.net/11362/69216,"Panorama Fiscal de América Latina y el Caribe, 2024: política fiscal para enfrentar los desafíos del cambio climático",paises,"América Latina y el Caribe como región; el análisis detallado del gasto climático cubre Argentina, Colombia, Honduras, México, Nicaragua y Perú, y las simulaciones de impuesto al carbono cubren Guatemala, Perú y República Dominicana.",argentina:Argentina | colombia:Colombia | guatemala:Guatemala | honduras:Honduras | mexico:México | nicaragua:Nicaragua | peru:Perú | republica_dominicana:República Dominicana,False,,,pendiente
https://hdl.handle.net/11362/69216,"Panorama Fiscal de América Latina y el Caribe, 2024: política fiscal para enfrentar los desafíos del cambio climático",subregiones,"América Latina y el Caribe como región; el análisis detallado del gasto climático cubre Argentina, Colombia, Honduras, México, Nicaragua y Perú, y las simulaciones de impuesto al carbono cubren Guatemala, Perú y República Dominicana.",alc:América Latina y el Caribe | caribe:Caribe,False,,,pendiente
https://hdl.handle.net/11362/69216,"Panorama Fiscal de América Latina y el Caribe, 2024: política fiscal para enfrentar los desafíos del cambio climático",sectores,"Finanzas públicas, tributación y deuda; inversión climática; gasto presupuestario transversal; energía, transporte, agricultura, agua, residuos, salud, educación, protección social y biodiversidad.",agricultura:Agricultura | agua:Agua y recursos hídricos | energia:Energía | transporte:Transporte | salud:Salud | finanzas:Finanzas y financiamiento | ecosistemas:Ecosistemas y biodiversidad | proteccion_social:Protección social,False,,,pendiente
https://hdl.handle.net/11362/69216,"Panorama Fiscal de América Latina y el Caribe, 2024: política fiscal para enfrentar los desafíos del cambio climático",organizaciones,"OCDE, Unión Europea, bancos multilaterales de desarrollo, CMNUCC, PNUD, FMI, BID y experiencias de países externos usadas para comparar metodologías e instrumentos fiscales.",bid:BID | ocde:OCDE,False,,,pendiente
https://hdl.handle.net/11362/80433,"Reversing direction in the used clothing crisis: Global, European, and Chilean perspectives",autoria,"Luca Brunello, Lorena Palomo y Beatriz O’Brien",Luca Brunello | Lorena Palomo | Beatriz O’Brien,False,,,pendiente
https://hdl.handle.net/11362/80433,"Reversing direction in the used clothing crisis: Global, European, and Chilean perspectives",tipo_documento,Estudio técnico / informe conjunto UNECE-ECLAC,estudio_tecnico:Estudio técnico,False,,,pendiente
https://hdl.handle.net/11362/80433,"Reversing direction in the used clothing crisis: Global, European, and Chilean perspectives",ambito_aplicacion,"Global, con la Unión Europea como origen y Chile —en particular Tarapacá, Iquique, ZOFRI y Alto Hospicio— como destino.",,False,,,pendiente
https://hdl.handle.net/11362/80433,"Reversing direction in the used clothing crisis: Global, European, and Chilean perspectives",paises,"Global, con la Unión Europea como origen y Chile —en particular Tarapacá, Iquique, ZOFRI y Alto Hospicio— como destino.",chile:Chile,False,,,pendiente
https://hdl.handle.net/11362/80433,"Reversing direction in the used clothing crisis: Global, European, and Chilean perspectives",subregiones,"Global, con la Unión Europea como origen y Chile —en particular Tarapacá, Iquique, ZOFRI y Alto Hospicio— como destino.",,True,,,pendiente
https://hdl.handle.net/11362/80433,"Reversing direction in the used clothing crisis: Global, European, and Chilean perspectives",sectores,"Comercio de ropa usada y residuos textiles; cadenas de moda, clasificación, reutilización, reciclaje, gestión de residuos, economía circular, diseño, trazabilidad y empleo.",comercio:Comercio | empleo:Empleo,False,,,pendiente
https://hdl.handle.net/11362/80433,"Reversing direction in the used clothing crisis: Global, European, and Chilean perspectives",organizaciones,"UNECE, ECLAC/UNECLAC, UN Comtrade, WITS, UN/CEFACT, Unión Europea, acuerdos UE-Chile y experiencias de Francia, Kenya y África Oriental.",,True,,,pendiente
https://hdl.handle.net/11362/80499,Política económica y cambio climático: fijación de precios del carbono en América Latina y el Caribe,autoria,"Carlos de Miguel, Santiago Lorenzo, Jimy Ferrer, José Javier Gómez y José Eduardo Alatorre",Carlos de Miguel | Santiago Lorenzo | Jimy Ferrer | José Javier Gómez | José Eduardo Alatorre,False,,,pendiente
https://hdl.handle.net/11362/80499,Política económica y cambio climático: fijación de precios del carbono en América Latina y el Caribe,tipo_documento,Documento de Proyecto,estudio_tecnico:Estudio técnico,False,,,pendiente
https://hdl.handle.net/11362/80499,Política económica y cambio climático: fijación de precios del carbono en América Latina y el Caribe,ambito_aplicacion,"América Latina y el Caribe, con análisis regional y estudios nacionales de Argentina, Chile, Colombia, México, Uruguay, Perú, Costa Rica, República Dominicana, Nicaragua y Honduras.",regional:Regional | subregional:Subregional,True,,,pendiente
https://hdl.handle.net/11362/80499,Política económica y cambio climático: fijación de precios del carbono en América Latina y el Caribe,paises,"América Latina y el Caribe, con análisis regional y estudios nacionales de Argentina, Chile, Colombia, México, Uruguay, Perú, Costa Rica, República Dominicana, Nicaragua y Honduras.",argentina:Argentina | chile:Chile | colombia:Colombia | costa_rica:Costa Rica | honduras:Honduras | mexico:México | nicaragua:Nicaragua | peru:Perú | republica_dominicana:República Dominicana | uruguay:Uruguay,False,,,pendiente
https://hdl.handle.net/11362/80499,Política económica y cambio climático: fijación de precios del carbono en América Latina y el Caribe,subregiones,"América Latina y el Caribe, con análisis regional y estudios nacionales de Argentina, Chile, Colombia, México, Uruguay, Perú, Costa Rica, República Dominicana, Nicaragua y Honduras.",alc:América Latina y el Caribe | caribe:Caribe,False,,,pendiente
https://hdl.handle.net/11362/80499,Política económica y cambio climático: fijación de precios del carbono en América Latina y el Caribe,sectores,"Fiscalidad ambiental, impuestos y subsidios a combustibles, financiamiento climático, bonos verdes, taxonomías, mercados de carbono, transporte, energía e inversión pública.",energia:Energía | transporte:Transporte | finanzas:Finanzas y financiamiento,False,,,pendiente
https://hdl.handle.net/11362/80499,Política económica y cambio climático: fijación de precios del carbono en América Latina y el Caribe,organizaciones,"Acuerdo de París, NDC y estrategias de largo plazo; IPCC, CMNUCC, FMI, Banco Mundial, Unión Europea y su CBAM; CEPAL y ministerios nacionales de hacienda, economía, ambiente, energía y planificación.",cepal:CEPAL | ipcc:IPCC | banco_mundial:Banco Mundial,False,,,pendiente
https://hdl.handle.net/11362/80561,Desafíos y oportunidades para la ejecución de proyectos de inversión pública con criterios de sostenibilidad: presentaciones en el XI Seminario de la Red de los Sistemas Nacionales de Inversión Pública de América Latina y el Caribe,autoria,Valeria Torres y Dante Arenas (coordinadores),Valeria Torres | Dante Arenas (coordinadores),False,,,pendiente
https://hdl.handle.net/11362/80561,Desafíos y oportunidades para la ejecución de proyectos de inversión pública con criterios de sostenibilidad: presentaciones en el XI Seminario de la Red de los Sistemas Nacionales de Inversión Pública de América Latina y el Caribe,tipo_documento,Serie Seminarios y Conferencias / memoria técnica de seminario,memoria_seminario:Memoria de seminario,False,,,pendiente
https://hdl.handle.net/11362/80561,Desafíos y oportunidades para la ejecución de proyectos de inversión pública con criterios de sostenibilidad: presentaciones en el XI Seminario de la Red de los Sistemas Nacionales de Inversión Pública de América Latina y el Caribe,ambito_aplicacion,"América Latina y el Caribe, mediante la Red SNIP y experiencias nacionales de Argentina, Chile, Ecuador, El Salvador, Guatemala, Honduras, México, Nicaragua, Panamá, Paraguay, Perú, República Dominicana y Uruguay.",regional:Regional | subregional:Subregional,True,,,pendiente
https://hdl.handle.net/11362/80561,Desafíos y oportunidades para la ejecución de proyectos de inversión pública con criterios de sostenibilidad: presentaciones en el XI Seminario de la Red de los Sistemas Nacionales de Inversión Pública de América Latina y el Caribe,paises,"América Latina y el Caribe, mediante la Red SNIP y experiencias nacionales de Argentina, Chile, Ecuador, El Salvador, Guatemala, Honduras, México, Nicaragua, Panamá, Paraguay, Perú, República Dominicana y Uruguay.",argentina:Argentina | chile:Chile | ecuador:Ecuador | el_salvador:El Salvador | guatemala:Guatemala | honduras:Honduras | mexico:México | nicaragua:Nicaragua | panama:Panamá | paraguay:Paraguay | peru:Perú | republica_dominicana:República Dominicana | uruguay:Uruguay,False,,,pendiente
https://hdl.handle.net/11362/80561,Desafíos y oportunidades para la ejecución de proyectos de inversión pública con criterios de sostenibilidad: presentaciones en el XI Seminario de la Red de los Sistemas Nacionales de Inversión Pública de América Latina y el Caribe,subregiones,"América Latina y el Caribe, mediante la Red SNIP y experiencias nacionales de Argentina, Chile, Ecuador, El Salvador, Guatemala, Honduras, México, Nicaragua, Panamá, Paraguay, Perú, República Dominicana y Uruguay.",alc:América Latina y el Caribe | caribe:Caribe,False,,,pendiente
https://hdl.handle.net/11362/80561,Desafíos y oportunidades para la ejecución de proyectos de inversión pública con criterios de sostenibilidad: presentaciones en el XI Seminario de la Red de los Sistemas Nacionales de Inversión Pública de América Latina y el Caribe,sectores,"Sistemas de inversión pública, infraestructura, agua y saneamiento, transporte, energía, educación, salud, tecnologías digitales y gestión de riesgos de desastres.",agua:Agua y recursos hídricos | energia:Energía | transporte:Transporte | salud:Salud | finanzas:Finanzas y financiamiento,False,,,pendiente
https://hdl.handle.net/11362/80561,Desafíos y oportunidades para la ejecución de proyectos de inversión pública con criterios de sostenibilidad: presentaciones en el XI Seminario de la Red de los Sistemas Nacionales de Inversión Pública de América Latina y el Caribe,organizaciones,"OCDE, Reino Unido, Irlanda, República de Corea, Banco Mundial, BID, GIZ, UNDRR, SICA y COSEFIN como marcos, experiencias, apoyos o mecanismos comparativos.",bid:BID | ocde:OCDE | banco_mundial:Banco Mundial,False,,,pendiente
https://hdl.handle.net/11362/80595,"Estudio Económico de América Latina y el Caribe, 2024: trampa de bajo crecimiento, cambio climático y dinámica del empleo",autoria,,,False,,,pendiente
https://hdl.handle.net/11362/80595,"Estudio Económico de América Latina y el Caribe, 2024: trampa de bajo crecimiento, cambio climático y dinámica del empleo",tipo_documento,Estudio Económico,informe:Informe,False,,,pendiente
https://hdl.handle.net/11362/80595,"Estudio Económico de América Latina y el Caribe, 2024: trampa de bajo crecimiento, cambio climático y dinámica del empleo",ambito_aplicacion,América Latina y el Caribe; el modelo de impacto climático cubre 17 economías y el análisis de informalidad 14 países.,regional:Regional | subregional:Subregional,True,,,pendiente
https://hdl.handle.net/11362/80595,"Estudio Económico de América Latina y el Caribe, 2024: trampa de bajo crecimiento, cambio climático y dinámica del empleo",paises,América Latina y el Caribe; el modelo de impacto climático cubre 17 economías y el análisis de informalidad 14 países.,,True,,,pendiente
https://hdl.handle.net/11362/80595,"Estudio Económico de América Latina y el Caribe, 2024: trampa de bajo crecimiento, cambio climático y dinámica del empleo",subregiones,América Latina y el Caribe; el modelo de impacto climático cubre 17 economías y el análisis de informalidad 14 países.,alc:América Latina y el Caribe | caribe:Caribe,False,,,pendiente
https://hdl.handle.net/11362/80595,"Estudio Económico de América Latina y el Caribe, 2024: trampa de bajo crecimiento, cambio climático y dinámica del empleo",sectores,"Macroeconomía regional, empleo y productividad sectorial, informalidad laboral, agricultura, minería, turismo, transición energética, economía del cuidado, inversión y finanzas públicas.",agricultura:Agricultura | energia:Energía | finanzas:Finanzas y financiamiento | empleo:Empleo,False,,,pendiente
https://hdl.handle.net/11362/80595,"Estudio Económico de América Latina y el Caribe, 2024: trampa de bajo crecimiento, cambio climático y dinámica del empleo",organizaciones,"Estados Unidos, China, zona del euro, FMI, OMC, OIT, IPCC, CELADE, En-ROADS/Climate Interactive y experiencias internacionales de política fiscal, productiva y climática.",ipcc:IPCC,False,,,pendiente
https://hdl.handle.net/11362/80737,Strengthening regional capacities to address the risk of and from overshooting 1.5°C global warming in Latin America and the Caribbean,autoria,"Hernan Carlino, Agustín Gogorza y Micaela Carlino",Hernan Carlino | Agustín Gogorza | Micaela Carlino,False,,,pendiente
https://hdl.handle.net/11362/80737,Strengthening regional capacities to address the risk of and from overshooting 1.5°C global warming in Latin America and the Caribbean,tipo_documento,Background paper,,True,,,pendiente
https://hdl.handle.net/11362/80737,Strengthening regional capacities to address the risk of and from overshooting 1.5°C global warming in Latin America and the Caribbean,ambito_aplicacion,"América Latina y el Caribe; gobiernos, actores no estatales y cooperación regional",regional:Regional | subregional:Subregional,True,,,pendiente
https://hdl.handle.net/11362/80737,Strengthening regional capacities to address the risk of and from overshooting 1.5°C global warming in Latin America and the Caribbean,paises,"América Latina y el Caribe; gobiernos, actores no estatales y cooperación regional",,True,,,pendiente
https://hdl.handle.net/11362/80737,Strengthening regional capacities to address the risk of and from overshooting 1.5°C global warming in Latin America and the Caribbean,subregiones,"América Latina y el Caribe; gobiernos, actores no estatales y cooperación regional",alc:América Latina y el Caribe | caribe:Caribe,False,,,pendiente
https://hdl.handle.net/11362/80737,Strengthening regional capacities to address the risk of and from overshooting 1.5°C global warming in Latin America and the Caribbean,sectores,"mitigación, adaptación, resiliencia, investigación climática, SRM y gobernanza ambiental",,True,,,pendiente
https://hdl.handle.net/11362/80737,Strengthening regional capacities to address the risk of and from overshooting 1.5°C global warming in Latin America and the Caribbean,organizaciones,"IPCC, UNEP, NASEM, UNFCCC, Convenio sobre la Diversidad Biológica, Convención de las Naciones Unidas sobre el Derecho del Mar, ENMOD, London Convention/London Protocol, Protocolo de Montreal, UNECE y literatura científica internacional",ipcc:IPCC | naciones_unidas:Naciones Unidas,False,,,pendiente
https://hdl.handle.net/11362/80746,Estimación del precio social del carbono para la evaluación de la inversión pública en el Perú,autoria,"Andrés Pica, Francisca Cid, Jimy Ferrer, Víctor Cueva, Eloy Durán y Christian Cabrera",Andrés Pica | Francisca Cid | Jimy Ferrer | Víctor Cueva | Eloy Durán | Christian Cabrera,False,,,pendiente
https://hdl.handle.net/11362/80746,Estimación del precio social del carbono para la evaluación de la inversión pública en el Perú,tipo_documento,Documento de proyecto / estudio técnico,estudio_tecnico:Estudio técnico,False,,,pendiente
https://hdl.handle.net/11362/80746,Estimación del precio social del carbono para la evaluación de la inversión pública en el Perú,ambito_aplicacion,Perú; con referencias comparativas internacionales y una iniciativa regional de América Latina y el Caribe.,regional:Regional | subregional:Subregional,True,,,pendiente
https://hdl.handle.net/11362/80746,Estimación del precio social del carbono para la evaluación de la inversión pública en el Perú,paises,Perú; con referencias comparativas internacionales y una iniciativa regional de América Latina y el Caribe.,peru:Perú,False,,,pendiente
https://hdl.handle.net/11362/80746,Estimación del precio social del carbono para la evaluación de la inversión pública en el Perú,subregiones,Perú; con referencias comparativas internacionales y una iniciativa regional de América Latina y el Caribe.,alc:América Latina y el Caribe | caribe:Caribe,False,,,pendiente
https://hdl.handle.net/11362/80746,Estimación del precio social del carbono para la evaluación de la inversión pública en el Perú,sectores,"Evaluación social de inversiones y políticas públicas con emisiones de GEI, especialmente energía, transporte, infraestructura, agricultura, silvicultura, conservación de ecosistemas, residuos y procesos industriales.",agricultura:Agricultura | energia:Energía | transporte:Transporte | ecosistemas:Ecosistemas y biodiversidad,False,,,pendiente
https://hdl.handle.net/11362/80746,Estimación del precio social del carbono para la evaluación de la inversión pública en el Perú,organizaciones,"Acuerdo de París, IPCC, UNFCCC, Estados Unidos, Canadá, Reino Unido, Francia, Noruega, Dinamarca, CEPAL, FMI, BID, DICE, PAGE y FUND.",cepal:CEPAL | bid:BID | ipcc:IPCC,False,,,pendiente
https://hdl.handle.net/11362/80769,Management of the end-of-life vehicle recycling in the Caribbean. Policy Brief,autoria,,,False,,,pendiente
https://hdl.handle.net/11362/80769,Management of the end-of-life vehicle recycling in the Caribbean. Policy Brief,tipo_documento,Policy Brief,policy_brief:Policy brief,False,,,pendiente
https://hdl.handle.net/11362/80769,Management of the end-of-life vehicle recycling in the Caribbean. Policy Brief,ambito_aplicacion,"Caribe, con énfasis en los pequeños Estados insulares en desarrollo del Caribe (Caribbean SIDS) y en la cooperación subregional",subregional:Subregional,True,,,pendiente
https://hdl.handle.net/11362/80769,Management of the end-of-life vehicle recycling in the Caribbean. Policy Brief,paises,"Caribe, con énfasis en los pequeños Estados insulares en desarrollo del Caribe (Caribbean SIDS) y en la cooperación subregional",,True,,,pendiente
https://hdl.handle.net/11362/80769,Management of the end-of-life vehicle recycling in the Caribbean. Policy Brief,subregiones,"Caribe, con énfasis en los pequeños Estados insulares en desarrollo del Caribe (Caribbean SIDS) y en la cooperación subregional",caribe:Caribe,False,,,pendiente
https://hdl.handle.net/11362/80769,Management of the end-of-life vehicle recycling in the Caribbean. Policy Brief,sectores,"Reciclaje y gestión ambiental de vehículos al final de su vida útil; transporte terrestre, comercio, inversión, capacitación laboral y economía circular",transporte:Transporte | comercio:Comercio | finanzas:Finanzas y financiamiento | empleo:Empleo,False,,,pendiente
https://hdl.handle.net/11362/80769,Management of the end-of-life vehicle recycling in the Caribbean. Policy Brief,organizaciones,"China, Unión Europea, Japón, República de Corea, Estados Unidos de América, países del Sudeste Asiático y Convenio de Basilea",,True,,,pendiente
https://hdl.handle.net/11362/80952,"Distributional implications of climate change and policy recommendations for an inclusive, just and sustainable transition",autoria,"José Eduardo Alatorre, Lucía Rezza, Santiago Lorenzo y Camila Gramkow",José Eduardo Alatorre | Lucía Rezza | Santiago Lorenzo | Camila Gramkow,False,,,pendiente
https://hdl.handle.net/11362/80952,"Distributional implications of climate change and policy recommendations for an inclusive, just and sustainable transition",tipo_documento,Estudio técnico sobre impactos distributivos del cambio climático y políticas para una transición justa,estudio_tecnico:Estudio técnico,False,,,pendiente
https://hdl.handle.net/11362/80952,"Distributional implications of climate change and policy recommendations for an inclusive, just and sustainable transition",ambito_aplicacion,"América Latina y el Caribe, con análisis comparado mundial y referencias a países y grupos de ingreso; la región se examina en conjunto y mediante ejemplos nacionales como Suriname, Guyana y Venezuela.",regional:Regional | subregional:Subregional | subnacional:Subnacional,True,,,pendiente
https://hdl.handle.net/11362/80952,"Distributional implications of climate change and policy recommendations for an inclusive, just and sustainable transition",paises,"América Latina y el Caribe, con análisis comparado mundial y referencias a países y grupos de ingreso; la región se examina en conjunto y mediante ejemplos nacionales como Suriname, Guyana y Venezuela.",guyana:Guyana | suriname:Suriname | venezuela:Venezuela (República Bolivariana de),False,,,pendiente
https://hdl.handle.net/11362/80952,"Distributional implications of climate change and policy recommendations for an inclusive, just and sustainable transition",subregiones,"América Latina y el Caribe, con análisis comparado mundial y referencias a países y grupos de ingreso; la región se examina en conjunto y mediante ejemplos nacionales como Suriname, Guyana y Venezuela.",alc:América Latina y el Caribe | caribe:Caribe,False,,,pendiente
https://hdl.handle.net/11362/80952,"Distributional implications of climate change and policy recommendations for an inclusive, just and sustainable transition",sectores,"Emisiones y huella de carbono; exposición y vulnerabilidad climática; productividad laboral; protección social y servicios básicos; precios del carbono, transporte, electricidad y alimentos; estructura productiva, industrias intensivas en carbono y financiamiento.",energia:Energía | transporte:Transporte | finanzas:Finanzas y financiamiento | empleo:Empleo | proteccion_social:Protección social,False,,,pendiente
https://hdl.handle.net/11362/80952,"Distributional implications of climate change and policy recommendations for an inclusive, just and sustainable transition",organizaciones,"IPCC, WMO, Climate Analytics, UNCTAD, OCDE, Unión Europea, Estados Unidos y China como fuentes, escenarios o referentes internacionales; el Acuerdo de París y la Agenda 2030 como marcos globales.",ipcc:IPCC | ocde:OCDE,False,,,pendiente
https://hdl.handle.net/11362/80955,Metodología y estimación de los impactos y necesidades de inversión en la red eléctrica de San José para la implementación de la electromovilidad,autoria,Ignacio Ñancupil; Marina Gil; Rafael Poveda,Ignacio Ñancupil | Marina Gil | Rafael Poveda,False,,,pendiente
https://hdl.handle.net/11362/80955,Metodología y estimación de los impactos y necesidades de inversión en la red eléctrica de San José para la implementación de la electromovilidad,tipo_documento,Documento de Proyecto / estudio técnico,estudio_tecnico:Estudio técnico,False,,,pendiente
https://hdl.handle.net/11362/80955,Metodología y estimación de los impactos y necesidades de inversión en la red eléctrica de San José para la implementación de la electromovilidad,ambito_aplicacion,"Provincia de San José, Costa Rica, específicamente 13 cantones y su red eléctrica intraurbana; el estudio se inserta en el contexto regional de América Latina y el Caribe.",regional:Regional | subregional:Subregional | subnacional:Subnacional,True,,,pendiente
https://hdl.handle.net/11362/80955,Metodología y estimación de los impactos y necesidades de inversión en la red eléctrica de San José para la implementación de la electromovilidad,paises,"Provincia de San José, Costa Rica, específicamente 13 cantones y su red eléctrica intraurbana; el estudio se inserta en el contexto regional de América Latina y el Caribe.",costa_rica:Costa Rica,False,,,pendiente
https://hdl.handle.net/11362/80955,Metodología y estimación de los impactos y necesidades de inversión en la red eléctrica de San José para la implementación de la electromovilidad,subregiones,"Provincia de San José, Costa Rica, específicamente 13 cantones y su red eléctrica intraurbana; el estudio se inserta en el contexto regional de América Latina y el Caribe.",alc:América Latina y el Caribe | caribe:Caribe,False,,,pendiente
https://hdl.handle.net/11362/80955,Metodología y estimación de los impactos y necesidades de inversión en la red eléctrica de San José para la implementación de la electromovilidad,sectores,"Electromovilidad pública y privada, transporte urbano, estaciones de recarga, generación y transmisión eléctrica.",transporte:Transporte | ciudades_vivienda:Ciudades y vivienda,False,,,pendiente
https://hdl.handle.net/11362/80955,Metodología y estimación de los impactos y necesidades de inversión en la red eléctrica de San José para la implementación de la electromovilidad,organizaciones,"Plan Nacional de Descarbonización de Costa Rica; ICE, CNFL, ARESEP, MOPT, MINAE, INEC, CTP y estudios del proyecto Dando el salto a la movilidad eléctrica; SIEPAC y PNUMA.",,True,,,pendiente
https://hdl.handle.net/11362/80987,Indicadores quantitativos da OCDE e o Brasil : meio ambiente,autoria,Eduardo Abbade; Larissa Basso; Catherine Rebouças Mota; Sandra Paulsen,Eduardo Abbade | Larissa Basso | Catherine Rebouças Mota | Sandra Paulsen,False,,,pendiente
https://hdl.handle.net/11362/80987,Indicadores quantitativos da OCDE e o Brasil : meio ambiente,tipo_documento,Estudo técnico,,True,,,pendiente
https://hdl.handle.net/11362/80987,Indicadores quantitativos da OCDE e o Brasil : meio ambiente,ambito_aplicacion,"Brasil, com análise de políticas públicas, estatísticas nacionais e sua comparabilidade internacional.",,False,,,pendiente
https://hdl.handle.net/11362/80987,Indicadores quantitativos da OCDE e o Brasil : meio ambiente,paises,"Brasil, com análise de políticas públicas, estatísticas nacionais e sua comparabilidade internacional.",brasil:Brasil,False,,,pendiente
https://hdl.handle.net/11362/80987,Indicadores quantitativos da OCDE e o Brasil : meio ambiente,subregiones,"Brasil, com análise de políticas públicas, estatísticas nacionais e sua comparabilidade internacional.",,True,,,pendiente
https://hdl.handle.net/11362/80987,Indicadores quantitativos da OCDE e o Brasil : meio ambiente,sectores,"Mudança do clima; qualidade do ar; recursos hídricos; economia circular, materiais e resíduos; recursos biológicos e biodiversidade; economia oceânica sustentável; e práticas contra a pesca ilegal, não relatada e não regulamentada.",agricultura:Agricultura | agua:Agua y recursos hídricos,False,,,pendiente
https://hdl.handle.net/11362/80987,Indicadores quantitativos da OCDE e o Brasil : meio ambiente,organizaciones,"OCDE e o relatório Environment at a Glance; FAO, IEA, IUCN, UNEP-WCMC, OMS, Banco Mundial, Ompi, IBGE, Inpe, ANA, SNIS, ICMBio, Ibama e outras bases e instituições citadas.",fao:FAO | ocde:OCDE | banco_mundial:Banco Mundial,False,,,pendiente
https://hdl.handle.net/11362/81035,Avaliação dos efeitos e impactos das inundações no Rio Grande do Sul. Novembro 2024,autoria,,,False,,,pendiente
https://hdl.handle.net/11362/81035,Avaliação dos efeitos e impactos das inundações no Rio Grande do Sul. Novembro 2024,tipo_documento,"Estudo técnico de avaliação de danos, perdas e custos adicionais (DaLA)",,True,,,pendiente
https://hdl.handle.net/11362/81035,Avaliação dos efeitos e impactos das inundações no Rio Grande do Sul. Novembro 2024,ambito_aplicacion,"Estado de Rio Grande do Sul, Brasil, con análisis estatal, municipal, territorial y por cuenca hidrográfica.",subnacional:Subnacional,True,,,pendiente
https://hdl.handle.net/11362/81035,Avaliação dos efeitos e impactos das inundações no Rio Grande do Sul. Novembro 2024,paises,"Estado de Rio Grande do Sul, Brasil, con análisis estatal, municipal, territorial y por cuenca hidrográfica.",brasil:Brasil,False,,,pendiente
https://hdl.handle.net/11362/81035,Avaliação dos efeitos e impactos das inundações no Rio Grande do Sul. Novembro 2024,subregiones,"Estado de Rio Grande do Sul, Brasil, con análisis estatal, municipal, territorial y por cuenca hidrográfica.",,True,,,pendiente
https://hdl.handle.net/11362/81035,Avaliação dos efeitos e impactos das inundações no Rio Grande do Sul. Novembro 2024,sectores,"Población y sectores social, de infraestructura, productivo y medio ambiente; impactos en PIB, empleo y cuentas fiscales; reconstrucción resiliente.",empleo:Empleo,False,,,pendiente
https://hdl.handle.net/11362/81035,Avaliação dos efeitos e impactos das inundações no Rio Grande do Sul. Novembro 2024,organizaciones,"Metodología DaLA de la CEPAL; Quadro de Sendai para la Redução do Risco de Desastres 2015-2030; bases y organismos técnicos IBGE, IPEA, Banco Mundial, Defesa Civil y entidades sectoriales brasileñas.",cepal:CEPAL | banco_mundial:Banco Mundial,False,,,pendiente
https://hdl.handle.net/11362/81051,Climate change financing in the Caribbean: an analysis from a gender perspective,autoria,Mariama Williams y Ayesha Constable,Mariama Williams | Ayesha Constable,False,,,pendiente
https://hdl.handle.net/11362/81051,Climate change financing in the Caribbean: an analysis from a gender perspective,tipo_documento,Estudio técnico,estudio_tecnico:Estudio técnico,False,,,pendiente
https://hdl.handle.net/11362/81051,Climate change financing in the Caribbean: an analysis from a gender perspective,ambito_aplicacion,"El Caribe, con atención a los pequeños Estados insulares en desarrollo y a países CARICOM; incluye casos de Antigua y Barbuda, Barbados, Belice, Dominica, Granada, Guyana, Haití, Jamaica, Santa Lucía, San Vicente y las Granadinas, Trinidad y Tobago y Las Bahamas.",subregional:Subregional,True,,,pendiente
https://hdl.handle.net/11362/81051,Climate change financing in the Caribbean: an analysis from a gender perspective,paises,"El Caribe, con atención a los pequeños Estados insulares en desarrollo y a países CARICOM; incluye casos de Antigua y Barbuda, Barbados, Belice, Dominica, Granada, Guyana, Haití, Jamaica, Santa Lucía, San Vicente y las Granadinas, Trinidad y Tobago y Las Bahamas.",antigua_barbuda:Antigua y Barbuda | bahamas:Bahamas | barbados:Barbados | belice:Belice | dominica:Dominica | granada:Granada | guyana:Guyana | haiti:Haití | jamaica:Jamaica | santa_lucia:Santa Lucía | san_vicente_granadinas:San Vicente y las Granadinas,False,,,pendiente
https://hdl.handle.net/11362/81051,Climate change financing in the Caribbean: an analysis from a gender perspective,subregiones,"El Caribe, con atención a los pequeños Estados insulares en desarrollo y a países CARICOM; incluye casos de Antigua y Barbuda, Barbados, Belice, Dominica, Granada, Guyana, Haití, Jamaica, Santa Lucía, San Vicente y las Granadinas, Trinidad y Tobago y Las Bahamas.",caribe:Caribe,False,,,pendiente
https://hdl.handle.net/11362/81051,Climate change financing in the Caribbean: an analysis from a gender perspective,sectores,"Financiamiento climático público y privado, adaptación, mitigación, infraestructura resiliente, agricultura, turismo, agua, energía, pesca, salud, MSME/SME y economía del cuidado.",agricultura:Agricultura | agua:Agua y recursos hídricos | energia:Energía | salud:Salud | finanzas:Finanzas y financiamiento,False,,,pendiente
https://hdl.handle.net/11362/81051,Climate change financing in the Caribbean: an analysis from a gender perspective,organizaciones,"UNFCCC, GCF, Adaptation Fund, Climate Investment Funds, IDB, CDB, ECLAC, UN Women, OECD, IPCC y experiencias internacionales de bonos y finanzas con perspectiva de género.",ipcc:IPCC | ocde:OCDE,False,,,pendiente
https://hdl.handle.net/11362/81101,"Manual centroamericano de mantenimiento de carreteras con enfoque de reducción de riesgo de desastres, adaptación sostenible e incluyente al cambio climático y seguridad vial",autoria,Ileana Holt y Juan Fernando Mendoza,Ileana Holt | Juan Fernando Mendoza,False,,,pendiente
https://hdl.handle.net/11362/81101,"Manual centroamericano de mantenimiento de carreteras con enfoque de reducción de riesgo de desastres, adaptación sostenible e incluyente al cambio climático y seguridad vial",tipo_documento,Manual técnico,,True,,,pendiente
https://hdl.handle.net/11362/81101,"Manual centroamericano de mantenimiento de carreteras con enfoque de reducción de riesgo de desastres, adaptación sostenible e incluyente al cambio climático y seguridad vial",ambito_aplicacion,"Subregional: países miembros del SICA/COSEFIN, con énfasis en la red vial centroamericana y República Dominicana.",subregional:Subregional,True,,,pendiente
https://hdl.handle.net/11362/81101,"Manual centroamericano de mantenimiento de carreteras con enfoque de reducción de riesgo de desastres, adaptación sostenible e incluyente al cambio climático y seguridad vial",paises,"Subregional: países miembros del SICA/COSEFIN, con énfasis en la red vial centroamericana y República Dominicana.",republica_dominicana:República Dominicana,False,,,pendiente
https://hdl.handle.net/11362/81101,"Manual centroamericano de mantenimiento de carreteras con enfoque de reducción de riesgo de desastres, adaptación sostenible e incluyente al cambio climático y seguridad vial",subregiones,"Subregional: países miembros del SICA/COSEFIN, con énfasis en la red vial centroamericana y República Dominicana.",,True,,,pendiente
https://hdl.handle.net/11362/81101,"Manual centroamericano de mantenimiento de carreteras con enfoque de reducción de riesgo de desastres, adaptación sostenible e incluyente al cambio climático y seguridad vial",sectores,"Mantenimiento, contratación y licitación de carreteras, pavimentos, drenajes, taludes, señalización, puentes, estructuras menores, emergencias, gestión ambiental y contratos por niveles de servicio.",,True,,,pendiente
https://hdl.handle.net/11362/81101,"Manual centroamericano de mantenimiento de carreteras con enfoque de reducción de riesgo de desastres, adaptación sostenible e incluyente al cambio climático y seguridad vial",organizaciones,"SICA, COMITRAN/SIECA, CEPREDENAC, CRRH, PCGIR, Marco de Sendai, Acuerdo de París, Agenda 2030, EM-DAT, SNIP y RIDASICC.",,True,,,pendiente
https://hdl.handle.net/11362/81149,El gasto público vinculado con el cambio climático en América Latina,autoria,Andrea Podestá,Andrea Podestá,False,,,pendiente
https://hdl.handle.net/11362/81149,El gasto público vinculado con el cambio climático en América Latina,tipo_documento,Documento de proyecto o estudio técnico,estudio_tecnico:Estudio técnico,False,,,pendiente
https://hdl.handle.net/11362/81149,El gasto público vinculado con el cambio climático en América Latina,ambito_aplicacion,"Argentina, Colombia, Honduras, México, Nicaragua y Perú; con una comparación regional de 16 países para el gasto ambiental.",regional:Regional,True,,,pendiente
https://hdl.handle.net/11362/81149,El gasto público vinculado con el cambio climático en América Latina,paises,"Argentina, Colombia, Honduras, México, Nicaragua y Perú; con una comparación regional de 16 países para el gasto ambiental.",argentina:Argentina | colombia:Colombia | honduras:Honduras | mexico:México | nicaragua:Nicaragua | peru:Perú,False,,,pendiente
https://hdl.handle.net/11362/81149,El gasto público vinculado con el cambio climático en América Latina,subregiones,"Argentina, Colombia, Honduras, México, Nicaragua y Perú; con una comparación regional de 16 países para el gasto ambiental.",,True,,,pendiente
https://hdl.handle.net/11362/81149,El gasto público vinculado con el cambio climático en América Latina,sectores,"Gasto público transversal en energía, agricultura, transporte, vivienda, agua y saneamiento, medio ambiente, salud, educación, protección social, residuos, bosques y gestión de riesgos.",agricultura:Agricultura | agua:Agua y recursos hídricos | energia:Energía | transporte:Transporte | salud:Salud | ciudades_vivienda:Ciudades y vivienda | ecosistemas:Ecosistemas y biodiversidad | proteccion_social:Protección social,False,,,pendiente
https://hdl.handle.net/11362/81149,El gasto público vinculado con el cambio climático en América Latina,organizaciones,"Marcadores de Río de la OCDE, Unión Europea, bancos multilaterales de desarrollo, CMNUCC, CPEIR/PNUD, BID, FMI, SCAE/CAPA y guía CEPAL/INEGI.",cepal:CEPAL | bid:BID | ocde:OCDE,False,,,pendiente
https://hdl.handle.net/11362/81194,Enhancing critical forms of financing and aid effectiveness through collaborative partnerships. Policy Brief,autoria,,,False,,,pendiente
https://hdl.handle.net/11362/81194,Enhancing critical forms of financing and aid effectiveness through collaborative partnerships. Policy Brief,tipo_documento,Policy Brief,policy_brief:Policy brief,False,,,pendiente
https://hdl.handle.net/11362/81194,Enhancing critical forms of financing and aid effectiveness through collaborative partnerships. Policy Brief,ambito_aplicacion,"Pequeños Estados insulares en desarrollo (SIDS), con énfasis en el Caribe y referencias comparativas al Pacífico, Atlántico, Índico y mar de China meridional.",subregional:Subregional,True,,,pendiente
https://hdl.handle.net/11362/81194,Enhancing critical forms of financing and aid effectiveness through collaborative partnerships. Policy Brief,paises,"Pequeños Estados insulares en desarrollo (SIDS), con énfasis en el Caribe y referencias comparativas al Pacífico, Atlántico, Índico y mar de China meridional.",,True,,,pendiente
https://hdl.handle.net/11362/81194,Enhancing critical forms of financing and aid effectiveness through collaborative partnerships. Policy Brief,subregiones,"Pequeños Estados insulares en desarrollo (SIDS), con énfasis en el Caribe y referencias comparativas al Pacífico, Atlántico, Índico y mar de China meridional.",caribe:Caribe,False,,,pendiente
https://hdl.handle.net/11362/81194,Enhancing critical forms of financing and aid effectiveness through collaborative partnerships. Policy Brief,sectores,"Financiamiento soberano y concesional, financiamiento climático, inversión extranjera directa, remesas, infraestructura resiliente, energía renovable, agricultura y pesca sostenibles, seguridad alimentaria, protección social y capacidades institucionales.",agricultura:Agricultura | energia:Energía | finanzas:Finanzas y financiamiento | proteccion_social:Protección social,False,,,pendiente
https://hdl.handle.net/11362/81194,Enhancing critical forms of financing and aid effectiveness through collaborative partnerships. Policy Brief,organizaciones,"Bridgetown Initiative 2.0, G20, instituciones financieras internacionales, bancos multilaterales de desarrollo, Climate Finance Access Network, Fondo Verde para el Clima, Fondo de Pérdidas y Daños, India-UN Development Partnership Fund, India-Brazil-South Africa Trust Fund y Development Cooperation Forum de Naciones Unidas.",naciones_unidas:Naciones Unidas,False,,,pendiente
https://hdl.handle.net/11362/81405,América Latina y el Caribe y la Agenda 2030 a cinco años de la meta,autoria,Comisión Económica para América Latina y el Caribe (CEPAL),Comisión Económica para América Latina | el Caribe (CEPAL),False,,,pendiente
https://hdl.handle.net/11362/81405,América Latina y el Caribe y la Agenda 2030 a cinco años de la meta,tipo_documento,Informe institucional insignia,informe:Informe,False,,,pendiente
https://hdl.handle.net/11362/81405,América Latina y el Caribe y la Agenda 2030 a cinco años de la meta,ambito_aplicacion,"América Latina y el Caribe, con desagregación en América del Sur, Centroamérica y México, el Caribe y ejemplos nacionales y subnacionales.",regional:Regional | subregional:Subregional,True,,,pendiente
https://hdl.handle.net/11362/81405,América Latina y el Caribe y la Agenda 2030 a cinco años de la meta,paises,"América Latina y el Caribe, con desagregación en América del Sur, Centroamérica y México, el Caribe y ejemplos nacionales y subnacionales.",mexico:México,False,,,pendiente
https://hdl.handle.net/11362/81405,América Latina y el Caribe y la Agenda 2030 a cinco años de la meta,subregiones,"América Latina y el Caribe, con desagregación en América del Sur, Centroamérica y México, el Caribe y ejemplos nacionales y subnacionales.",alc:América Latina y el Caribe | centroamerica:Centroamérica | caribe:Caribe,False,,,pendiente
https://hdl.handle.net/11362/81405,América Latina y el Caribe y la Agenda 2030 a cinco años de la meta,sectores,"Desarrollo productivo, empleo, protección social, salud, igualdad de género, océanos, transición energética, bioeconomía, economía circular, gobernanza, financiamiento, datos y alianzas.",energia:Energía | salud:Salud | finanzas:Finanzas y financiamiento | empleo:Empleo | proteccion_social:Protección social,False,,,pendiente
https://hdl.handle.net/11362/81405,América Latina y el Caribe y la Agenda 2030 a cinco años de la meta,organizaciones,"Agenda 2030 y ODS, Pacto para el Futuro, Pacto Digital Global, Declaración sobre las Generaciones Futuras, Acuerdo de París, CDN, Foro regional, ELV y marcos de cooperación internacional citados en el informe.",,True,,,pendiente
https://hdl.handle.net/11362/81535,Financiamiento del desarrollo urbano: suelo y movilidad pública en ciudades de Asia y América Latina,autoria,Claudia Acosta; Franco Jauregui-Fung; Bruno Lana; Diego Aulestia,Claudia Acosta | Franco Jauregui-Fung | Bruno Lana | Diego Aulestia,False,,,pendiente
https://hdl.handle.net/11362/81535,Financiamiento del desarrollo urbano: suelo y movilidad pública en ciudades de Asia y América Latina,tipo_documento,Documento de proyecto / estudio técnico,estudio_tecnico:Estudio técnico,False,,,pendiente
https://hdl.handle.net/11362/81535,Financiamiento del desarrollo urbano: suelo y movilidad pública en ciudades de Asia y América Latina,ambito_aplicacion,"Bogotá (Colombia), São Paulo (Brasil), los seis cantones centrales de San José (Costa Rica), Hong Kong (China), Delhi (India) y Yakarta (Indonesia).",,False,,,pendiente
https://hdl.handle.net/11362/81535,Financiamiento del desarrollo urbano: suelo y movilidad pública en ciudades de Asia y América Latina,paises,"Bogotá (Colombia), São Paulo (Brasil), los seis cantones centrales de San José (Costa Rica), Hong Kong (China), Delhi (India) y Yakarta (Indonesia).",brasil:Brasil | colombia:Colombia | costa_rica:Costa Rica,False,,,pendiente
https://hdl.handle.net/11362/81535,Financiamiento del desarrollo urbano: suelo y movilidad pública en ciudades de Asia y América Latina,subregiones,"Bogotá (Colombia), São Paulo (Brasil), los seis cantones centrales de San José (Costa Rica), Hong Kong (China), Delhi (India) y Yakarta (Indonesia).",,True,,,pendiente
https://hdl.handle.net/11362/81535,Financiamiento del desarrollo urbano: suelo y movilidad pública en ciudades de Asia y América Latina,sectores,"Desarrollo urbano, transporte público masivo ferroviario y BRT, desarrollo orientado al transporte (DOT), movilidad activa, suelo, proyectos inmobiliarios, captura de plusvalías, estacionamientos y financiamiento público-privado.",transporte:Transporte | ciudades_vivienda:Ciudades y vivienda | finanzas:Finanzas y financiamiento,False,,,pendiente
https://hdl.handle.net/11362/81535,Financiamiento del desarrollo urbano: suelo y movilidad pública en ciudades de Asia y América Latina,organizaciones,"Curitiba, Tokio, Seúl, Singapur, Ciudad de México, Fortaleza, Shenzhen, la República Popular China, el Gobierno de India, JICA y los marcos nacionales o provinciales de planificación de cada caso.",,True,,,pendiente
https://hdl.handle.net/11362/81772,"Panorama del océano, los mares y los recursos marinos y su contribución al desarrollo sostenible de América Latina y el Caribe",autoria,Rayén Quiroga; Marcia Tambutti; Enrique Sanjurjo; Naja Vargas Noriega,Rayén Quiroga | Marcia Tambutti | Enrique Sanjurjo | Naja Vargas Noriega,False,,,pendiente
https://hdl.handle.net/11362/81772,"Panorama del océano, los mares y los recursos marinos y su contribución al desarrollo sostenible de América Latina y el Caribe",tipo_documento,Informe insignia o Panorama,informe_insignia_panorama:Informe insignia o Panorama,False,,,pendiente
https://hdl.handle.net/11362/81772,"Panorama del océano, los mares y los recursos marinos y su contribución al desarrollo sostenible de América Latina y el Caribe",ambito_aplicacion,"América Latina y el Caribe, con análisis regional de los 33 países, énfasis en los países costeros, los Pequeños Estados Insulares en Desarrollo del Caribe, las cuatro zonas pesqueras regionales y las aguas internacionales conectadas con la región.",regional:Regional | subregional:Subregional | subnacional:Subnacional,True,,,pendiente
https://hdl.handle.net/11362/81772,"Panorama del océano, los mares y los recursos marinos y su contribución al desarrollo sostenible de América Latina y el Caribe",paises,"América Latina y el Caribe, con análisis regional de los 33 países, énfasis en los países costeros, los Pequeños Estados Insulares en Desarrollo del Caribe, las cuatro zonas pesqueras regionales y las aguas internacionales conectadas con la región.",,True,,,pendiente
https://hdl.handle.net/11362/81772,"Panorama del océano, los mares y los recursos marinos y su contribución al desarrollo sostenible de América Latina y el Caribe",subregiones,"América Latina y el Caribe, con análisis regional de los 33 países, énfasis en los países costeros, los Pequeños Estados Insulares en Desarrollo del Caribe, las cuatro zonas pesqueras regionales y las aguas internacionales conectadas con la región.",alc:América Latina y el Caribe | caribe:Caribe,False,,,pendiente
https://hdl.handle.net/11362/81772,"Panorama del océano, los mares y los recursos marinos y su contribución al desarrollo sostenible de América Latina y el Caribe",sectores,"Economía marina y azul; ecosistemas marino-costeros; pesca, acuicultura y maricultura; turismo costero; transporte marítimo; comercio oceánico; hidrocarburos y energía marina; minería de fondos marinos; conservación; ciencia, tecnología, monitoreo y gobernanza oceánica.",agricultura:Agricultura | energia:Energía | transporte:Transporte | comercio:Comercio | ecosistemas:Ecosistemas y biodiversidad,False,,,pendiente
https://hdl.handle.net/11362/81772,"Panorama del océano, los mares y los recursos marinos y su contribución al desarrollo sostenible de América Latina y el Caribe",organizaciones,"Agenda 2030 y ODS 14; Naciones Unidas, CONVEMAR, Acuerdo de Altamar/BBNJ, OMC, FAO, PNUMA, UNESCO, UNCTAD, OMI, CITES, IPCC y marcos regionales como el Convenio de Cartagena, las OROP y el Acuerdo de Escazú.",fao:FAO | ipcc:IPCC | naciones_unidas:Naciones Unidas,False,,,pendiente
https://hdl.handle.net/11362/81875,Diagnóstico y propuestas para una Meta Regional de Mitigación y Adaptación al Cambio Climático en el Sector Energético de los Países del SICA,autoria,José Manuel Arroyo; Santa Paola Centeno; Debora Ley; Indira Romero; Eugenio Torijano,José Manuel Arroyo | Santa Paola Centeno | Debora Ley | Indira Romero | Eugenio Torijano,False,,,pendiente
https://hdl.handle.net/11362/81875,Diagnóstico y propuestas para una Meta Regional de Mitigación y Adaptación al Cambio Climático en el Sector Energético de los Países del SICA,tipo_documento,Documento de proyecto o estudio técnico,estudio_tecnico:Estudio técnico,False,,,pendiente
https://hdl.handle.net/11362/81875,Diagnóstico y propuestas para una Meta Regional de Mitigación y Adaptación al Cambio Climático en el Sector Energético de los Países del SICA,ambito_aplicacion,"Países del SICA: Belice, Costa Rica, El Salvador, Guatemala, Honduras, Nicaragua, Panamá y República Dominicana",,False,,,pendiente
https://hdl.handle.net/11362/81875,Diagnóstico y propuestas para una Meta Regional de Mitigación y Adaptación al Cambio Climático en el Sector Energético de los Países del SICA,paises,"Países del SICA: Belice, Costa Rica, El Salvador, Guatemala, Honduras, Nicaragua, Panamá y República Dominicana",belice:Belice | costa_rica:Costa Rica | el_salvador:El Salvador | guatemala:Guatemala | honduras:Honduras | nicaragua:Nicaragua | panama:Panamá | republica_dominicana:República Dominicana,False,,,pendiente
https://hdl.handle.net/11362/81875,Diagnóstico y propuestas para una Meta Regional de Mitigación y Adaptación al Cambio Climático en el Sector Energético de los Países del SICA,subregiones,"Países del SICA: Belice, Costa Rica, El Salvador, Guatemala, Honduras, Nicaragua, Panamá y República Dominicana",,True,,,pendiente
https://hdl.handle.net/11362/81875,Diagnóstico y propuestas para una Meta Regional de Mitigación y Adaptación al Cambio Climático en el Sector Energético de los Países del SICA,sectores,"Sector energético: acceso, combustibles limpios, renovables, eficiencia, mitigación, adaptación, pérdidas y daños, MRV y financiamiento",energia:Energía | finanzas:Finanzas y financiamiento,False,,,pendiente
https://hdl.handle.net/11362/81875,Diagnóstico y propuestas para una Meta Regional de Mitigación y Adaptación al Cambio Climático en el Sector Energético de los Países del SICA,organizaciones,"Acuerdo de París, CMNUCC, Agenda 2030, ODS 7, ONU-Energía, HiVOS, OCDE y experiencias nacionales citadas",naciones_unidas:Naciones Unidas | ocde:OCDE,False,,,pendiente
https://hdl.handle.net/11362/81886,Empleos verdes y sistemas de protección social: aportes a la transformación del modelo de desarrollo,autoria,Jürgen Weller,Jürgen Weller,False,,,pendiente
https://hdl.handle.net/11362/81886,Empleos verdes y sistemas de protección social: aportes a la transformación del modelo de desarrollo,tipo_documento,Documento de Proyectos,,True,,,pendiente
https://hdl.handle.net/11362/81886,Empleos verdes y sistemas de protección social: aportes a la transformación del modelo de desarrollo,ambito_aplicacion,"América Latina y el Caribe, con referencias específicas a países como Argentina, Brasil, Chile, Colombia, Ecuador, Guatemala, Honduras, México, Paraguay, Perú, Uruguay y varios centroamericanos y caribeños",regional:Regional | subregional:Subregional,True,,,pendiente
https://hdl.handle.net/11362/81886,Empleos verdes y sistemas de protección social: aportes a la transformación del modelo de desarrollo,paises,"América Latina y el Caribe, con referencias específicas a países como Argentina, Brasil, Chile, Colombia, Ecuador, Guatemala, Honduras, México, Paraguay, Perú, Uruguay y varios centroamericanos y caribeños",argentina:Argentina | brasil:Brasil | chile:Chile | colombia:Colombia | ecuador:Ecuador | guatemala:Guatemala | honduras:Honduras | mexico:México | paraguay:Paraguay | peru:Perú | uruguay:Uruguay,False,,,pendiente
https://hdl.handle.net/11362/81886,Empleos verdes y sistemas de protección social: aportes a la transformación del modelo de desarrollo,subregiones,"América Latina y el Caribe, con referencias específicas a países como Argentina, Brasil, Chile, Colombia, Ecuador, Guatemala, Honduras, México, Paraguay, Perú, Uruguay y varios centroamericanos y caribeños",alc:América Latina y el Caribe | caribe:Caribe,False,,,pendiente
https://hdl.handle.net/11362/81886,Empleos verdes y sistemas de protección social: aportes a la transformación del modelo de desarrollo,sectores,"Empleo, protección social, desarrollo productivo, transición energética, agricultura, industria, transporte, construcción, gestión de residuos",agricultura:Agricultura | energia:Energía | transporte:Transporte | industria:Industria | empleo:Empleo | proteccion_social:Protección social,False,,,pendiente
https://hdl.handle.net/11362/81886,Empleos verdes y sistemas de protección social: aportes a la transformación del modelo de desarrollo,organizaciones,"OIT, PNUMA, Foro Económico Mundial (WEF), McKinsey Global Institute, Unión Europea, España (Plan Territorial de Transición Justa), Estados Unidos (Inflation Reduction Act)",,True,,,pendiente
https://hdl.handle.net/11362/81906,Climate change and monetary policy in Latin America and the Caribbean,autoria,Michael Pedersen,Michael Pedersen,False,,,pendiente
https://hdl.handle.net/11362/81906,Climate change and monetary policy in Latin America and the Caribbean,tipo_documento,Documento de proyecto o estudio técnico,estudio_tecnico:Estudio técnico,False,,,pendiente
https://hdl.handle.net/11362/81906,Climate change and monetary policy in Latin America and the Caribbean,ambito_aplicacion,"América Latina y el Caribe (regional), con referencias a subregiones (Caribe, Centroamérica, países andinos) y a países específicos (Chile, México, Brasil, Colombia, Venezuela, Perú, Bolivia, Argentina, Jamaica, Trinidad y Tobago, Dominica, entre otros)",regional:Regional | subregional:Subregional,True,,,pendiente
https://hdl.handle.net/11362/81906,Climate change and monetary policy in Latin America and the Caribbean,paises,"América Latina y el Caribe (regional), con referencias a subregiones (Caribe, Centroamérica, países andinos) y a países específicos (Chile, México, Brasil, Colombia, Venezuela, Perú, Bolivia, Argentina, Jamaica, Trinidad y Tobago, Dominica, entre otros)",argentina:Argentina | bolivia:Bolivia (Estado Plurinacional de) | brasil:Brasil | chile:Chile | colombia:Colombia | dominica:Dominica | jamaica:Jamaica | mexico:México | peru:Perú | venezuela:Venezuela (República Bolivariana de),False,,,pendiente
https://hdl.handle.net/11362/81906,Climate change and monetary policy in Latin America and the Caribbean,subregiones,"América Latina y el Caribe (regional), con referencias a subregiones (Caribe, Centroamérica, países andinos) y a países específicos (Chile, México, Brasil, Colombia, Venezuela, Perú, Bolivia, Argentina, Jamaica, Trinidad y Tobago, Dominica, entre otros)",alc:América Latina y el Caribe | centroamerica:Centroamérica | caribe:Caribe,False,,,pendiente
https://hdl.handle.net/11362/81906,Climate change and monetary policy in Latin America and the Caribbean,sectores,"Política monetaria, estabilidad macroeconómica y financiera; sectores expuestos: agricultura, energía (incluida hidroelectricidad), turismo, pesca, minería, transporte",agricultura:Agricultura | energia:Energía | transporte:Transporte,False,,,pendiente
https://hdl.handle.net/11362/81906,Climate change and monetary policy in Latin America and the Caribbean,organizaciones,"Bancos centrales y literatura internacional (FMI, OIT, BCE, NGFS, Banco de la Reserva de la India) citados como referentes metodológicos y de evidencia; la política monetaria de economías avanzadas funciona como marco de comparación",,True,,,pendiente
https://hdl.handle.net/11362/82026,National economic development plans and their contributions to climate goals under the Paris Agreement,autoria,"Santiago Lorenzo, Camila Gramkow, Jimy Ferrer y Carlos Francisco",Santiago Lorenzo | Camila Gramkow | Jimy Ferrer | Carlos Francisco,False,,,pendiente
https://hdl.handle.net/11362/82026,National economic development plans and their contributions to climate goals under the Paris Agreement,tipo_documento,Documentos de proyectos e investigación,,True,,,pendiente
https://hdl.handle.net/11362/82026,National economic development plans and their contributions to climate goals under the Paris Agreement,ambito_aplicacion,Economías del G20 (17 planes y estrategias seleccionados; Sudáfrica e Indonesia como plataformas de país explícitas),nacional:Nacional,True,,,pendiente
https://hdl.handle.net/11362/82026,National economic development plans and their contributions to climate goals under the Paris Agreement,paises,Economías del G20 (17 planes y estrategias seleccionados; Sudáfrica e Indonesia como plataformas de país explícitas),,True,,,pendiente
https://hdl.handle.net/11362/82026,National economic development plans and their contributions to climate goals under the Paris Agreement,subregiones,Economías del G20 (17 planes y estrategias seleccionados; Sudáfrica e Indonesia como plataformas de país explícitas),,True,,,pendiente
https://hdl.handle.net/11362/82026,National economic development plans and their contributions to climate goals under the Paris Agreement,sectores,"Multisectorial: planes nacionales de desarrollo económico verde (mitigación, adaptación, co-beneficios y equidad, mecanismos e instrumentos, gobernanza)",,True,,,pendiente
https://hdl.handle.net/11362/82026,National economic development plans and their contributions to climate goals under the Paris Agreement,organizaciones,"G20 Reference Framework for Effective Country Platforms (2020); IEG (2023); OCDE, PNUMA y ECLAC (big push for sustainability)",ocde:OCDE,False,,,pendiente
https://hdl.handle.net/11362/82157,"Assessment of the effects and impacts of Hurricane Beryl on Barbados, 2024",autoria,"Economic Commission for Latin America and the Caribbean (ECLAC), United Nations Development Programme (UNDP) and United Nations Office for Disaster Risk Reduction (UNDRR)",Economic Commission for Latin America and the Caribbean (ECLAC) | United Nations Development Programme (UNDP) and United Nations Office for Disaster Risk Reduction (UNDRR),False,,,pendiente
https://hdl.handle.net/11362/82157,"Assessment of the effects and impacts of Hurricane Beryl on Barbados, 2024",tipo_documento,Project Documents / assessment of effects and impacts,,True,,,pendiente
https://hdl.handle.net/11362/82157,"Assessment of the effects and impacts of Hurricane Beryl on Barbados, 2024",ambito_aplicacion,"Barbados, con atención a Bridgetown, las parroquias y las costas sur y oeste; el análisis sectorial cubre población, vivienda, educación, pesca, agricultura, turismo, energía, telecomunicaciones, transporte, ambiente y macroeconomía.",,False,,,pendiente
https://hdl.handle.net/11362/82157,"Assessment of the effects and impacts of Hurricane Beryl on Barbados, 2024",paises,"Barbados, con atención a Bridgetown, las parroquias y las costas sur y oeste; el análisis sectorial cubre población, vivienda, educación, pesca, agricultura, turismo, energía, telecomunicaciones, transporte, ambiente y macroeconomía.",barbados:Barbados,False,,,pendiente
https://hdl.handle.net/11362/82157,"Assessment of the effects and impacts of Hurricane Beryl on Barbados, 2024",subregiones,"Barbados, con atención a Bridgetown, las parroquias y las costas sur y oeste; el análisis sectorial cubre población, vivienda, educación, pesca, agricultura, turismo, energía, telecomunicaciones, transporte, ambiente y macroeconomía.",,True,,,pendiente
https://hdl.handle.net/11362/82157,"Assessment of the effects and impacts of Hurricane Beryl on Barbados, 2024",sectores,"Gestión del riesgo de desastres, reconstrucción resiliente, infraestructura costera y transporte, vivienda, educación, pesca y agricultura, turismo, energía, telecomunicaciones, ecosistemas costeros y finanzas públicas.",agricultura:Agricultura | energia:Energía | transporte:Transporte | ciudades_vivienda:Ciudades y vivienda | finanzas:Finanzas y financiamiento | ecosistemas:Ecosistemas y biodiversidad,False,,,pendiente
https://hdl.handle.net/11362/82157,"Assessment of the effects and impacts of Hurricane Beryl on Barbados, 2024",organizaciones,"Caribe y SIDS; Sendai Framework, iGOPP/CDEMA, CROSQ, IDB, CCRIF, NHC-NOAA, FAO y fuentes regionales e internacionales de valoración y gestión del riesgo.",fao:FAO,False,,,pendiente
https://hdl.handle.net/11362/82449,Enhancing data for development: policy imperatives for tracking the implementation of the Antigua and Barbuda Agenda for Small Island Developing States in the Caribbean. Policy Brief,autoria,,,False,,,pendiente
https://hdl.handle.net/11362/82449,Enhancing data for development: policy imperatives for tracking the implementation of the Antigua and Barbuda Agenda for Small Island Developing States in the Caribbean. Policy Brief,tipo_documento,Policy Brief,policy_brief:Policy brief,False,,,pendiente
https://hdl.handle.net/11362/82449,Enhancing data for development: policy imperatives for tracking the implementation of the Antigua and Barbuda Agenda for Small Island Developing States in the Caribbean. Policy Brief,ambito_aplicacion,"Pequeños Estados insulares en desarrollo del Caribe (Caribbean SIDS), en el marco de la Agenda de Antigua y Barbuda (2024-2034).",subregional:Subregional,True,,,pendiente
https://hdl.handle.net/11362/82449,Enhancing data for development: policy imperatives for tracking the implementation of the Antigua and Barbuda Agenda for Small Island Developing States in the Caribbean. Policy Brief,paises,"Pequeños Estados insulares en desarrollo del Caribe (Caribbean SIDS), en el marco de la Agenda de Antigua y Barbuda (2024-2034).",antigua_barbuda:Antigua y Barbuda,False,,,pendiente
https://hdl.handle.net/11362/82449,Enhancing data for development: policy imperatives for tracking the implementation of the Antigua and Barbuda Agenda for Small Island Developing States in the Caribbean. Policy Brief,subregiones,"Pequeños Estados insulares en desarrollo del Caribe (Caribbean SIDS), en el marco de la Agenda de Antigua y Barbuda (2024-2034).",caribe:Caribe,False,,,pendiente
https://hdl.handle.net/11362/82449,Enhancing data for development: policy imperatives for tracking the implementation of the Antigua and Barbuda Agenda for Small Island Developing States in the Caribbean. Policy Brief,sectores,"Sistemas estadísticos y gobernanza de datos para el desarrollo; monitoreo de cambio climático, reducción de riesgo de desastres, transporte sostenible, igualdad de género, gobernanza oceánica, turismo, energía y salud.",energia:Energía | transporte:Transporte | salud:Salud,False,,,pendiente
https://hdl.handle.net/11362/82449,Enhancing data for development: policy imperatives for tracking the implementation of the Antigua and Barbuda Agenda for Small Island Developing States in the Caribbean. Policy Brief,organizaciones,"Barbados Programme of Action (1994), Mauritius Strategy (2005), SAMOA Pathway (2014-2024), Agenda 2030 y ODS, Marco de Sendai, Acuerdo de París, índice de vulnerabilidad multidimensional, evaluación ECLAC (2023a), DESA, UN-OHRLLS, CARICOM, ESCAP (2024).",,True,,,pendiente
https://hdl.handle.net/11362/82456,La vivienda y el desarrollo urbano como motores de inclusión social y acción climática en América Latina y el Caribe: intervenciones en la XXXIII Asamblea General del Foro de Ministros y Autoridades Máximas de la Vivienda y el Desarrollo Urbano de América Latina y el Caribe (MINURVI),autoria,,,False,,,pendiente
https://hdl.handle.net/11362/82456,La vivienda y el desarrollo urbano como motores de inclusión social y acción climática en América Latina y el Caribe: intervenciones en la XXXIII Asamblea General del Foro de Ministros y Autoridades Máximas de la Vivienda y el Desarrollo Urbano de América Latina y el Caribe (MINURVI),tipo_documento,Serie Seminarios y Conferencias,memoria_seminario:Memoria de seminario,False,,,pendiente
https://hdl.handle.net/11362/82456,La vivienda y el desarrollo urbano como motores de inclusión social y acción climática en América Latina y el Caribe: intervenciones en la XXXIII Asamblea General del Foro de Ministros y Autoridades Máximas de la Vivienda y el Desarrollo Urbano de América Latina y el Caribe (MINURVI),ambito_aplicacion,"América Latina y el Caribe (regional, con intervenciones de 10 países: Brasil, Barbados, Chile, Cuba, Ecuador, Argentina, Uruguay, Costa Rica, Paraguay, El Salvador, Honduras)",regional:Regional | subregional:Subregional,True,,,pendiente
https://hdl.handle.net/11362/82456,La vivienda y el desarrollo urbano como motores de inclusión social y acción climática en América Latina y el Caribe: intervenciones en la XXXIII Asamblea General del Foro de Ministros y Autoridades Máximas de la Vivienda y el Desarrollo Urbano de América Latina y el Caribe (MINURVI),paises,"América Latina y el Caribe (regional, con intervenciones de 10 países: Brasil, Barbados, Chile, Cuba, Ecuador, Argentina, Uruguay, Costa Rica, Paraguay, El Salvador, Honduras)",argentina:Argentina | barbados:Barbados | brasil:Brasil | chile:Chile | costa_rica:Costa Rica | cuba:Cuba | ecuador:Ecuador | el_salvador:El Salvador | honduras:Honduras | paraguay:Paraguay | uruguay:Uruguay,False,,,pendiente
https://hdl.handle.net/11362/82456,La vivienda y el desarrollo urbano como motores de inclusión social y acción climática en América Latina y el Caribe: intervenciones en la XXXIII Asamblea General del Foro de Ministros y Autoridades Máximas de la Vivienda y el Desarrollo Urbano de América Latina y el Caribe (MINURVI),subregiones,"América Latina y el Caribe (regional, con intervenciones de 10 países: Brasil, Barbados, Chile, Cuba, Ecuador, Argentina, Uruguay, Costa Rica, Paraguay, El Salvador, Honduras)",alc:América Latina y el Caribe | caribe:Caribe,False,,,pendiente
https://hdl.handle.net/11362/82456,La vivienda y el desarrollo urbano como motores de inclusión social y acción climática en América Latina y el Caribe: intervenciones en la XXXIII Asamblea General del Foro de Ministros y Autoridades Máximas de la Vivienda y el Desarrollo Urbano de América Latina y el Caribe (MINURVI),sectores,"Vivienda, desarrollo urbano, cambio climático, finanzas públicas, gobernanza multilateral",ciudades_vivienda:Ciudades y vivienda | finanzas:Finanzas y financiamiento,False,,,pendiente
https://hdl.handle.net/11362/82456,La vivienda y el desarrollo urbano como motores de inclusión social y acción climática en América Latina y el Caribe: intervenciones en la XXXIII Asamblea General del Foro de Ministros y Autoridades Máximas de la Vivienda y el Desarrollo Urbano de América Latina y el Caribe (MINURVI),organizaciones,"ONU-Hábitat, CEPAL, BID, CAF, Banco Mundial, GIZ, Acuerdo de París, Nueva Agenda Urbana, Agenda 2030, COP30",cepal:CEPAL | bid:BID | naciones_unidas:Naciones Unidas | banco_mundial:Banco Mundial,False,,,pendiente
https://hdl.handle.net/11362/82476,Evaluación de los efectos e impactos Tormenta Tropical Sara en Honduras,autoria,,,False,,,pendiente
https://hdl.handle.net/11362/82476,Evaluación de los efectos e impactos Tormenta Tropical Sara en Honduras,tipo_documento,Documento de proyecto / estudio técnico de evaluación DaLA y recomendaciones de reconstrucción,estudio_tecnico:Estudio técnico,False,,,pendiente
https://hdl.handle.net/11362/82476,Evaluación de los efectos e impactos Tormenta Tropical Sara en Honduras,ambito_aplicacion,"Honduras, con afectaciones registradas en 16 de sus 18 departamentos y análisis detallado de departamentos, municipios, cuencas y comunidades particularmente expuestos del litoral Atlántico y del sur.",,False,,,pendiente
https://hdl.handle.net/11362/82476,Evaluación de los efectos e impactos Tormenta Tropical Sara en Honduras,paises,"Honduras, con afectaciones registradas en 16 de sus 18 departamentos y análisis detallado de departamentos, municipios, cuencas y comunidades particularmente expuestos del litoral Atlántico y del sur.",honduras:Honduras,False,,,pendiente
https://hdl.handle.net/11362/82476,Evaluación de los efectos e impactos Tormenta Tropical Sara en Honduras,subregiones,"Honduras, con afectaciones registradas en 16 de sus 18 departamentos y análisis detallado de departamentos, municipios, cuencas y comunidades particularmente expuestos del litoral Atlántico y del sur.",,True,,,pendiente
https://hdl.handle.net/11362/82476,Evaluación de los efectos e impactos Tormenta Tropical Sara en Honduras,sectores,"Población, educación, salud, vivienda, agua y saneamiento, electricidad, transporte, agricultura, comercio, ganadería, turismo, medio ambiente y variables macroeconómicas; el cierre añade gobernanza, información, inversión y preparación para la reconstrucción.",agricultura:Agricultura | agua:Agua y recursos hídricos | energia:Energía | transporte:Transporte | salud:Salud | ciudades_vivienda:Ciudades y vivienda | comercio:Comercio | finanzas:Finanzas y financiamiento,False,,,pendiente
https://hdl.handle.net/11362/82476,Evaluación de los efectos e impactos Tormenta Tropical Sara en Honduras,organizaciones,"Metodología DaLA de CEPAL, Marco de Sendai 2015-2030, registros de COPECO y CENAOS, fuentes del BID, UNDRR, PNUD, OMM, FAO, ICF, CCRIF, Copernicus y NOAA.",cepal:CEPAL | bid:BID | fao:FAO,False,,,pendiente
https://hdl.handle.net/11362/82547,Criterios para la sostenibilidad y la resiliencia de las inversiones públicas agropecuarias en Centroamérica y la República Dominicana,autoria,Lya Freitas,Lya Freitas,False,,,pendiente
https://hdl.handle.net/11362/82547,Criterios para la sostenibilidad y la resiliencia de las inversiones públicas agropecuarias en Centroamérica y la República Dominicana,tipo_documento,Documento de proyecto o estudio técnico,estudio_tecnico:Estudio técnico,False,,,pendiente
https://hdl.handle.net/11362/82547,Criterios para la sostenibilidad y la resiliencia de las inversiones públicas agropecuarias en Centroamérica y la República Dominicana,ambito_aplicacion,"Centroamérica y la República Dominicana (países del SICA: Belice, Costa Rica, El Salvador, Guatemala, Honduras, Nicaragua, Panamá y República Dominicana)",subregional:Subregional,True,,,pendiente
https://hdl.handle.net/11362/82547,Criterios para la sostenibilidad y la resiliencia de las inversiones públicas agropecuarias en Centroamérica y la República Dominicana,paises,"Centroamérica y la República Dominicana (países del SICA: Belice, Costa Rica, El Salvador, Guatemala, Honduras, Nicaragua, Panamá y República Dominicana)",belice:Belice | costa_rica:Costa Rica | el_salvador:El Salvador | guatemala:Guatemala | honduras:Honduras | nicaragua:Nicaragua | panama:Panamá | republica_dominicana:República Dominicana,False,,,pendiente
https://hdl.handle.net/11362/82547,Criterios para la sostenibilidad y la resiliencia de las inversiones públicas agropecuarias en Centroamérica y la República Dominicana,subregiones,"Centroamérica y la República Dominicana (países del SICA: Belice, Costa Rica, El Salvador, Guatemala, Honduras, Nicaragua, Panamá y República Dominicana)",centroamerica:Centroamérica,False,,,pendiente
https://hdl.handle.net/11362/82547,Criterios para la sostenibilidad y la resiliencia de las inversiones públicas agropecuarias en Centroamérica y la República Dominicana,sectores,"Sector agropecuario: producción, rendimientos, irrigación, seguridad alimentaria, cambio climático, inversión pública",agricultura:Agricultura | finanzas:Finanzas y financiamiento,False,,,pendiente
https://hdl.handle.net/11362/82547,Criterios para la sostenibilidad y la resiliencia de las inversiones públicas agropecuarias en Centroamérica y la República Dominicana,organizaciones,"Organizaciones internacionales (FAO, OCDE, BID, GIZ, IICA), experiencias de otros países y marcos internacionales (ODS, Acuerdo de París, Marco de Sendai)",bid:BID | fao:FAO | ocde:OCDE,False,,,pendiente
https://hdl.handle.net/11362/84499,"La situación de las estadísticas, indicadores y cuentas ambientales en América Latina y el Caribe, 2023",autoria,Georgina Alcantar López; Alberto Malmierca Castaño; Analía Pérez Quesada,Georgina Alcantar López | Alberto Malmierca Castaño | Analía Pérez Quesada,False,,,pendiente
https://hdl.handle.net/11362/84499,"La situación de las estadísticas, indicadores y cuentas ambientales en América Latina y el Caribe, 2023",tipo_documento,Serie Estudios Estadísticos / estudio técnico,estudio_tecnico:Estudio técnico,False,,,pendiente
https://hdl.handle.net/11362/84499,"La situación de las estadísticas, indicadores y cuentas ambientales en América Latina y el Caribe, 2023",ambito_aplicacion,"América Latina y el Caribe, incluidos países y territorios del Caribe anglófono; respondieron 30 países y territorios.",regional:Regional | subregional:Subregional,True,,,pendiente
https://hdl.handle.net/11362/84499,"La situación de las estadísticas, indicadores y cuentas ambientales en América Latina y el Caribe, 2023",paises,"América Latina y el Caribe, incluidos países y territorios del Caribe anglófono; respondieron 30 países y territorios.",,True,,,pendiente
https://hdl.handle.net/11362/84499,"La situación de las estadísticas, indicadores y cuentas ambientales en América Latina y el Caribe, 2023",subregiones,"América Latina y el Caribe, incluidos países y territorios del Caribe anglófono; respondieron 30 países y territorios.",alc:América Latina y el Caribe | caribe:Caribe,False,,,pendiente
https://hdl.handle.net/11362/84499,"La situación de las estadísticas, indicadores y cuentas ambientales en América Latina y el Caribe, 2023",sectores,"Estadísticas ambientales, indicadores, cuentas ambientales y económicas, ecosistemas, agua, energía, bosques, biodiversidad y cambio climático.",agua:Agua y recursos hídricos | energia:Energía | ecosistemas:Ecosistemas y biodiversidad,False,,,pendiente
https://hdl.handle.net/11362/84499,"La situación de las estadísticas, indicadores y cuentas ambientales en América Latina y el Caribe, 2023",organizaciones,"Naciones Unidas, DENU, CEE/CEPE, CEPAL, EUROCLIMA, SCAE, MDEA, IPCC, Agenda 2030 y Marco de Sendai.",cepal:CEPAL | ipcc:IPCC | naciones_unidas:Naciones Unidas,False,,,pendiente
https://hdl.handle.net/11362/84510,Financiamiento del cambio climático en el Caribe: análisis desde una perspectiva de género,autoria,Mariama Williams; Ayesha Constable,Mariama Williams | Ayesha Constable,False,,,pendiente
https://hdl.handle.net/11362/84510,Financiamiento del cambio climático en el Caribe: análisis desde una perspectiva de género,tipo_documento,Documento de proyecto o estudio técnico,estudio_tecnico:Estudio técnico,False,,,pendiente
https://hdl.handle.net/11362/84510,Financiamiento del cambio climático en el Caribe: análisis desde una perspectiva de género,ambito_aplicacion,"Caribe, con atención a los PEID del Caribe, CARICOM y países y proyectos caribeños específicos.",subregional:Subregional,True,,,pendiente
https://hdl.handle.net/11362/84510,Financiamiento del cambio climático en el Caribe: análisis desde una perspectiva de género,paises,"Caribe, con atención a los PEID del Caribe, CARICOM y países y proyectos caribeños específicos.",,True,,,pendiente
https://hdl.handle.net/11362/84510,Financiamiento del cambio climático en el Caribe: análisis desde una perspectiva de género,subregiones,"Caribe, con atención a los PEID del Caribe, CARICOM y países y proyectos caribeños específicos.",caribe:Caribe,False,,,pendiente
https://hdl.handle.net/11362/84510,Financiamiento del cambio climático en el Caribe: análisis desde una perspectiva de género,sectores,"Financiamiento climático público y privado; adaptación, mitigación, agua, energía, transporte, agricultura, pesca, infraestructura, servicios financieros y economía del cuidado.",agricultura:Agricultura | agua:Agua y recursos hídricos | energia:Energía | transporte:Transporte | finanzas:Finanzas y financiamiento,False,,,pendiente
https://hdl.handle.net/11362/84510,Financiamiento del cambio climático en el Caribe: análisis desde una perspectiva de género,organizaciones,"CMNUCC, FVC, FIC, Fondo de Adaptación, BID, CDB, ONU-Mujeres y experiencias de América Latina, Asia y otras regiones.",bid:BID | naciones_unidas:Naciones Unidas,False,,,pendiente
https://hdl.handle.net/11362/85930,"Repositioning science, technology and innovation for sustainable development in Caribbean SIDS. Policy Brief",autoria,,,False,,,pendiente
https://hdl.handle.net/11362/85930,"Repositioning science, technology and innovation for sustainable development in Caribbean SIDS. Policy Brief",tipo_documento,Policy Brief,policy_brief:Policy brief,False,,,pendiente
https://hdl.handle.net/11362/85930,"Repositioning science, technology and innovation for sustainable development in Caribbean SIDS. Policy Brief",ambito_aplicacion,"Caribbean SIDS y la subregión del Caribe, con referencias a Jamaica, Barbados, Grenada, Trinidad y Tobago, Guyana, Saint Kitts and Nevis, Saint Lucia, Belize y Dominica, y a instituciones regionales como CARICOM, CCREEE, UWI, CaribNOG y la Caribbean Development Bank.",subregional:Subregional,True,,,pendiente
https://hdl.handle.net/11362/85930,"Repositioning science, technology and innovation for sustainable development in Caribbean SIDS. Policy Brief",paises,"Caribbean SIDS y la subregión del Caribe, con referencias a Jamaica, Barbados, Grenada, Trinidad y Tobago, Guyana, Saint Kitts and Nevis, Saint Lucia, Belize y Dominica, y a instituciones regionales como CARICOM, CCREEE, UWI, CaribNOG y la Caribbean Development Bank.",barbados:Barbados | belice:Belice | dominica:Dominica | granada:Granada | guyana:Guyana | jamaica:Jamaica | san_cristobal_nieves:Saint Kitts y Nevis | santa_lucia:Santa Lucía,False,,,pendiente
https://hdl.handle.net/11362/85930,"Repositioning science, technology and innovation for sustainable development in Caribbean SIDS. Policy Brief",subregiones,"Caribbean SIDS y la subregión del Caribe, con referencias a Jamaica, Barbados, Grenada, Trinidad y Tobago, Guyana, Saint Kitts and Nevis, Saint Lucia, Belize y Dominica, y a instituciones regionales como CARICOM, CCREEE, UWI, CaribNOG y la Caribbean Development Bank.",caribe:Caribe,False,,,pendiente
https://hdl.handle.net/11362/85930,"Repositioning science, technology and innovation for sustainable development in Caribbean SIDS. Policy Brief",sectores,"Ciencia, tecnología e innovación, energías renovables y eficiencia energética, economía azul y tecnología limpia, agri-tech, infraestructura digital y datos, gestión del riesgo de desastres, soluciones basadas en naturaleza, educación STEM, capital humano y gobernanza.",energia:Energía,False,,,pendiente
https://hdl.handle.net/11362/85930,"Repositioning science, technology and innovation for sustainable development in Caribbean SIDS. Policy Brief",organizaciones,"República de Corea y Estados Unidos como economías líderes en I+D; organismos internacionales como IFRC, The Nature Conservancy, PNUD, UNESCO, Internet Society y el Green Climate Fund; marcos como NDCs, NAPs y la Agenda 2030.",,True,,,pendiente
https://hdl.handle.net/11362/86527,"La economía del cambio climático en América Latina y el Caribe, 2025: la acción climática para superar las trampas del desarrollo",autoria,Comisión Económica para América Latina y el Caribe (CEPAL),Comisión Económica para América Latina | el Caribe (CEPAL),False,,,pendiente
https://hdl.handle.net/11362/86527,"La economía del cambio climático en América Latina y el Caribe, 2025: la acción climática para superar las trampas del desarrollo",tipo_documento,Informe regional de análisis y políticas climáticas,informe:Informe,False,,,pendiente
https://hdl.handle.net/11362/86527,"La economía del cambio climático en América Latina y el Caribe, 2025: la acción climática para superar las trampas del desarrollo",ambito_aplicacion,"América Latina y el Caribe en conjunto, con desagregaciones por países, subregiones y sectores económicos; el análisis de biodiversidad usa 18 economías y el de planes económicos compara 25 países.",regional:Regional | subregional:Subregional,True,,,pendiente
https://hdl.handle.net/11362/86527,"La economía del cambio climático en América Latina y el Caribe, 2025: la acción climática para superar las trampas del desarrollo",paises,"América Latina y el Caribe en conjunto, con desagregaciones por países, subregiones y sectores económicos; el análisis de biodiversidad usa 18 economías y el de planes económicos compara 25 países.",,True,,,pendiente
https://hdl.handle.net/11362/86527,"La economía del cambio climático en América Latina y el Caribe, 2025: la acción climática para superar las trampas del desarrollo",subregiones,"América Latina y el Caribe en conjunto, con desagregaciones por países, subregiones y sectores económicos; el análisis de biodiversidad usa 18 economías y el de planes económicos compara 25 países.",alc:América Latina y el Caribe | caribe:Caribe,False,,,pendiente
https://hdl.handle.net/11362/86527,"La economía del cambio climático en América Latina y el Caribe, 2025: la acción climática para superar las trampas del desarrollo",sectores,"Emisiones y energía; agricultura, alimentos, transporte, industria y edificios; fiscalidad, precio del carbono, subsidios, financiamiento, innovación, taxonomías, biodiversidad y servicios ecosistémicos.",agricultura:Agricultura | energia:Energía | transporte:Transporte | industria:Industria | finanzas:Finanzas y financiamiento | ecosistemas:Ecosistemas y biodiversidad,False,,,pendiente
https://hdl.handle.net/11362/86527,"La economía del cambio climático en América Latina y el Caribe, 2025: la acción climática para superar las trampas del desarrollo",organizaciones,"Acuerdo de París, IPCC, CMNUCC, Unión Europea, OCDE, FMI, bancos multilaterales y otras instituciones internacionales citadas como marcos, fuentes o referencias comparativas.",ipcc:IPCC | ocde:OCDE,False,,,pendiente
https://hdl.handle.net/11362/89774,Agenda 2030 en América Latina y el Caribe: ¿cómo acelerar el paso hacia su cumplimiento en la nueva era de incertidumbre y fragmentación geopolítica?,autoria,,,False,,,pendiente
https://hdl.handle.net/11362/89774,Agenda 2030 en América Latina y el Caribe: ¿cómo acelerar el paso hacia su cumplimiento en la nueva era de incertidumbre y fragmentación geopolítica?,tipo_documento,Informe insignia de seguimiento regional de la Agenda 2030,informe_insignia_panorama:Informe insignia o Panorama,False,,,pendiente
https://hdl.handle.net/11362/89774,Agenda 2030 en América Latina y el Caribe: ¿cómo acelerar el paso hacia su cumplimiento en la nueva era de incertidumbre y fragmentación geopolítica?,ambito_aplicacion,"América Latina y el Caribe, con desagregación para América del Sur, Centroamérica y México, y el Caribe; el análisis se concentra en los ODS 6, 7, 9, 11 y 17.",regional:Regional | subregional:Subregional,True,,,pendiente
https://hdl.handle.net/11362/89774,Agenda 2030 en América Latina y el Caribe: ¿cómo acelerar el paso hacia su cumplimiento en la nueva era de incertidumbre y fragmentación geopolítica?,paises,"América Latina y el Caribe, con desagregación para América del Sur, Centroamérica y México, y el Caribe; el análisis se concentra en los ODS 6, 7, 9, 11 y 17.",mexico:México,False,,,pendiente
https://hdl.handle.net/11362/89774,Agenda 2030 en América Latina y el Caribe: ¿cómo acelerar el paso hacia su cumplimiento en la nueva era de incertidumbre y fragmentación geopolítica?,subregiones,"América Latina y el Caribe, con desagregación para América del Sur, Centroamérica y México, y el Caribe; el análisis se concentra en los ODS 6, 7, 9, 11 y 17.",alc:América Latina y el Caribe | centroamerica:Centroamérica | caribe:Caribe,False,,,pendiente
https://hdl.handle.net/11362/89774,Agenda 2030 en América Latina y el Caribe: ¿cómo acelerar el paso hacia su cumplimiento en la nueva era de incertidumbre y fragmentación geopolítica?,sectores,"Desarrollo económico, protección social, ambiente, agua y saneamiento, energía, infraestructura, industria, innovación, ciudades, financiamiento, comercio, datos y cooperación.",agua:Agua y recursos hídricos | energia:Energía | ciudades_vivienda:Ciudades y vivienda | industria:Industria | comercio:Comercio | finanzas:Finanzas y financiamiento | proteccion_social:Protección social,False,,,pendiente
https://hdl.handle.net/11362/89774,Agenda 2030 en América Latina y el Caribe: ¿cómo acelerar el paso hacia su cumplimiento en la nueva era de incertidumbre y fragmentación geopolítica?,organizaciones,"Sistema de las Naciones Unidas, CEPAL, Estados Unidos, Unión Europea, OCDE, instituciones financieras multilaterales y organismos regionales de cooperación.",cepal:CEPAL | naciones_unidas:Naciones Unidas | ocde:OCDE,False,,,pendiente
https://hdl.handle.net/11362/89932,"Informe de la Secretaría sobre registros de emisiones y transferencias de contaminantes en América Latina y el Caribe: Estado actual, buenas prácticas y recomendaciones",autoria,,,False,,,pendiente
https://hdl.handle.net/11362/89932,"Informe de la Secretaría sobre registros de emisiones y transferencias de contaminantes en América Latina y el Caribe: Estado actual, buenas prácticas y recomendaciones",tipo_documento,"Informe técnico institucional de diagnóstico regional, buenas prácticas y recomendaciones",estudio_tecnico:Estudio técnico,False,,,pendiente
https://hdl.handle.net/11362/89932,"Informe de la Secretaría sobre registros de emisiones y transferencias de contaminantes en América Latina y el Caribe: Estado actual, buenas prácticas y recomendaciones",ambito_aplicacion,"América Latina y el Caribe, con cobertura regional de los 33 países y análisis nacional comparado de Chile, México, Colombia, Ecuador, Antigua y Barbuda, Argentina, Brasil, Costa Rica, Uruguay, Belice, Perú, Honduras, Jamaica, San Cristóbal y Nieves, Bahamas, Cuba, Trinidad y Tobago, Barbados, Guyana y Panamá.",regional:Regional | subregional:Subregional,True,,,pendiente
https://hdl.handle.net/11362/89932,"Informe de la Secretaría sobre registros de emisiones y transferencias de contaminantes en América Latina y el Caribe: Estado actual, buenas prácticas y recomendaciones",paises,"América Latina y el Caribe, con cobertura regional de los 33 países y análisis nacional comparado de Chile, México, Colombia, Ecuador, Antigua y Barbuda, Argentina, Brasil, Costa Rica, Uruguay, Belice, Perú, Honduras, Jamaica, San Cristóbal y Nieves, Bahamas, Cuba, Trinidad y Tobago, Barbados, Guyana y Panamá.",antigua_barbuda:Antigua y Barbuda | argentina:Argentina | bahamas:Bahamas | barbados:Barbados | belice:Belice | brasil:Brasil | chile:Chile | colombia:Colombia | costa_rica:Costa Rica | cuba:Cuba | ecuador:Ecuador | guyana:Guyana | honduras:Honduras | jamaica:Jamaica | mexico:México | panama:Panamá | peru:Perú | uruguay:Uruguay,False,,,pendiente
https://hdl.handle.net/11362/89932,"Informe de la Secretaría sobre registros de emisiones y transferencias de contaminantes en América Latina y el Caribe: Estado actual, buenas prácticas y recomendaciones",subregiones,"América Latina y el Caribe, con cobertura regional de los 33 países y análisis nacional comparado de Chile, México, Colombia, Ecuador, Antigua y Barbuda, Argentina, Brasil, Costa Rica, Uruguay, Belice, Perú, Honduras, Jamaica, San Cristóbal y Nieves, Bahamas, Cuba, Trinidad y Tobago, Barbados, Guyana y Panamá.",alc:América Latina y el Caribe | caribe:Caribe,False,,,pendiente
https://hdl.handle.net/11362/89932,"Informe de la Secretaría sobre registros de emisiones y transferencias de contaminantes en América Latina y el Caribe: Estado actual, buenas prácticas y recomendaciones",sectores,"Registros públicos de emisiones y transferencias de contaminantes para aire, agua, suelo y subsuelo, residuos y fuentes puntuales o difusas; gobernanza ambiental, transparencia, acceso a la información, participación pública, reporte, validación, fiscalización y uso de datos.",agua:Agua y recursos hídricos,False,,,pendiente
https://hdl.handle.net/11362/89932,"Informe de la Secretaría sobre registros de emisiones y transferencias de contaminantes en América Latina y el Caribe: Estado actual, buenas prácticas y recomendaciones",organizaciones,"Acuerdo de Escazú, Protocolo de Kiev, OCDE y otros acuerdos multilaterales sobre sustancias químicas, residuos y cambio climático; además, Canadá, Estados Unidos, la Unión Europea, Japón, España, Moldavia, Israel, Serbia y los Balcanes Occidentales como experiencias de referencia.",ocde:OCDE,False,,,pendiente
https://hdl.handle.net/11362/89934,"Road map for the implementation in Belize of the Regional Agreement on Access to Information, Public Participation and Justice in Environmental Matters in Latin America and the Caribbean",autoria,Government of Belize and Economic Commission for Latin America and the Caribbean,Government of Belize and Economic Commission for Latin America and the Caribbean,False,,,pendiente
https://hdl.handle.net/11362/89934,"Road map for the implementation in Belize of the Regional Agreement on Access to Information, Public Participation and Justice in Environmental Matters in Latin America and the Caribbean",tipo_documento,Road map / implementation plan,,True,,,pendiente
https://hdl.handle.net/11362/89934,"Road map for the implementation in Belize of the Regional Agreement on Access to Information, Public Participation and Justice in Environmental Matters in Latin America and the Caribbean",ambito_aplicacion,"Belize, con cooperación prevista para los Estados Parte del Caribe y de América Latina y el Caribe",regional:Regional | subregional:Subregional,True,,,pendiente
https://hdl.handle.net/11362/89934,"Road map for the implementation in Belize of the Regional Agreement on Access to Information, Public Participation and Justice in Environmental Matters in Latin America and the Caribbean",paises,"Belize, con cooperación prevista para los Estados Parte del Caribe y de América Latina y el Caribe",belice:Belice,False,,,pendiente
https://hdl.handle.net/11362/89934,"Road map for the implementation in Belize of the Regional Agreement on Access to Information, Public Participation and Justice in Environmental Matters in Latin America and the Caribbean",subregiones,"Belize, con cooperación prevista para los Estados Parte del Caribe y de América Latina y el Caribe",alc:América Latina y el Caribe | caribe:Caribe,False,,,pendiente
https://hdl.handle.net/11362/89934,"Road map for the implementation in Belize of the Regional Agreement on Access to Information, Public Participation and Justice in Environmental Matters in Latin America and the Caribbean",sectores,"Gobernanza ambiental, información ambiental, participación pública, justicia ambiental, defensores de derechos humanos y fortalecimiento de capacidades",,True,,,pendiente
https://hdl.handle.net/11362/89934,"Road map for the implementation in Belize of the Regional Agreement on Access to Information, Public Participation and Justice in Environmental Matters in Latin America and the Caribbean",organizaciones,"Acuerdo de Escazú; ECLAC; OECD; Naciones Unidas; Saint Lucia, Argentina y Ecuador; CARICOM, Caribbean Court of Justice y University of the West Indies",naciones_unidas:Naciones Unidas | ocde:OCDE,False,,,pendiente
https://hdl.handle.net/11362/90001,El mundo del trabajo frente a las transformaciones ambientales: desafíos para la inclusión laboral,autoria,Valentina Cortínez O’Ryan y Felipe Livert,Valentina Cortínez O’Ryan | Felipe Livert,False,,,pendiente
https://hdl.handle.net/11362/90001,El mundo del trabajo frente a las transformaciones ambientales: desafíos para la inclusión laboral,tipo_documento,Documento de proyecto o estudio técnico,estudio_tecnico:Estudio técnico,False,,,pendiente
https://hdl.handle.net/11362/90001,El mundo del trabajo frente a las transformaciones ambientales: desafíos para la inclusión laboral,ambito_aplicacion,"América Latina y el Caribe, con desagregación en Caribe, Centroamérica y América del Sur; se revisan experiencias nacionales de Argentina, Brasil, Chile, Colombia, Costa Rica, Ecuador, Guyana, Guatemala, Honduras, México, Paraguay, Perú y Uruguay.",regional:Regional | subregional:Subregional,True,,,pendiente
https://hdl.handle.net/11362/90001,El mundo del trabajo frente a las transformaciones ambientales: desafíos para la inclusión laboral,paises,"América Latina y el Caribe, con desagregación en Caribe, Centroamérica y América del Sur; se revisan experiencias nacionales de Argentina, Brasil, Chile, Colombia, Costa Rica, Ecuador, Guyana, Guatemala, Honduras, México, Paraguay, Perú y Uruguay.",argentina:Argentina | brasil:Brasil | chile:Chile | colombia:Colombia | costa_rica:Costa Rica | ecuador:Ecuador | guatemala:Guatemala | guyana:Guyana | honduras:Honduras | mexico:México | paraguay:Paraguay | peru:Perú | uruguay:Uruguay,False,,,pendiente
https://hdl.handle.net/11362/90001,El mundo del trabajo frente a las transformaciones ambientales: desafíos para la inclusión laboral,subregiones,"América Latina y el Caribe, con desagregación en Caribe, Centroamérica y América del Sur; se revisan experiencias nacionales de Argentina, Brasil, Chile, Colombia, Costa Rica, Ecuador, Guyana, Guatemala, Honduras, México, Paraguay, Perú y Uruguay.",alc:América Latina y el Caribe | centroamerica:Centroamérica | caribe:Caribe,False,,,pendiente
https://hdl.handle.net/11362/90001,El mundo del trabajo frente a las transformaciones ambientales: desafíos para la inclusión laboral,sectores,"Mercados laborales, empleo, salarios, productividad, protección social, formación e intermediación laboral; agricultura, turismo, construcción, industria, transporte, energía, residuos, agua y biodiversidad.",agricultura:Agricultura | agua:Agua y recursos hídricos | energia:Energía | transporte:Transporte | industria:Industria | ecosistemas:Ecosistemas y biodiversidad | empleo:Empleo | proteccion_social:Protección social,False,,,pendiente
https://hdl.handle.net/11362/90001,El mundo del trabajo frente a las transformaciones ambientales: desafíos para la inclusión laboral,organizaciones,"OIT, BID, IPCC, CEPAL, Unión Europea/EUROSOCIAL, PNUD, Banco Mundial, UNDRR y experiencias de Estados Unidos, Australia, Filipinas, Vanuatu, Fiji, Mozambique y Pakistán.",cepal:CEPAL | bid:BID | ipcc:IPCC | banco_mundial:Banco Mundial,False,,,pendiente
